AhAs3s2s,1,467750
AdAs3s2s,0.985,467744
AcAs3s2s,0.985,467744
Ah4h3s2s,0.1938,-94940
Ah5h3s2s,0.61,-100647
AhTh3s2s,1,-100788
AdTd3s2s,0.565,-102886
AdJd3s2s,0.03,-108435
AcTc3s2s,0.565,-102886
AcJc3s2s,0.03,-108435
Ah3h4s2s,0.0008,69136
5h4h4s2s,1,-121438
6h5h4s2s,0.7326,-100703
Ah5h4s2s,1,-113399
AhTh4s2s,1,-110647
AhJh4s2s,1,-120793
Ad3d4s2s,0.05,-103203
5d4d4s2s,1,-113050
6d5d4s2s,0.2822,-100229
Ad5d4s2s,1,-110666
AdTd4s2s,0.395,-110332
Ac3c4s2s,0.05,-103203
5c4c4s2s,1,-113050
Ac5c4s2s,1,-110666
AcTc4s2s,0.395,-110332
AhAs5s2s,0.75,467744
AdAs5s2s,1,467748
AcAs5s2s,1,467748
Ah3h5s2s,0.435,-119090
5h4h5s2s,0.8514,-125831
6h4h5s2s,0.43,-109695
Ah4h5s2s,1,-117110
6h5h5s2s,1,-109090
Ah5h5s2s,0.115,-117740
8h6h5s2s,1,-104183
Ah7h5s2s,0.0086,-130573
AhTh5s2s,0.23,-105583
AhJh5s2s,0.365,-126602
Ad3d5s2s,1,-114766
5d4d5s2s,0.99,-120270
6d4d5s2s,0.765,-103502
Ad4d5s2s,1,-116040
6d5d5s2s,1,-99887
8d6d5s2s,1,-92761
Ac3c5s2s,1,-114766
5c4c5s2s,0.99,-120270
Ac4c5s2s,1,-116040
8h5h6s2s,1,-85126
8d5d6s2s,0.88,-86991
8c5c6s2s,0.88,-86991
6h5h7s2s,0.0012,40777
Ah5h7s2s,1,-112486
Ah7h7s2s,1,-103880
Ah8h7s2s,1,-101295
Ah9h7s2s,1,-106826
AhTh7s2s,1,-111343
AhJh7s2s,1,-118684
Ad8d7s2s,0.003,-124883
Ad9d7s2s,0.615,-111208
AdTd7s2s,1,-113833
Ac7c7s2s,0.62,-98267
Ac8c7s2s,0.003,-124883
Ac9c7s2s,0.615,-111208
AcTc7s2s,1,-113833
JhJs9s2s,0.97,-64624
JdJs9s2s,0.97,-64428
JcJs9s2s,0.97,-64428
TdAs9s2s,0.0087,0
TcAs9s2s,0.0087,0
Ah5h9s2s,1,-119544
9h7h9s2s,0.0216,-96639
Ah7h9s2s,1,-110958
9h8h9s2s,1,-107144
Th8h9s2s,1,-112876
Ah8h9s2s,1,-112747
Th9h9s2s,0.785,-118431
Ah9h9s2s,1,-109499
AhTh9s2s,1,-119912
TdTh9s2s,0.002,-127692
TcTh9s2s,0.002,-127692
Ad5d9s2s,1,-115283
9d8d9s2s,1,-106907
Td8d9s2s,1,-116003
Jd8d9s2s,0.138,-123280
Ad8d9s2s,1,-105280
Ad9d9s2s,1,-109132
AdTd9s2s,1,-120040
Ac5c9s2s,1,-115283
9c7c9s2s,0.0081,-131978
Ac7c9s2s,1,-114904
9c8c9s2s,1,-106907
Tc8c9s2s,1,-116003
Jc8c9s2s,0.138,-123280
Ac8c9s2s,1,-105280
Ac9c9s2s,1,-109132
AcTc9s2s,1,-120040
Ah3hTs2s,1,-98898
Ah4hTs2s,0.565,-99131
Ah5hTs2s,1,-102324
Ah7hTs2s,1,-92686
9h8hTs2s,1,-89436
Th8hTs2s,1,-105063
Qh8hTs2s,0.985,-114826
Ah8hTs2s,1,-86039
Th9hTs2s,0.405,-102323
Ah9hTs2s,1,-97025
Ad4dTs2s,0.91,-97412
Ad5dTs2s,1,-100140
9d8dTs2s,1,-88327
Td8dTs2s,1,-98839
Qd8dTs2s,0.64,-115703
Ad8dTs2s,1,-89636
Ad9dTs2s,1,-95360
Ac4cTs2s,0.91,-97412
Ac5cTs2s,1,-100140
Ac7cTs2s,1,-93675
9c8cTs2s,1,-88327
Tc8cTs2s,1,-98839
Qc8cTs2s,0.64,-115703
Ac8cTs2s,1,-89636
Ac9cTs2s,1,-95360
Jh3hJs2s,1,-71135
Ah3hJs2s,1,-50709
Jh4hJs2s,1,-81154
Qh4hJs2s,0.95,-79120
Ah4hJs2s,0.995,-51681
Jh5hJs2s,1,-79847
Qh5hJs2s,0.93,-77278
Ah5hJs2s,0.42,-55283
Jh7hJs2s,1,-72268
Ah7hJs2s,1,-48600
9h8hJs2s,0.87,-38620
Jh8hJs2s,1,-74675
Qh8hJs2s,0.8673,-70546
Ah8hJs2s,1,-49055
Ah9hJs2s,1,-40475
Jd3dJs2s,1,-76734
Ad3dJs2s,0.62,-46048
Jd4dJs2s,1,-81799
Qd4dJs2s,0.95,-77989
Ad4dJs2s,0.03,-21643
Jd5dJs2s,1,-77971
Qd5dJs2s,0.93,-81935
Ad5dJs2s,1,-52893
9d8dJs2s,0.87,-39085
Jd8dJs2s,1,-74578
Qd8dJs2s,0.98,-78769
Ad8dJs2s,1,-49197
Ad9dJs2s,1,-40889
Jc3cJs2s,1,-76734
Ac3cJs2s,0.62,-46048
Jc4cJs2s,1,-81799
Qc4cJs2s,0.95,-77989
Ac4cJs2s,0.03,-21643
Jc5cJs2s,1,-77971
Qc5cJs2s,0.93,-81935
Ac5cJs2s,1,-52893
Jc7cJs2s,1,-67083
Ac7cJs2s,1,-43108
9c8cJs2s,0.87,-39085
Jc8cJs2s,1,-74578
Qc8cJs2s,0.98,-78769
Ac8cJs2s,1,-49197
Ac9cJs2s,1,-40889
4h3hAs2s,0.97,467761
5h3hAs2s,1,467748
7h4hAs2s,0.54,467754
8h4hAs2s,1,467746
7h5hAs2s,1,467758
8h5hAs2s,1,467755
9h5hAs2s,1,467742
8h7hAs2s,1,467761
9h7hAs2s,1,467728
9h8hAs2s,1,467743
Th8hAs2s,0.605,467773
Td8hAs2s,0.885,467761
Tc8hAs2s,0.885,467761
Th9hAs2s,0.91,467750
Jh9hAs2s,0.56,467752
9d9hAs2s,1,467753
Td9hAs2s,0.215,467724
9c9hAs2s,1,467753
Tc9hAs2s,0.215,467724
AdAhAs2s,0.505,467744
AcAhAs2s,0.505,467744
4d3dAs2s,0.97,467756
5d3dAs2s,0.29,467739
5d4dAs2s,0.515,467764
8d4dAs2s,1,467750
8d5dAs2s,1,467757
9d5dAs2s,1,467752
9d8dAs2s,1,467762
9c9dAs2s,1,467765
AcAdAs2s,1,467744
4c3cAs2s,0.97,467756
5c3cAs2s,0.29,467739
5c4cAs2s,0.515,467764
7c4cAs2s,0.54,467775
8c4cAs2s,1,467750
7c5cAs2s,1,467750
8c5cAs2s,1,467757
9c5cAs2s,1,467752
8c7cAs2s,1,467735
9c7cAs2s,1,467748
9c8cAs2s,1,467762
AdKh8h2s,0.447,-125370
AcKh8h2s,0.447,-125370
8dAhKh2s,0.285,-127107
8cAhKh2s,0.285,-127107
KhAs4s3s,0.48,467774
AhAs4s3s,1,467779
KdAs4s3s,1,467759
AdAs4s3s,1,467757
KcAs4s3s,1,467759
AcAs4s3s,1,467757
4h3h4s3s,1,-120540
5h3h4s3s,0.174,-125898
Qh3h4s3s,0.0038,-139822
4d3h4s3s,1,-122692
4c3h4s3s,1,-122692
5h4h4s3s,1,-114925
Kh4h4s3s,0.25,-121786
Ah4h4s3s,1,-120812
3d4h4s3s,0.515,-119542
3c4h4s3s,0.515,-119542
Kh5h4s3s,1,-118038
AhTh4s3s,1,-113714
AhJh4s3s,1,-122062
Ad2d4s3s,0.97,-119500
4d3d4s3s,1,-119036
4c3d4s3s,1,-119036
5d4d4s3s,1,-119646
3c4d4s3s,1,-119036
Ad9d4s3s,1,-113485
AdTd4s3s,1,-114498
AdJd4s3s,0.181,-126950
Ac2c4s3s,0.97,-119500
4c3c4s3s,1,-119036
5c4c4s3s,1,-119646
Ac9c4s3s,1,-113485
AcTc4s3s,1,-114498
AcJc4s3s,0.181,-126950
AhAs5s3s,0.365,467769
QdAs5s3s,1,467757
KdAs5s3s,1,467745
AdAs5s3s,0.425,467762
QcAs5s3s,1,467757
KcAs5s3s,1,467745
AcAs5s3s,0.425,467762
4h3h5s3s,0.425,-127084
5h3h5s3s,1,-122938
Kh3h5s3s,0.09,-127107
5h4h5s3s,0.515,-126326
6h5h5s3s,1,-113566
7h5h5s3s,0.3867,-125846
Ah5h5s3s,1,-121256
3d5h5s3s,0.01,-127449
3c5h5s3s,0.01,-127449
Kh7h5s3s,1,-124564
Kh9h5s3s,0.0484,-119391
AhTh5s3s,1,-121732
Ad2d5s3s,0.655,-125682
5d4d5s3s,1,-125162
Ad5d5s3s,0.955,-121454
AdTd5s3s,0.49,-126251
Ac2c5s3s,0.655,-125682
5c4c5s3s,1,-125162
Ac5c5s3s,0.955,-121454
8c7c5s3s,1,-114949
9c7c5s3s,1,-115215
AcTc5s3s,0.49,-126251
4h3h6s3s,0.32,-94998
KhAs7s3s,0.145,467750
AhAs7s3s,1,467747
AdAs7s3s,1,467756
AcAs7s3s,1,467756
5h3h7s3s,1,-120529
7h3h7s3s,1,-118327
7c3h7s3s,1,-114431
7h4h7s3s,1,-118616
7h5h7s3s,1,-116265
Kh5h7s3s,1,-116836
3d7h7s3s,1,-113972
3c7h7s3s,1,-113972
Th9h7s3s,0.1749,-116027
JhTh7s3s,1,-123565
AhTh7s3s,1,-115049
AhJh7s3s,0.3977,-126531
7c3d7s3s,1,-117157
8d5d7s3s,0.9,-112651
9d5d7s3s,1,-114697
Kd5d7s3s,1,-122327
7c3c7s3s,1,-117157
8c5c7s3s,0.9,-112651
9c5c7s3s,1,-114697
Kc5c7s3s,1,-122327
TdTs9s3s,0.05,-85110
TcTs9s3s,0.05,-85110
JdJs9s3s,1,-69194
JcJs9s3s,1,-69194
ThAs9s3s,1,467745
KhAs9s3s,0.96,467742
AhAs9s3s,1,467762
TdAs9s3s,1,467743
AdAs9s3s,1,467751
TcAs9s3s,1,467743
AcAs9s3s,1,467751
9h3h9s3s,0.805,-124659
Th3h9s3s,0.0096,-110763
Ah3h9s3s,1,-118057
9d3h9s3s,1,-120013
9c3h9s3s,1,-120013
7h5h9s3s,0.585,-116300
9h5h9s3s,1,-117862
Qh5h9s3s,0.0006,-141472
Kh5h9s3s,0.004,-128776
Ah6h9s3s,0.0144,-126697
9h7h9s3s,1,-118399
Th7h9s3s,1,-123576
Kh7h9s3s,0.56,-125791
9h8h9s3s,1,-116917
Th8h9s3s,1,-121405
Jh8h9s3s,0.285,-127619
Qh8h9s3s,0.1,-118099
Th9h9s3s,1,-119956
Kh9h9s3s,1,-120293
Ah9h9s3s,1,-114228
3d9h9s3s,1,-121041
3c9h9s3s,1,-121041
AhTh9s3s,1,-122195
9d3d9s3s,1,-121796
Ad3d9s3s,1,-120136
9c3d9s3s,1,-121796
9d8d9s3s,1,-113708
Td8d9s3s,1,-124640
Td9d9s3s,1,-123626
Ad9d9s3s,0.415,-113080
3c9d9s3s,1,-121796
AcAd9s3s,0.815,-121618
9c3c9s3s,1,-121796
Ac3c9s3s,1,-120136
9c7c9s3s,1,-107727
Tc7c9s3s,1,-123148
9c8c9s3s,1,-113708
Tc8c9s3s,1,-124640
Tc9c9s3s,1,-123626
Ac9c9s3s,0.415,-113080
ThJsTs3s,0.05,-888
9hAsTs3s,1,467762
9dAsTs3s,1,467767
9cAsTs3s,1,467767
Th3hTs3s,1,-114543
Qh3hTs3s,0.54,-125922
Kh3hTs3s,1,-111971
Ah3hTs3s,1,-101251
Td3hTs3s,1,-114327
Tc3hTs3s,1,-114327
Th4hTs3s,0.58,-118975
Qh4hTs3s,0.99,-123484
Kh4hTs3s,1,-107613
Ah4hTs3s,1,-102895
Th5hTs3s,0.875,-104980
Qh5hTs3s,1,-122141
Kh5hTs3s,1,-118487
Ah5hTs3s,1,-100641
9h6hTs3s,0.505,-92537
9h7hTs3s,1,-100169
Th7hTs3s,1,-108054
Jh7hTs3s,1,-118895
Kh7hTs3s,1,-114528
Ah7hTs3s,1,-102449
9h8hTs3s,1,-97731
Th8hTs3s,1,-100840
Jh8hTs3s,1,-114009
Qh8hTs3s,1,-120919
Kh8hTs3s,1,-108266
Ah8hTs3s,1,-101017
Th9hTs3s,1,-108709
Ah9hTs3s,1,-102685
Td9hTs3s,1,-113252
Tc9hTs3s,1,-113252
QhThTs3s,1,-125391
KhThTs3s,1,-112685
AhThTs3s,1,-103732
3dThTs3s,1,-112349
9dThTs3s,1,-106435
AdThTs3s,1,-105654
3cThTs3s,1,-112349
9cThTs3s,1,-106435
AcThTs3s,1,-105654
TdAhTs3s,1,-107013
TcAhTs3s,1,-107013
Ad2dTs3s,1,-106346
Td3dTs3s,1,-113095
Ad3dTs3s,1,-102880
Tc3dTs3s,1,-113095
Kd4dTs3s,1,-115470
Ad4dTs3s,1,-99781
Kd5dTs3s,1,-112127
Ad5dTs3s,1,-105938
9d6dTs3s,0.605,-77791
9d8dTs3s,0.675,-92683
Jd8dTs3s,1,-107561
Kd8dTs3s,1,-104624
Ad8dTs3s,0.0022,-127308
Td9dTs3s,1,-108091
Ad9dTs3s,0.545,-100799
Tc9dTs3s,1,-108091
QdTdTs3s,0.1222,-126359
AdTdTs3s,1,-106185
3cTdTs3s,1,-113095
9cTdTs3s,1,-108091
QcTdTs3s,0.1222,-126359
AcTdTs3s,1,-106185
TcQdTs3s,0.1222,-126359
TcAdTs3s,1,-106185
Ac2cTs3s,1,-106346
Tc3cTs3s,1,-113095
Ac3cTs3s,1,-102880
Kc4cTs3s,1,-115470
Ac4cTs3s,1,-99781
Kc5cTs3s,1,-112127
Ac5cTs3s,1,-105938
9c7cTs3s,1,-95864
Jc7cTs3s,1,-116038
Kc7cTs3s,0.93,-111730
Ac7cTs3s,0.0055,-118404
9c8cTs3s,0.675,-92683
Jc8cTs3s,1,-107561
Kc8cTs3s,1,-104624
Ac8cTs3s,0.0022,-127308
Tc9cTs3s,1,-108091
Ac9cTs3s,0.545,-100799
QcTcTs3s,0.1222,-126359
AcTcTs3s,1,-106185
Jh3hJs3s,1,-83433
Qh3hJs3s,1,-80803
Kh3hJs3s,1,-65341
Ah3hJs3s,1,-54684
Jd3hJs3s,1,-86317
Jc3hJs3s,1,-86317
Jh4hJs3s,0.3,-86835
Qh4hJs3s,1,-86705
Kh4hJs3s,1,-75981
Ah4hJs3s,1,-64600
7h5hJs3s,0.0061,-104449
9h5hJs3s,0.7,-55056
Jh5hJs3s,0.495,-80692
Qh5hJs3s,1,-86874
Kh5hJs3s,1,-68922
Ah5hJs3s,1,-61970
9h7hJs3s,0.99,-43484
Th7hJs3s,1,-61555
Jh7hJs3s,0.11,-84943
Kh7hJs3s,1,-65302
Ah7hJs3s,1,-53488
9h8hJs3s,1,-48311
Th8hJs3s,1,-60254
Qh8hJs3s,1,-86067
Kh8hJs3s,0.637,-68820
Ah8hJs3s,1,-55016
Jh9hJs3s,1,-74659
Ah9hJs3s,1,-52886
Jd9hJs3s,1,-78246
Jc9hJs3s,1,-78246
QhJhJs3s,1,-102444
KhJhJs3s,1,-96805
AhJhJs3s,1,-78350
3dJhJs3s,1,-83537
9dJhJs3s,1,-76004
QdJhJs3s,1,-108492
AdJhJs3s,1,-84866
3cJhJs3s,1,-83537
9cJhJs3s,1,-76004
QcJhJs3s,1,-108492
AcJhJs3s,1,-84866
JdAhJs3s,1,-77909
JcAhJs3s,1,-77909
Jd2dJs3s,0.64,-98712
Ad2dJs3s,1,-64487
Jd3dJs3s,1,-83419
Qd3dJs3s,1,-91223
Kd3dJs3s,0.36,-77787
Ad3dJs3s,1,-60728
Jc3dJs3s,1,-83419
Qd4dJs3s,1,-84295
Kd4dJs3s,1,-71731
Ad4dJs3s,1,-56539
9d5dJs3s,0.7,-52838
Td5dJs3s,0.24,-61591
Qd5dJs3s,1,-90289
Kd5dJs3s,1,-72615
Ad5dJs3s,1,-60771
9d8dJs3s,1,-49169
Td8dJs3s,0.71,-64212
Kd8dJs3s,0.65,-69555
Ad8dJs3s,0.12,-48452
Jd9dJs3s,1,-77228
Jc9dJs3s,1,-77228
QdJdJs3s,0.55,-109952
KdJdJs3s,1,-99169
AdJdJs3s,1,-80959
3cJdJs3s,1,-83419
9cJdJs3s,1,-77228
QcJdJs3s,0.55,-109952
KcJdJs3s,1,-99169
AcJdJs3s,1,-80959
JcQdJs3s,0.55,-109952
JcKdJs3s,1,-99169
JcAdJs3s,1,-80959
Jc2cJs3s,0.64,-98712
Ac2cJs3s,1,-64487
Jc3cJs3s,1,-83419
Qc3cJs3s,1,-91223
Kc3cJs3s,0.36,-77787
Ac3cJs3s,1,-60728
Qc4cJs3s,1,-84295
Kc4cJs3s,1,-71731
Ac4cJs3s,1,-56539
7c5cJs3s,0.0047,-119175
9c5cJs3s,0.7,-52838
Tc5cJs3s,0.24,-61591
Qc5cJs3s,1,-90289
Kc5cJs3s,1,-72615
Ac5cJs3s,1,-60771
9c7cJs3s,0.99,-46275
Tc7cJs3s,1,-61578
Kc7cJs3s,1,-66258
Ac7cJs3s,0.195,-53140
9c8cJs3s,1,-49169
Tc8cJs3s,0.71,-64212
Kc8cJs3s,0.65,-69555
Ac8cJs3s,0.12,-48452
Jc9cJs3s,1,-77228
QcJcJs3s,0.55,-109952
KcJcJs3s,1,-99169
AcJcJs3s,1,-80959
4h3hAs3s,1,467762
5h3hAs3s,1,467757
7h3hAs3s,1,467732
8h3hAs3s,0.34,467744
9h3hAs3s,1,467751
Th3hAs3s,1,467764
Jh3hAs3s,1,467745
Qh3hAs3s,1,467750
Kh3hAs3s,0.94,467726
4d3hAs3s,1,467752
5d3hAs3s,1,467745
6d3hAs3s,0.0137,0
Td3hAs3s,1,467757
Jd3hAs3s,1,467763
Qd3hAs3s,0.87,467761
4c3hAs3s,1,467752
5c3hAs3s,1,467745
7c3hAs3s,0.0006,0
Tc3hAs3s,1,467757
Jc3hAs3s,1,467763
Qc3hAs3s,0.87,467761
5h4hAs3s,1,467731
6h4hAs3s,1,467753
7h4hAs3s,1,467744
8h4hAs3s,1,467756
9h4hAs3s,0.415,467710
Th4hAs3s,1,467751
Jh4hAs3s,1,467724
Qh4hAs3s,1,467748
3d4hAs3s,1,467734
4d4hAs3s,0.98,467746
5d4hAs3s,1,467743
Td4hAs3s,0.98,467743
Jd4hAs3s,1,467727
Qd4hAs3s,1,467738
3c4hAs3s,1,467734
4c4hAs3s,0.98,467746
5c4hAs3s,1,467743
7c4hAs3s,0.355,467748
Tc4hAs3s,0.98,467743
Jc4hAs3s,1,467727
Qc4hAs3s,1,467738
6h5hAs3s,1,467733
7h5hAs3s,1,467753
8h5hAs3s,1,467758
9h5hAs3s,0.575,467737
Th5hAs3s,1,467758
Jh5hAs3s,1,467745
Qh5hAs3s,1,467756
3d5hAs3s,1,467748
4d5hAs3s,1,467751
5d5hAs3s,1,467751
6d5hAs3s,0.93,467758
Td5hAs3s,1,467744
Jd5hAs3s,1,467750
Qd5hAs3s,1,467754
3c5hAs3s,1,467748
4c5hAs3s,1,467751
5c5hAs3s,1,467751
7c5hAs3s,0.2744,467737
Tc5hAs3s,1,467744
Jc5hAs3s,1,467750
Qc5hAs3s,1,467754
8h7hAs3s,0.83,467771
9h7hAs3s,1,467746
Th7hAs3s,1,467743
Jh7hAs3s,1,467753
Qh7hAs3s,1,467732
4d7hAs3s,0.48,467765
5d7hAs3s,0.0079,0
6d7hAs3s,0.0151,0
9d7hAs3s,0.05,467813
Td7hAs3s,1,467738
Jd7hAs3s,0.93,467749
Qd7hAs3s,1,467746
4c7hAs3s,0.48,467765
5c7hAs3s,0.0079,0
9c7hAs3s,0.05,467813
Tc7hAs3s,1,467738
Jc7hAs3s,0.93,467749
Qc7hAs3s,1,467746
9h8hAs3s,1,467737
Th8hAs3s,1,467760
Jh8hAs3s,1,467760
Qh8hAs3s,1,467746
8d8hAs3s,0.0012,0
9d8hAs3s,0.3191,467763
Td8hAs3s,1,467753
Jd8hAs3s,0.275,467794
Qd8hAs3s,1,467752
8c8hAs3s,0.0012,0
9c8hAs3s,0.3191,467763
Tc8hAs3s,1,467753
Jc8hAs3s,0.275,467794
Qc8hAs3s,1,467752
Th9hAs3s,1,467733
Jh9hAs3s,1,467752
Qh9hAs3s,1,467739
Ah9hAs3s,0.06,467749
8d9hAs3s,0.382,467772
Td9hAs3s,1,467764
Jd9hAs3s,1,467738
Qd9hAs3s,1,467741
8c9hAs3s,0.382,467772
Tc9hAs3s,1,467764
Jc9hAs3s,1,467738
Qc9hAs3s,1,467741
3dThAs3s,1,467747
4dThAs3s,0.98,467762
5dThAs3s,1,467741
8dThAs3s,1,467757
9dThAs3s,1,467750
TdThAs3s,1,467763
3cThAs3s,1,467747
4cThAs3s,0.98,467762
5cThAs3s,1,467741
7cThAs3s,1,467754
8cThAs3s,1,467757
9cThAs3s,1,467750
TcThAs3s,1,467763
3dJhAs3s,1,467767
4dJhAs3s,1,467752
5dJhAs3s,1,467754
8dJhAs3s,0.89,467762
9dJhAs3s,1,467758
JdJhAs3s,1,467743
3cJhAs3s,1,467767
4cJhAs3s,1,467752
5cJhAs3s,1,467754
7cJhAs3s,0.93,467742
8cJhAs3s,0.89,467762
9cJhAs3s,1,467758
JcJhAs3s,1,467743
3dQhAs3s,1,467763
5dQhAs3s,0.57,467774
8dQhAs3s,0.55,467741
9dQhAs3s,0.15,467844
3cQhAs3s,1,467763
5cQhAs3s,0.57,467774
8cQhAs3s,0.55,467741
9cQhAs3s,0.15,467844
9dAhAs3s,0.325,467731
9cAhAs3s,0.325,467731
4d2dAs3s,1,467747
5d2dAs3s,1,467757
4d3dAs3s,1,467745
5d3dAs3s,1,467754
Td3dAs3s,1,467765
Jd3dAs3s,1,467749
Qd3dAs3s,1,467751
4c3dAs3s,1,467745
5c3dAs3s,1,467754
Tc3dAs3s,1,467765
Jc3dAs3s,1,467749
Qc3dAs3s,1,467751
5d4dAs3s,1,467743
6d4dAs3s,1,467744
9d4dAs3s,0.02,467742
Td4dAs3s,1,467749
Jd4dAs3s,1,467753
Qd4dAs3s,1,467751
3c4dAs3s,1,467745
4c4dAs3s,0.98,467748
5c4dAs3s,1,467743
7c4dAs3s,1,467751
Tc4dAs3s,0.98,467749
Jc4dAs3s,1,467753
Qc4dAs3s,1,467751
6d5dAs3s,1,467741
9d5dAs3s,1,467768
Td5dAs3s,1,467739
Jd5dAs3s,1,467742
Qd5dAs3s,1,467744
3c5dAs3s,1,467754
4c5dAs3s,1,467743
5c5dAs3s,1,467741
7c5dAs3s,0.42,467749
9c5dAs3s,0.38,467768
Tc5dAs3s,1,467739
Jc5dAs3s,1,467742
Qc5dAs3s,1,467744
4c6dAs3s,0.59,467744
5c6dAs3s,1,467741
9d8dAs3s,0.5278,467761
Td8dAs3s,1,467758
Jd8dAs3s,1,467754
Qd8dAs3s,1,467751
9c8dAs3s,0.2111,467761
Tc8dAs3s,1,467758
Jc8dAs3s,1,467754
Qc8dAs3s,1,467751
Td9dAs3s,1,467739
Jd9dAs3s,1,467753
Qd9dAs3s,1,467758
5c9dAs3s,0.38,467768
7c9dAs3s,0.22,467757
8c9dAs3s,0.2111,467761
9c9dAs3s,0.265,467657
Tc9dAs3s,1,467739
Jc9dAs3s,1,467753
Qc9dAs3s,1,467758
3cTdAs3s,1,467765
4cTdAs3s,0.98,467749
5cTdAs3s,1,467739
7cTdAs3s,1,467749
8cTdAs3s,1,467758
9cTdAs3s,1,467739
TcTdAs3s,1,467729
3cJdAs3s,1,467749
4cJdAs3s,1,467753
5cJdAs3s,1,467742
7cJdAs3s,0.93,467752
8cJdAs3s,1,467754
9cJdAs3s,1,467753
JcJdAs3s,1,467759
3cQdAs3s,1,467751
4cQdAs3s,1,467751
5cQdAs3s,1,467744
7cQdAs3s,1,467755
8cQdAs3s,1,467751
9cQdAs3s,1,467758
4c2cAs3s,1,467747
5c2cAs3s,1,467757
4c3cAs3s,1,467745
5c3cAs3s,1,467754
Tc3cAs3s,1,467765
Jc3cAs3s,1,467749
Qc3cAs3s,1,467751
5c4cAs3s,1,467743
7c4cAs3s,1,467751
9c4cAs3s,0.02,467742
Tc4cAs3s,1,467749
Jc4cAs3s,1,467753
Qc4cAs3s,1,467751
7c5cAs3s,0.42,467749
9c5cAs3s,1,467768
Tc5cAs3s,1,467739
Jc5cAs3s,1,467742
Qc5cAs3s,1,467744
9c7cAs3s,0.44,467757
Tc7cAs3s,1,467749
Jc7cAs3s,1,467752
Qc7cAs3s,1,467755
9c8cAs3s,0.5278,467761
Tc8cAs3s,1,467758
Jc8cAs3s,1,467754
Qc8cAs3s,1,467751
Tc9cAs3s,1,467739
Jc9cAs3s,1,467753
Qc9cAs3s,1,467758
8d8h3h3s,0.12,-120238
8c8h3h3s,0.12,-120238
8dAh8h3s,1,-122805
8cAh8h3s,1,-122805
Ad8d8h3s,1,-120403
Ac8c8h3s,1,-120403
8cAd8d3s,1,-119927
Ac8c8d3s,1,-119927
JhJs5s4s,0.99,-83874
JdJs5s4s,0.99,-86160
JcJs5s4s,0.99,-86160
4hAs5s4s,1,467713
5hAs5s4s,1,467726
6hAs5s4s,0.385,467771
7hAs5s4s,1,467750
8hAs5s4s,0.0266,0
JhAs5s4s,1,467734
QhAs5s4s,0.34,467801
4dAs5s4s,1,467746
5dAs5s4s,1,467742
8dAs5s4s,0.0926,467750
JdAs5s4s,1,467757
QdAs5s4s,1,467764
4cAs5s4s,1,467746
5cAs5s4s,1,467742
7cAs5s4s,1,467750
8cAs5s4s,0.0926,467750
JcAs5s4s,1,467757
QcAs5s4s,1,467764
6h4h5s4s,1,-122564
7h4h5s4s,0.0052,-125108
6d4h5s4s,0.94,-120274
6h5h5s4s,1,-124209
6d5h5s4s,1,-123263
5d6h5s4s,1,-123145
5c6h5s4s,1,-123145
7c6h5s4s,1,-117620
9h8h5s4s,0.685,-125691
Kh9h5s4s,1,-124944
6d2d5s4s,0.785,-125901
6d4d5s4s,1,-115768
6d5d5s4s,1,-120604
8d6d5s4s,1,-112043
Td6d5s4s,0.77,-119509
Jd6d5s4s,1,-124976
4c6d5s4s,0.94,-115768
5c6d5s4s,1,-120604
7c6d5s4s,1,-109536
8c6d5s4s,1,-112043
9d8d5s4s,0.47,-124171
7cAd5s4s,0.2077,-125738
8c7c5s4s,1,-115896
Ac7c5s4s,0.2077,-125738
9c8c5s4s,0.47,-124171
JhJs6s4s,0.0067,-100830
5hAs6s4s,0.545,467764
7cAs6s4s,0.0224,0
Jh4h6s4s,0.0041,-140975
5d4h6s4s,1,-113095
5c4h6s4s,1,-113095
4d5h6s4s,0.0996,-106202
4c5h6s4s,0.0996,-106202
Th9h6s4s,0.2952,-110859
Ad3d6s4s,0.175,-98453
5d4d6s4s,1,-111190
5c4d6s4s,1,-111190
4c5d6s4s,1,-111190
5c5d6s4s,0.0086,-127959
7c5d6s4s,1,-107235
7c3c6s4s,0.98,-102329
Ac3c6s4s,0.175,-98453
5c4c6s4s,1,-111190
7c5c6s4s,1,-107235
JhJs7s4s,0.95,-74708
JdJs7s4s,0.95,-77297
JcJs7s4s,0.95,-77297
5hAs7s4s,1,467762
ThAs7s4s,0.96,467778
JhAs7s4s,0.52,467765
QhAs7s4s,0.2862,467720
AhAs7s4s,1,467753
5dAs7s4s,1,467747
TdAs7s4s,0.96,467774
JdAs7s4s,0.52,467724
QdAs7s4s,1,467772
AdAs7s4s,1,467755
5cAs7s4s,1,467747
TcAs7s4s,0.96,467774
JcAs7s4s,0.52,467724
QcAs7s4s,1,467772
AcAs7s4s,1,467755
7h3h7s4s,0.275,-128339
7h4h7s4s,1,-122173
8h4h7s4s,1,-118786
Ah4h7s4s,0.98,-125090
7c4h7s4s,1,-121617
7h5h7s4s,0.575,-126127
8h5h7s4s,0.265,-117313
8d5h7s4s,0.0082,-116346
8c5h7s4s,0.0082,-116346
7h6h7s4s,0.305,-105040
8h7h7s4s,0.96,-115959
Ah7h7s4s,0.8,-121079
4d7h7s4s,1,-122586
4c7h7s4s,1,-122586
Kh8h7s4s,1,-122163
AhTh7s4s,1,-121633
Td4d7s4s,0.039,-125690
7c4d7s4s,1,-121456
6d5d7s4s,0.43,-106395
8d5d7s4s,1,-120203
9d5d7s4s,1,-124540
8c5d7s4s,0.01,-120203
5c6d7s4s,0.43,-106395
Kd8d7s4s,0.94,-125140
5c8d7s4s,0.01,-120203
AdTd7s4s,0.205,-123157
7c4c7s4s,1,-121456
Tc4c7s4s,0.039,-125690
8c5c7s4s,1,-120203
9c5c7s4s,1,-124540
Kc8c7s4s,0.94,-125140
AcTc7s4s,0.205,-123157
TdTs9s4s,0.015,-98046
TcTs9s4s,0.015,-98046
JhJs9s4s,1,-89870
JdJs9s4s,1,-82676
JcJs9s4s,1,-82676
ThAs9s4s,1,467740
JhAs9s4s,0.97,467774
QhAs9s4s,0.16,467920
AhAs9s4s,0.92,467750
TdAs9s4s,1,467744
JdAs9s4s,0.97,467740
QdAs9s4s,0.0148,0
AdAs9s4s,1,467759
TcAs9s4s,1,467744
JcAs9s4s,0.97,467740
QcAs9s4s,0.0148,0
AcAs9s4s,1,467759
6h5h9s4s,0.48,-119323
7h5h9s4s,0.31,-121204
9h6h9s4s,0.555,-119738
Th6h9s4s,0.1,-115357
9h7h9s4s,1,-123631
9h8h9s4s,1,-121887
Ah9h9s4s,0.385,-126982
9d4d9s4s,0.865,-125974
9c4d9s4s,0.865,-125974
8d5d9s4s,0.1078,-124713
9d8d9s4s,1,-116996
4c9d9s4s,0.865,-125974
9c4c9s4s,0.865,-125974
8c5c9s4s,0.1078,-124713
9c7c9s4s,0.335,-124793
9c8c9s4s,1,-116996
7hAsTs4s,0.51,467752
8hAsTs4s,1,467744
9hAsTs4s,1,467735
8dAsTs4s,1,467767
9dAsTs4s,1,467760
7cAsTs4s,0.51,467758
8cAsTs4s,1,467767
9cAsTs4s,1,467760
Th3hTs4s,1,-117847
Jh3hTs4s,0.1152,-126700
Kh3hTs4s,1,-121940
Ah3hTs4s,1,-114534
5h4hTs4s,1,-118974
6h4hTs4s,0.1786,-108579
7h4hTs4s,0.0495,-108357
9h4hTs4s,0.47,-116183
Th4hTs4s,1,-120766
Kh4hTs4s,1,-120513
Ah4hTs4s,1,-117552
Td4hTs4s,1,-123075
Tc4hTs4s,1,-123075
7h5hTs4s,1,-115807
Th5hTs4s,1,-121931
Kh5hTs4s,0.445,-118679
Ah5hTs4s,1,-118084
9h6hTs4s,1,-99742
9h7hTs4s,1,-112436
Th7hTs4s,0.215,-104177
Jh7hTs4s,1,-121775
Qh7hTs4s,0.66,-124965
Kh7hTs4s,1,-119000
Ah7hTs4s,1,-108184
9h8hTs4s,0.71,-109028
Th8hTs4s,0.615,-117069
Jh8hTs4s,0.315,-127810
Qh8hTs4s,0.125,-128426
Kh8hTs4s,1,-114847
Ah8hTs4s,1,-106667
Td8hTs4s,0.13,-107445
Ad8hTs4s,0.58,-105849
Tc8hTs4s,0.13,-107445
Ac8hTs4s,0.58,-105849
Th9hTs4s,1,-117107
Ah9hTs4s,1,-112357
Td9hTs4s,1,-121202
Ad9hTs4s,0.279,-112365
Tc9hTs4s,1,-121202
Ac9hTs4s,0.279,-112365
AhThTs4s,1,-118441
4dThTs4s,1,-118349
8dThTs4s,0.0566,-104012
9dThTs4s,1,-116841
AdThTs4s,1,-116765
4cThTs4s,1,-118349
8cThTs4s,0.0566,-104012
9cThTs4s,1,-116841
AcThTs4s,1,-116765
8dAhTs4s,0.4147,-103249
TdAhTs4s,1,-115863
8cAhTs4s,0.4147,-103249
TcAhTs4s,1,-115863
Ad2dTs4s,1,-119501
Td3dTs4s,0.205,-117002
Kd3dTs4s,1,-124102
Ad3dTs4s,1,-116607
5d4dTs4s,1,-120271
6d4dTs4s,0.2209,-97067
8d4dTs4s,0.0011,-13675
9d4dTs4s,0.47,-109846
Td4dTs4s,1,-119804
Ad4dTs4s,1,-112412
Tc4dTs4s,1,-119804
9d5dTs4s,0.0004,-64473
Ad5dTs4s,1,-115215
9d6dTs4s,0.57,-94916
9d8dTs4s,1,-104328
Td8dTs4s,0.37,-113287
Jd8dTs4s,1,-120251
Ad8dTs4s,1,-108005
Tc8dTs4s,0.0481,-113287
Ac8dTs4s,0.58,-108005
Td9dTs4s,1,-117622
Ad9dTs4s,1,-108529
Tc9dTs4s,1,-117622
Ac9dTs4s,0.36,-108529
AdTdTs4s,1,-118994
4cTdTs4s,1,-119804
8cTdTs4s,0.0481,-113287
9cTdTs4s,1,-117622
AcTdTs4s,1,-118994
8cAdTs4s,0.58,-108005
9cAdTs4s,0.36,-108529
TcAdTs4s,1,-118994
Ac2cTs4s,1,-119501
Tc3cTs4s,0.205,-117002
Kc3cTs4s,1,-124102
Ac3cTs4s,1,-116607
5c4cTs4s,1,-120271
7c4cTs4s,0.0219,-124503
8c4cTs4s,0.0011,-13675
9c4cTs4s,0.47,-109846
Tc4cTs4s,1,-119804
Ac4cTs4s,1,-112412
7c5cTs4s,0.43,-118777
9c5cTs4s,0.0004,-64473
Ac5cTs4s,1,-115215
9c7cTs4s,1,-105207
Jc7cTs4s,0.42,-126727
Kc7cTs4s,1,-122682
Ac7cTs4s,0.65,-110166
9c8cTs4s,1,-104328
Tc8cTs4s,0.37,-113287
Jc8cTs4s,1,-120251
Ac8cTs4s,1,-108005
Tc9cTs4s,1,-117622
Ac9cTs4s,1,-108529
AcTcTs4s,1,-118994
4hAsJs4s,0.47,467755
5hAsJs4s,1,467746
8hAsJs4s,0.97,467753
9hAsJs4s,0.59,467750
4dAsJs4s,0.47,467727
5dAsJs4s,1,467744
8dAsJs4s,0.97,467785
9dAsJs4s,0.59,467767
4cAsJs4s,0.47,467727
5cAsJs4s,1,467744
8cAsJs4s,0.97,467785
9cAsJs4s,0.59,467767
Th3hJs4s,0.235,-83287
Jh3hJs4s,0.34,-97151
Qh3hJs4s,1,-97582
Kh3hJs4s,1,-80851
Ah3hJs4s,1,-72686
5h4hJs4s,1,-76774
6h4hJs4s,0.031,-61750
Th4hJs4s,0.45,-83079
Jh4hJs4s,1,-97004
Qh4hJs4s,1,-98619
Kh4hJs4s,1,-85311
Ah4hJs4s,1,-74931
Jd4hJs4s,1,-97511
Jc4hJs4s,1,-97511
6h5hJs4s,1,-58373
7h5hJs4s,0.58,-78970
8h5hJs4s,1,-74057
9h5hJs4s,1,-76111
Qh5hJs4s,1,-95572
Ah5hJs4s,1,-74822
Ad5hJs4s,0.95,-73177
Ac5hJs4s,0.95,-73177
8h7hJs4s,0.7,-65143
9h7hJs4s,0.99,-62767
Th7hJs4s,1,-69813
Jh7hJs4s,1,-92640
Qh7hJs4s,1,-82934
Kh7hJs4s,0.77,-77567
Ah7hJs4s,1,-68097
9h8hJs4s,1,-62821
Th8hJs4s,1,-77285
Jh8hJs4s,1,-99353
Qh8hJs4s,1,-90344
Kh8hJs4s,1,-82760
Ah8hJs4s,1,-74808
Jd8hJs4s,0.002,-129680
Jc8hJs4s,0.002,-129680
Jh9hJs4s,1,-91681
Ah9hJs4s,1,-68692
Jd9hJs4s,1,-93895
Jc9hJs4s,1,-93895
QhJhJs4s,1,-115050
KhJhJs4s,1,-104488
AhJhJs4s,1,-87738
4dJhJs4s,1,-93157
8dJhJs4s,0.49,-92073
9dJhJs4s,1,-84227
AdJhJs4s,1,-93521
4cJhJs4s,1,-93157
8cJhJs4s,0.49,-92073
9cJhJs4s,1,-84227
AcJhJs4s,1,-93521
JdQhJs4s,0.2686,-120769
JcQhJs4s,0.2686,-120769
5dAhJs4s,0.95,-76012
JdAhJs4s,1,-92305
5cAhJs4s,0.95,-76012
JcAhJs4s,1,-92305
Jd2dJs4s,1,-100986
Qd2dJs4s,0.43,-97938
Ad2dJs4s,1,-81685
Kd3dJs4s,1,-82766
Ad3dJs4s,1,-74634
5d4dJs4s,1,-75873
6d4dJs4s,0.0356,-55837
Jd4dJs4s,1,-96070
Qd4dJs4s,1,-96379
Kd4dJs4s,1,-86272
Ad4dJs4s,1,-71345
Jc4dJs4s,1,-96070
9d5dJs4s,1,-66563
Qd5dJs4s,0.92,-101826
Kd5dJs4s,0.215,-90692
Ad5dJs4s,1,-73225
Ac5dJs4s,0.95,-73225
9d8dJs4s,1,-60819
Td8dJs4s,1,-79759
Jd8dJs4s,1,-93458
Kd8dJs4s,1,-83053
Ad8dJs4s,0.74,-70199
Jc8dJs4s,1,-93458
Jd9dJs4s,1,-91431
Jc9dJs4s,1,-91431
QdJdJs4s,1,-121648
KdJdJs4s,0.405,-110267
AdJdJs4s,1,-92996
4cJdJs4s,1,-96070
7cJdJs4s,0.115,-103243
8cJdJs4s,1,-93458
9cJdJs4s,1,-91431
QcJdJs4s,1,-121648
KcJdJs4s,0.405,-110267
AcJdJs4s,1,-92996
JcQdJs4s,1,-121648
JcKdJs4s,0.405,-110267
5cAdJs4s,0.95,-73225
JcAdJs4s,1,-92996
Jc2cJs4s,1,-100986
Qc2cJs4s,0.43,-97938
Ac2cJs4s,1,-81685
Kc3cJs4s,1,-82766
Ac3cJs4s,1,-74634
5c4cJs4s,1,-75873
Jc4cJs4s,1,-96070
Qc4cJs4s,1,-96379
Kc4cJs4s,1,-86272
Ac4cJs4s,1,-71345
7c5cJs4s,0.89,-62418
9c5cJs4s,1,-66563
Qc5cJs4s,0.92,-101826
Kc5cJs4s,0.215,-90692
Ac5cJs4s,1,-73225
9c7cJs4s,0.99,-60453
Tc7cJs4s,1,-71411
Jc7cJs4s,0.115,-103243
Kc7cJs4s,1,-76945
Ac7cJs4s,1,-61361
9c8cJs4s,1,-60819
Tc8cJs4s,1,-79759
Jc8cJs4s,1,-93458
Kc8cJs4s,1,-83053
Ac8cJs4s,0.74,-70199
Jc9cJs4s,1,-91431
QcJcJs4s,1,-121648
KcJcJs4s,0.405,-110267
AcJcJs4s,1,-92996
4h3hAs4s,1,467746
5h3hAs4s,1,467761
6h3hAs4s,0.5445,467757
7h3hAs4s,1,467739
8h3hAs4s,1,467760
9h3hAs4s,0.635,467822
Th3hAs4s,1,467757
Jh3hAs4s,1,467733
Qh3hAs4s,0.995,467762
3d3hAs4s,1,467749
4d3hAs4s,1,467750
5d3hAs4s,1,467752
Td3hAs4s,0.97,467757
Jd3hAs4s,1,467759
Qd3hAs4s,1,467751
3c3hAs4s,1,467749
4c3hAs4s,1,467750
5c3hAs4s,1,467752
Tc3hAs4s,0.97,467757
Jc3hAs4s,1,467759
Qc3hAs4s,1,467751
5h4hAs4s,1,467731
6h4hAs4s,1,467756
7h4hAs4s,1,467761
8h4hAs4s,1,467728
9h4hAs4s,1,467744
Th4hAs4s,1,467719
Jh4hAs4s,1,467746
Qh4hAs4s,1,467744
3d4hAs4s,1,467752
5d4hAs4s,1,467758
6d4hAs4s,1,467757
8d4hAs4s,1,467747
Td4hAs4s,1,467746
Jd4hAs4s,1,467753
Qd4hAs4s,1,467748
3c4hAs4s,1,467752
5c4hAs4s,1,467758
7c4hAs4s,1,467769
8c4hAs4s,1,467747
Tc4hAs4s,1,467746
Jc4hAs4s,1,467753
Qc4hAs4s,1,467748
7h5hAs4s,1,467754
8h5hAs4s,1,467767
9h5hAs4s,1,467755
Th5hAs4s,1,467746
Jh5hAs4s,1,467755
3d5hAs4s,1,467747
4d5hAs4s,1,467741
5d5hAs4s,1,467747
8d5hAs4s,0.1,467817
9d5hAs4s,0.94,467734
Td5hAs4s,1,467755
Jd5hAs4s,1,467757
3c5hAs4s,1,467747
4c5hAs4s,1,467741
5c5hAs4s,1,467747
8c5hAs4s,0.1,467817
9c5hAs4s,0.94,467734
Tc5hAs4s,1,467755
Jc5hAs4s,1,467757
3d6hAs4s,0.0002,0
4d6hAs4s,1,467755
3c6hAs4s,0.0002,0
4c6hAs4s,1,467755
Th7hAs4s,1,467756
Jh7hAs4s,1,467755
Qh7hAs4s,1,467750
3d7hAs4s,0.5364,467765
4d7hAs4s,1,467741
8d7hAs4s,0.27,467754
Td7hAs4s,1,467764
Jd7hAs4s,1,467760
Qd7hAs4s,1,467738
3c7hAs4s,0.5364,467765
4c7hAs4s,1,467741
7c7hAs4s,0.975,467730
8c7hAs4s,0.27,467754
Tc7hAs4s,1,467764
Jc7hAs4s,1,467760
Qc7hAs4s,1,467738
9h8hAs4s,0.0224,467657
Th8hAs4s,1,467760
Jh8hAs4s,1,467752
Qh8hAs4s,1,467766
4d8hAs4s,1,467736
5d8hAs4s,0.26,467774
9d8hAs4s,0.1438,467747
Td8hAs4s,0.76,467774
Jd8hAs4s,0.605,467763
Qd8hAs4s,1,467752
4c8hAs4s,1,467736
5c8hAs4s,0.26,467774
9c8hAs4s,0.1438,467747
Tc8hAs4s,0.76,467774
Jc8hAs4s,0.605,467763
Qc8hAs4s,1,467752
Th9hAs4s,1,467755
Jh9hAs4s,1,467762
Qh9hAs4s,1,467735
8d9hAs4s,0.1724,467746
Td9hAs4s,1,467741
Jd9hAs4s,1,467740
Qd9hAs4s,1,467741
8c9hAs4s,0.1724,467746
Tc9hAs4s,1,467741
Jc9hAs4s,1,467740
Qc9hAs4s,1,467741
3dThAs4s,0.97,467752
4dThAs4s,1,467752
5dThAs4s,1,467745
8dThAs4s,1,467746
9dThAs4s,1,467737
TdThAs4s,1,467746
3cThAs4s,0.97,467752
4cThAs4s,1,467752
5cThAs4s,1,467745
7cThAs4s,1,467739
8cThAs4s,1,467746
9cThAs4s,1,467737
TcThAs4s,1,467746
3dJhAs4s,1,467752
4dJhAs4s,1,467735
5dJhAs4s,1,467750
9dJhAs4s,1,467745
JdJhAs4s,1,467757
3cJhAs4s,1,467752
4cJhAs4s,1,467735
5cJhAs4s,1,467750
7cJhAs4s,1,467735
9cJhAs4s,1,467745
JcJhAs4s,1,467757
4dQhAs4s,1,467749
8dQhAs4s,0.805,467748
9dQhAs4s,1,467756
4cQhAs4s,1,467749
7cQhAs4s,1,467763
8cQhAs4s,0.805,467748
9cQhAs4s,1,467756
9dAhAs4s,0.0259,467759
9cAhAs4s,0.0259,467759
3d2dAs4s,0.68,467755
4d3dAs4s,1,467755
5d3dAs4s,1,467748
6d3dAs4s,1,467730
9d3dAs4s,0.95,467756
Td3dAs4s,1,467750
Jd3dAs4s,1,467747
Qd3dAs4s,1,467762
3c3dAs4s,1,467739
4c3dAs4s,1,467755
5c3dAs4s,1,467748
7c3dAs4s,0.72,467760
Tc3dAs4s,0.97,467750
Jc3dAs4s,1,467747
Qc3dAs4s,1,467762
5d4dAs4s,1,467741
6d4dAs4s,0.98,467755
8d4dAs4s,1,467749
9d4dAs4s,1,467759
Td4dAs4s,1,467750
Jd4dAs4s,1,467748
Qd4dAs4s,1,467744
Kd4dAs4s,0.38,467738
3c4dAs4s,1,467755
5c4dAs4s,1,467741
7c4dAs4s,1,467749
8c4dAs4s,1,467749
Tc4dAs4s,1,467750
Jc4dAs4s,1,467748
Qc4dAs4s,1,467744
Kc4dAs4s,0.38,467738
8d5dAs4s,1,467741
9d5dAs4s,0.71,467747
Td5dAs4s,1,467739
Jd5dAs4s,1,467752
3c5dAs4s,1,467748
4c5dAs4s,1,467741
5c5dAs4s,1,467737
7c5dAs4s,0.69,467755
8c5dAs4s,1,467741
9c5dAs4s,0.71,467747
Tc5dAs4s,1,467739
Jc5dAs4s,1,467752
3c6dAs4s,0.01,467730
4c6dAs4s,0.98,467755
Td8dAs4s,1,467742
Jd8dAs4s,1,467744
Qd8dAs4s,1,467757
4c8dAs4s,1,467749
5c8dAs4s,1,467741
Tc8dAs4s,1,467742
Jc8dAs4s,1,467744
Qc8dAs4s,1,467757
Td9dAs4s,1,467752
Jd9dAs4s,1,467748
Qd9dAs4s,1,467745
5c9dAs4s,0.71,467747
Tc9dAs4s,1,467752
Jc9dAs4s,1,467748
Qc9dAs4s,1,467745
3cTdAs4s,0.97,467750
4cTdAs4s,1,467750
5cTdAs4s,1,467739
7cTdAs4s,1,467765
8cTdAs4s,1,467742
9cTdAs4s,1,467752
TcTdAs4s,1,467750
3cJdAs4s,1,467747
4cJdAs4s,1,467748
5cJdAs4s,1,467752
7cJdAs4s,1,467760
8cJdAs4s,1,467744
9cJdAs4s,1,467748
JcJdAs4s,1,467769
3cQdAs4s,1,467762
4cQdAs4s,1,467744
7cQdAs4s,1,467742
8cQdAs4s,1,467757
9cQdAs4s,1,467745
4cKdAs4s,0.38,467738
3c2cAs4s,0.68,467755
4c3cAs4s,1,467755
5c3cAs4s,1,467748
7c3cAs4s,1,467760
9c3cAs4s,0.95,467756
Tc3cAs4s,1,467750
Jc3cAs4s,1,467747
Qc3cAs4s,1,467762
5c4cAs4s,1,467741
7c4cAs4s,1,467749
8c4cAs4s,1,467749
9c4cAs4s,1,467759
Tc4cAs4s,1,467750
Jc4cAs4s,1,467748
Qc4cAs4s,1,467744
Kc4cAs4s,0.38,467738
7c5cAs4s,0.69,467755
8c5cAs4s,1,467741
9c5cAs4s,0.71,467747
Tc5cAs4s,1,467739
Jc5cAs4s,1,467752
Tc7cAs4s,1,467765
Jc7cAs4s,1,467760
Qc7cAs4s,1,467742
Tc8cAs4s,1,467742
Jc8cAs4s,1,467744
Qc8cAs4s,1,467757
Tc9cAs4s,1,467752
Jc9cAs4s,1,467748
Qc9cAs4s,1,467745
7h7s6s5s,1,-89660
7c7s6s5s,1,-85020
5hAs6s5s,1,467754
5dAs6s5s,1,467760
5cAs6s5s,1,467760
5h3h6s5s,1,-118064
5h4h6s5s,0.72,-116566
5d4h6s5s,1,-125149
5c4h6s5s,1,-125149
7c4h6s5s,1,-113032
7h5h6s5s,0.37,-110623
Th5h6s5s,0.04,-104478
Ah5h6s5s,0.87,-114614
4d5h6s5s,1,-117594
4c5h6s5s,1,-117594
5d7h6s5s,0.3784,-119892
5c7h6s5s,0.3784,-119892
5d2d6s5s,1,-121656
8d2d6s5s,1,-109391
9d3d6s5s,0.185,-113619
5d4d6s5s,0.605,-113044
8d4d6s5s,0.515,-105670
Td4d6s5s,0.65,-119206
5c4d6s5s,0.605,-113044
7c4d6s5s,0.075,-104984
8c4d6s5s,0.515,-105670
4c5d6s5s,0.605,-113044
4c8d6s5s,0.515,-105670
5c2c6s5s,1,-121656
7c2c6s5s,0.0034,-96175
8c2c6s5s,1,-109391
9c3c6s5s,0.185,-113619
5c4c6s5s,0.605,-113044
7c4c6s5s,0.075,-104984
8c4c6s5s,0.515,-105670
Tc4c6s5s,0.65,-119206
ThTs7s5s,0.1138,-120957
TdTs7s5s,0.25,-98628
TcTs7s5s,0.25,-98628
JhJs7s5s,1,-84989
AhJs7s5s,0.99,-60937
JdJs7s5s,1,-88221
AdJs7s5s,0.99,-67191
JcJs7s5s,1,-88221
AcJs7s5s,0.99,-67191
4hAs7s5s,1,467743
5hAs7s5s,1,467697
7hAs7s5s,1,467763
ThAs7s5s,1,467775
JhAs7s5s,1,467745
QhAs7s5s,1,467782
AhAs7s5s,1,467738
4dAs7s5s,1,467749
5dAs7s5s,1,467758
TdAs7s5s,1,467746
JdAs7s5s,1,467754
QdAs7s5s,1,467744
AdAs7s5s,1,467763
4cAs7s5s,1,467749
5cAs7s5s,1,467758
7cAs7s5s,1,467742
TcAs7s5s,1,467746
JcAs7s5s,1,467754
QcAs7s5s,1,467744
AcAs7s5s,1,467763
9h3h7s5s,0.66,-125814
Qh3h7s5s,0.0028,-120828
7h4h7s5s,0.24,-127950
6d4h7s5s,0.15,-115451
6h5h7s5s,0.915,-120343
Ah5h7s5s,0.845,-124847
7h6h7s5s,1,-118884
8h7h7s5s,0.985,-125923
Ah7h7s5s,0.1,-126908
4d8h7s5s,0.07,-122696
Ad8h7s5s,0.88,-121139
4c8h7s5s,0.07,-122696
Ac8h7s5s,0.88,-121139
8d9h7s5s,0.0038,-128412
8c9h7s5s,0.0038,-128412
8d3d7s5s,0.6298,-126266
6d4d7s5s,1,-114714
8d4d7s5s,1,-123886
9d4d7s5s,1,-124084
8c4d7s5s,0.07,-123886
4c6d7s5s,1,-114714
Ad8d7s5s,1,-122885
4c8d7s5s,0.07,-123886
7c8d7s5s,0.2772,-121209
Ac8d7s5s,1,-122885
Ad9d7s5s,0.115,-122954
8cAd7s5s,1,-122885
8c3c7s5s,0.6298,-126266
8c4c7s5s,1,-123886
9c4c7s5s,1,-124084
8c7c7s5s,0.28,-121209
Ac8c7s5s,1,-122885
Ac9c7s5s,0.115,-122954
AsTs9s5s,0.0017,0
ThTs9s5s,0.82,-116382
TdTs9s5s,0.82,-112397
TcTs9s5s,0.82,-112397
AsJs9s5s,0.0059,0
JhJs9s5s,1,-93631
AhJs9s5s,0.95,-70561
JdJs9s5s,1,-94174
AdJs9s5s,0.95,-71624
JcJs9s5s,1,-94174
AcJs9s5s,0.95,-71624
9hAs9s5s,1,467750
ThAs9s5s,1,467748
JhAs9s5s,1,467749
AhAs9s5s,1,467753
9dAs9s5s,1,467755
TdAs9s5s,1,467745
JdAs9s5s,1,467741
QdAs9s5s,0.81,467754
KdAs9s5s,0.58,467768
AdAs9s5s,1,467749
9cAs9s5s,1,467755
TcAs9s5s,1,467745
JcAs9s5s,1,467741
QcAs9s5s,0.81,467754
KcAs9s5s,0.58,467768
AcAs9s5s,1,467749
6h5h9s5s,0.2771,-125159
Th6h9s5s,0.24,-126912
9h7h9s5s,0.08,-129528
6d7h9s5s,0.075,-114056
8d4d9s5s,0.0279,-127071
8d6d9s5s,0.0117,-123648
Td6d9s5s,0.198,-121992
8c6d9s5s,0.0117,-123648
7c8d9s5s,0.0066,-129011
8c4c9s5s,0.0279,-127071
8c7c9s5s,0.0076,-129011
5hAsTs5s,0.57,467770
7hAsTs5s,1,467747
8hAsTs5s,1,467747
9hAsTs5s,1,467752
5dAsTs5s,0.57,467759
8dAsTs5s,1,467754
9dAsTs5s,1,467767
5cAsTs5s,0.57,467759
7cAsTs5s,1,467747
8cAsTs5s,1,467754
9cAsTs5s,1,467767
6h3hTs5s,0.01,-75961
Th3hTs5s,0.01,-116261
Ah3hTs5s,1,-119447
5h4hTs5s,0.45,-127325
8h4hTs5s,1,-117512
Ah4hTs5s,1,-124768
7h5hTs5s,0.99,-121755
8h5hTs5s,0.97,-119506
9h5hTs5s,0.0945,-125524
Th5hTs5s,0.935,-125287
Ah5hTs5s,1,-119911
Td5hTs5s,1,-123906
Tc5hTs5s,1,-123906
9h6hTs5s,0.66,-109636
9h7hTs5s,1,-122707
Th7hTs5s,0.0698,-130089
Kh7hTs5s,0.02,-128544
Ah7hTs5s,1,-115972
Td7hTs5s,1,-125600
Ad7hTs5s,1,-118081
Tc7hTs5s,1,-125600
Ac7hTs5s,1,-118081
9h8hTs5s,0.715,-112712
Th8hTs5s,1,-123353
Jh8hTs5s,0.05,-127399
Kh8hTs5s,1,-121610
Ah8hTs5s,1,-112867
Td8hTs5s,1,-119699
Ad8hTs5s,1,-114011
Tc8hTs5s,1,-119699
Ac8hTs5s,1,-114011
Ah9hTs5s,1,-117956
Td9hTs5s,0.385,-126646
Ad9hTs5s,0.0245,-114079
Tc9hTs5s,0.385,-126646
Ac9hTs5s,0.0245,-114079
AhThTs5s,1,-120271
5dThTs5s,0.275,-127808
8dThTs5s,0.995,-116501
9dThTs5s,1,-121847
AdThTs5s,1,-123790
5cThTs5s,0.275,-127808
7cThTs5s,0.365,-127488
8cThTs5s,0.995,-116501
9cThTs5s,1,-121847
AcThTs5s,1,-123790
TdQhTs5s,0.0268,-126270
TcQhTs5s,0.0268,-126270
8dAhTs5s,1,-113860
9dAhTs5s,0.98,-114614
TdAhTs5s,1,-122515
7cAhTs5s,1,-123341
8cAhTs5s,1,-113860
9cAhTs5s,0.98,-114614
TcAhTs5s,1,-122515
Ad2dTs5s,0.75,-125041
6d3dTs5s,0.0086,-106409
Ad3dTs5s,1,-120055
5d4dTs5s,0.405,-126629
Ad4dTs5s,1,-117633
8d5dTs5s,0.97,-117902
9d5dTs5s,0.18,-109565
Td5dTs5s,0.655,-126027
Ad5dTs5s,1,-123776
Tc5dTs5s,0.655,-126027
9d8dTs5s,1,-108605
Td8dTs5s,1,-121250
Kd8dTs5s,0.68,-125553
Ad8dTs5s,1,-112098
Tc8dTs5s,1,-121250
Ac8dTs5s,1,-112098
Td9dTs5s,1,-124917
Ad9dTs5s,1,-113224
Tc9dTs5s,1,-124917
Ac9dTs5s,0.98,-113224
AdTdTs5s,1,-123608
5cTdTs5s,0.655,-126027
8cTdTs5s,1,-121250
9cTdTs5s,1,-124917
AcTdTs5s,1,-123608
7cAdTs5s,1,-116992
8cAdTs5s,1,-112098
9cAdTs5s,0.98,-113224
TcAdTs5s,1,-123608
Ac2cTs5s,0.75,-125041
Ac3cTs5s,1,-120055
5c4cTs5s,0.405,-126629
Ac4cTs5s,1,-117633
7c5cTs5s,0.99,-117113
8c5cTs5s,0.97,-117902
9c5cTs5s,0.18,-109565
Tc5cTs5s,0.655,-126027
Ac5cTs5s,1,-123776
9c7cTs5s,1,-109165
Kc7cTs5s,0.49,-126458
Ac7cTs5s,1,-116992
9c8cTs5s,1,-108605
Tc8cTs5s,1,-121250
Kc8cTs5s,0.68,-125553
Ac8cTs5s,1,-112098
Tc9cTs5s,1,-124917
Ac9cTs5s,1,-113224
AcTcTs5s,1,-123608
4hAsJs5s,0.97,467734
5hAsJs5s,1,467702
7hAsJs5s,1,467753
8hAsJs5s,1,467759
9hAsJs5s,1,467764
4dAsJs5s,0.97,467782
5dAsJs5s,1,467751
8dAsJs5s,1,467749
9dAsJs5s,1,467753
4cAsJs5s,0.97,467782
5cAsJs5s,1,467751
7cAsJs5s,1,467754
8cAsJs5s,1,467749
9cAsJs5s,1,467753
9h3hJs5s,0.89,-79498
Th3hJs5s,0.04,-88765
Jh3hJs5s,1,-104498
Qh3hJs5s,1,-103644
Kh3hJs5s,1,-88853
Ah3hJs5s,1,-80101
5h4hJs5s,1,-90362
6h4hJs5s,0.3,-82049
7h4hJs5s,1,-82648
8h4hJs5s,1,-88665
9h4hJs5s,0.98,-81885
Jh4hJs5s,1,-107779
Qh4hJs5s,1,-111785
Ah4hJs5s,1,-83313
Ad4hJs5s,0.63,-85405
Ac4hJs5s,0.63,-85405
6h5hJs5s,1,-69657
7h5hJs5s,1,-83511
8h5hJs5s,1,-80589
9h5hJs5s,1,-80245
Th5hJs5s,1,-94739
Jh5hJs5s,1,-104842
Qh5hJs5s,1,-104702
Kh5hJs5s,1,-88684
Ah5hJs5s,1,-80950
Jd5hJs5s,1,-107900
Ad5hJs5s,1,-88008
Jc5hJs5s,1,-107900
Ac5hJs5s,1,-88008
7h6hJs5s,0.728,-62544
9h6hJs5s,1,-62100
8h7hJs5s,0.415,-79840
9h7hJs5s,1,-69207
Th7hJs5s,1,-83495
Qh7hJs5s,1,-103438
Kh7hJs5s,1,-83573
Ah7hJs5s,1,-77746
Ad7hJs5s,1,-81862
Ac7hJs5s,1,-81862
9h8hJs5s,1,-76940
Th8hJs5s,1,-85740
Jh8hJs5s,0.88,-106343
Qh8hJs5s,1,-98527
Kh8hJs5s,0.845,-87610
Ah8hJs5s,1,-79354
Jd8hJs5s,0.225,-103580
Ad8hJs5s,0.02,-90544
Jc8hJs5s,0.225,-103580
Ac8hJs5s,0.02,-90544
Jh9hJs5s,1,-97876
Ah9hJs5s,1,-75978
9d9hJs5s,0.99,-63402
Jd9hJs5s,1,-102708
7c9hJs5s,0.0004,61587
9c9hJs5s,0.99,-63402
Jc9hJs5s,1,-102708
QhJhJs5s,1,-123337
KhJhJs5s,1,-114684
AhJhJs5s,1,-104595
3dJhJs5s,0.73,-105570
5dJhJs5s,1,-106693
9dJhJs5s,1,-96244
AdJhJs5s,1,-102803
3cJhJs5s,0.73,-105570
5cJhJs5s,1,-106693
9cJhJs5s,1,-96244
AcJhJs5s,1,-102803
4dAhJs5s,0.63,-83899
5dAhJs5s,1,-84235
JdAhJs5s,1,-102796
4cAhJs5s,0.63,-83899
5cAhJs5s,1,-84235
7cAhJs5s,1,-77684
JcAhJs5s,1,-102796
Qd2dJs5s,1,-110669
Ad2dJs5s,1,-89664
9d3dJs5s,0.89,-69147
Qd3dJs5s,1,-112557
Kd3dJs5s,1,-95042
Ad3dJs5s,1,-83822
5d4dJs5s,1,-83938
8d4dJs5s,0.35,-76760
9d4dJs5s,0.98,-72028
Qd4dJs5s,1,-110827
Ad4dJs5s,1,-81686
Ac4dJs5s,0.63,-81686
6d5dJs5s,1,-68106
8d5dJs5s,1,-82683
9d5dJs5s,1,-72872
Td5dJs5s,1,-90395
Jd5dJs5s,1,-107633
Qd5dJs5s,1,-108665
Kd5dJs5s,1,-95779
Ad5dJs5s,1,-82468
Jc5dJs5s,1,-107633
Ac5dJs5s,1,-82468
9d6dJs5s,0.095,-44565
9d8dJs5s,1,-71520
Td8dJs5s,1,-89578
Jd8dJs5s,1,-102993
Kd8dJs5s,1,-95250
Ad8dJs5s,1,-79523
Jc8dJs5s,1,-102993
Ac8dJs5s,1,-79523
Jd9dJs5s,1,-96936
Ad9dJs5s,1,-70815
7c9dJs5s,0.02,-68617
9c9dJs5s,0.99,-52948
Jc9dJs5s,1,-96936
Ac9dJs5s,1,-70815
KdJdJs5s,1,-121342
AdJdJs5s,1,-103504
5cJdJs5s,1,-107633
8cJdJs5s,1,-102993
9cJdJs5s,1,-96936
KcJdJs5s,1,-121342
AcJdJs5s,1,-103504
JcKdJs5s,1,-121342
4cAdJs5s,0.63,-81686
5cAdJs5s,1,-82468
7cAdJs5s,1,-76797
8cAdJs5s,1,-79523
9cAdJs5s,1,-70815
JcAdJs5s,1,-103504
Qc2cJs5s,1,-110669
Ac2cJs5s,1,-89664
9c3cJs5s,0.89,-69147
Qc3cJs5s,1,-112557
Kc3cJs5s,1,-95042
Ac3cJs5s,1,-83822
5c4cJs5s,1,-83938
8c4cJs5s,0.35,-76760
9c4cJs5s,0.98,-72028
Qc4cJs5s,1,-110827
Ac4cJs5s,1,-81686
7c5cJs5s,1,-73891
8c5cJs5s,1,-82683
9c5cJs5s,1,-72872
Tc5cJs5s,1,-90395
Jc5cJs5s,1,-107633
Qc5cJs5s,1,-108665
Kc5cJs5s,1,-95779
Ac5cJs5s,1,-82468
9c7cJs5s,1,-68617
Tc7cJs5s,1,-81617
Kc7cJs5s,1,-85983
Ac7cJs5s,1,-76797
9c8cJs5s,1,-71520
Tc8cJs5s,1,-89578
Jc8cJs5s,1,-102993
Kc8cJs5s,1,-95250
Ac8cJs5s,1,-79523
Jc9cJs5s,1,-96936
Ac9cJs5s,1,-70815
KcJcJs5s,1,-121342
AcJcJs5s,1,-103504
4h3hAs5s,1,467757
5h3hAs5s,1,467755
7h3hAs5s,1,467728
8h3hAs5s,0.71,467757
9h3hAs5s,0.71,467735
Th3hAs5s,1,467742
Jh3hAs5s,1,467747
Qh3hAs5s,1,467742
3d3hAs5s,1,467764
4d3hAs5s,1,467750
5d3hAs5s,1,467764
6d3hAs5s,0.39,467746
Td3hAs5s,1,467725
Jd3hAs5s,1,467749
Qd3hAs5s,1,467755
3c3hAs5s,1,467764
4c3hAs5s,1,467750
5c3hAs5s,1,467764
7c3hAs5s,0.705,467751
Tc3hAs5s,1,467725
Jc3hAs5s,1,467749
Qc3hAs5s,1,467755
5h4hAs5s,1,467740
7h4hAs5s,1,467730
8h4hAs5s,1,467730
9h4hAs5s,0.58,467751
Th4hAs5s,1,467752
Jh4hAs5s,1,467744
Qh4hAs5s,0.28,467756
3d4hAs5s,1,467754
4d4hAs5s,1,467759
5d4hAs5s,1,467741
9d4hAs5s,0.45,467744
Td4hAs5s,1,467764
Jd4hAs5s,1,467745
3c4hAs5s,1,467754
4c4hAs5s,1,467759
5c4hAs5s,1,467741
7c4hAs5s,1,467744
9c4hAs5s,0.45,467744
Tc4hAs5s,1,467764
Jc4hAs5s,1,467745
6h5hAs5s,1,467747
7h5hAs5s,1,467756
8h5hAs5s,1,467754
9h5hAs5s,1,467757
Th5hAs5s,1,467731
Jh5hAs5s,1,467746
Qh5hAs5s,1,467738
Kh5hAs5s,0.79,467760
2d5hAs5s,0.95,467729
3d5hAs5s,1,467737
4d5hAs5s,1,467752
6d5hAs5s,1,467751
8d5hAs5s,1,467735
9d5hAs5s,1,467757
Td5hAs5s,1,467748
Jd5hAs5s,1,467755
Qd5hAs5s,1,467738
Kd5hAs5s,1,467751
2c5hAs5s,0.95,467729
3c5hAs5s,1,467737
4c5hAs5s,1,467752
7c5hAs5s,1,467737
8c5hAs5s,1,467735
9c5hAs5s,1,467757
Tc5hAs5s,1,467748
Jc5hAs5s,1,467755
Qc5hAs5s,1,467738
Kc5hAs5s,1,467751
3d6hAs5s,0.0259,467656
5d6hAs5s,1,467756
3c6hAs5s,0.0259,467656
5c6hAs5s,1,467756
8h7hAs5s,0.05,467938
Th7hAs5s,1,467756
Jh7hAs5s,1,467734
Qh7hAs5s,1,467751
5d7hAs5s,1,467765
Td7hAs5s,1,467749
Jd7hAs5s,1,467753
Qd7hAs5s,1,467741
5c7hAs5s,1,467765
7c7hAs5s,1,467727
Tc7hAs5s,1,467749
Jc7hAs5s,1,467753
Qc7hAs5s,1,467741
Th8hAs5s,1,467760
Jh8hAs5s,1,467755
Qh8hAs5s,1,467743
5d8hAs5s,1,467735
Td8hAs5s,0.77,467740
Jd8hAs5s,1,467747
Qd8hAs5s,1,467744
5c8hAs5s,1,467735
Tc8hAs5s,0.77,467740
Jc8hAs5s,1,467747
Qc8hAs5s,1,467744
Th9hAs5s,1,467716
Jh9hAs5s,1,467743
Qh9hAs5s,1,467763
4d9hAs5s,1,467754
5d9hAs5s,1,467760
Td9hAs5s,1,467755
Jd9hAs5s,1,467739
Qd9hAs5s,1,467755
4c9hAs5s,1,467754
5c9hAs5s,1,467760
Tc9hAs5s,1,467755
Jc9hAs5s,1,467739
Qc9hAs5s,1,467755
3dThAs5s,1,467770
4dThAs5s,1,467747
5dThAs5s,1,467755
8dThAs5s,1,467758
9dThAs5s,1,467750
TdThAs5s,1,467750
3cThAs5s,1,467770
4cThAs5s,1,467747
5cThAs5s,1,467755
7cThAs5s,1,467728
8cThAs5s,1,467758
9cThAs5s,1,467750
TcThAs5s,1,467750
3dJhAs5s,1,467741
4dJhAs5s,1,467771
5dJhAs5s,1,467743
8dJhAs5s,1,467751
9dJhAs5s,1,467751
JdJhAs5s,1,467747
3cJhAs5s,1,467741
4cJhAs5s,1,467771
5cJhAs5s,1,467743
7cJhAs5s,1,467746
8cJhAs5s,1,467751
9cJhAs5s,1,467751
JcJhAs5s,1,467747
3dQhAs5s,1,467749
5dQhAs5s,1,467746
8dQhAs5s,1,467755
9dQhAs5s,1,467737
3cQhAs5s,1,467749
5cQhAs5s,1,467746
7cQhAs5s,1,467757
8cQhAs5s,1,467755
9cQhAs5s,1,467737
AdAhAs5s,0.655,467755
AcAhAs5s,0.655,467755
3d2dAs5s,1,467753
4d2dAs5s,0.87,467752
5d2dAs5s,1,467755
5c2dAs5s,0.95,467755
4d3dAs5s,1,467756
5d3dAs5s,1,467746
6d3dAs5s,0.35,467758
Td3dAs5s,1,467758
Jd3dAs5s,1,467754
Qd3dAs5s,1,467761
3c3dAs5s,0.565,467762
4c3dAs5s,1,467756
5c3dAs5s,1,467746
7c3dAs5s,1,467741
Tc3dAs5s,1,467758
Jc3dAs5s,1,467754
Qc3dAs5s,1,467761
5d4dAs5s,1,467749
8d4dAs5s,1,467755
9d4dAs5s,1,467753
Td4dAs5s,1,467754
Jd4dAs5s,1,467763
3c4dAs5s,1,467756
4c4dAs5s,1,467710
5c4dAs5s,1,467749
8c4dAs5s,1,467755
9c4dAs5s,1,467753
Tc4dAs5s,1,467754
Jc4dAs5s,1,467763
6d5dAs5s,1,467753
8d5dAs5s,1,467753
9d5dAs5s,1,467746
Td5dAs5s,1,467756
Jd5dAs5s,1,467754
Qd5dAs5s,1,467751
2c5dAs5s,0.95,467755
3c5dAs5s,1,467746
4c5dAs5s,1,467749
7c5dAs5s,1,467761
8c5dAs5s,1,467753
9c5dAs5s,1,467746
Tc5dAs5s,1,467756
Jc5dAs5s,1,467754
Qc5dAs5s,1,467751
3c6dAs5s,0.35,467758
5c6dAs5s,1,467753
Td8dAs5s,1,467751
Jd8dAs5s,1,467754
Qd8dAs5s,1,467757
4c8dAs5s,1,467755
5c8dAs5s,1,467753
Tc8dAs5s,1,467751
Jc8dAs5s,1,467754
Qc8dAs5s,1,467757
Td9dAs5s,1,467746
Jd9dAs5s,1,467752
Qd9dAs5s,1,467740
4c9dAs5s,1,467753
5c9dAs5s,1,467746
Tc9dAs5s,1,467746
Jc9dAs5s,1,467752
Qc9dAs5s,1,467740
3cTdAs5s,1,467758
4cTdAs5s,1,467754
5cTdAs5s,1,467756
7cTdAs5s,1,467755
8cTdAs5s,1,467751
9cTdAs5s,1,467746
TcTdAs5s,1,467736
3cJdAs5s,1,467754
4cJdAs5s,1,467763
5cJdAs5s,1,467754
7cJdAs5s,1,467727
8cJdAs5s,1,467754
9cJdAs5s,1,467752
JcJdAs5s,1,467741
3cQdAs5s,1,467761
5cQdAs5s,1,467751
7cQdAs5s,1,467740
8cQdAs5s,1,467757
9cQdAs5s,1,467740
AcAdAs5s,0.58,467748
3c2cAs5s,1,467753
4c2cAs5s,0.87,467752
5c2cAs5s,1,467755
4c3cAs5s,1,467756
5c3cAs5s,1,467746
7c3cAs5s,1,467741
Tc3cAs5s,1,467758
Jc3cAs5s,1,467754
Qc3cAs5s,1,467761
5c4cAs5s,1,467749
8c4cAs5s,1,467755
9c4cAs5s,1,467753
Tc4cAs5s,1,467754
Jc4cAs5s,1,467763
7c5cAs5s,1,467761
8c5cAs5s,1,467753
9c5cAs5s,1,467746
Tc5cAs5s,1,467756
Jc5cAs5s,1,467754
Qc5cAs5s,1,467751
Tc7cAs5s,1,467755
Jc7cAs5s,1,467727
Qc7cAs5s,1,467740
Tc8cAs5s,1,467751
Jc8cAs5s,1,467754
Qc8cAs5s,1,467757
Tc9cAs5s,1,467746
Jc9cAs5s,1,467752
Qc9cAs5s,1,467740
8d8h6h5s,0.1488,-127748
8c8h6h5s,0.1488,-127748
8d6d8h5s,1,-123254
8c8d6d5s,0.975,-119872
7h9s7s6s,0.24,-91403
Th9s7s6s,0.95,-91377
Td9s7s6s,0.31,-91493
7c9s7s6s,0.24,-77527
Tc9s7s6s,0.31,-91493
9hTs7s6s,0.545,-65576
9dTs7s6s,1,-60494
9cTs7s6s,1,-60494
7hAs7s6s,1,467745
7cAs7s6s,1,467722
7h3h7s6s,0.55,-109168
7h4h7s6s,1,-107969
5d4h7s6s,1,-110432
5c4h7s6s,1,-110432
7h5h7s6s,1,-105484
8h5h7s6s,1,-102028
9h5h7s6s,0.0741,-115395
4d5h7s6s,0.605,-104367
4c5h7s6s,0.605,-104367
9h7h7s6s,1,-98970
Th7h7s6s,1,-110643
Ah7h7s6s,1,-103855
Td8h7s6s,0.07,-100294
Tc8h7s6s,0.07,-100294
Th9h7s6s,0.115,-93182
Ad9h7s6s,0.0003,-153304
Ac9h7s6s,0.0003,-153304
8dJh7s6s,0.0048,-96808
8cJh7s6s,0.0048,-96808
5d3d7s6s,1,-107964
5d4d7s6s,1,-107972
5c4d7s6s,1,-107972
4c5d7s6s,1,-107972
Td9d7s6s,1,-104688
7c9d7s6s,1,-96576
Tc9d7s6s,1,-104688
9cTd7s6s,1,-104688
7cAd7s6s,0.875,-99752
5c3c7s6s,1,-107964
5c4c7s6s,1,-107972
9c7c7s6s,1,-96576
Ac7c7s6s,0.875,-99752
Tc9c7s6s,1,-104688
7hTs9s6s,1,-77297
8hTs9s6s,0.415,-68360
8dTs9s6s,1,-70609
7cTs9s6s,1,-76024
8cTs9s6s,1,-70609
9hAs9s6s,1,467743
9dAs9s6s,1,467738
9cAs9s6s,1,467738
9h4h9s6s,0.37,-111067
7h5h9s6s,0.385,-110609
9h5h9s6s,1,-112219
Th5h9s6s,0.74,-114654
8d5h9s6s,0.4401,-106556
7c5h9s6s,0.33,-115032
8c5h9s6s,0.4401,-106556
9h7h9s6s,1,-104488
Th7h9s6s,1,-107468
Jh7h9s6s,1,-121047
8d7h9s6s,0.4023,-105161
9d7h9s6s,0.6426,-105770
Td7h9s6s,1,-113532
Jd7h9s6s,0.0399,-128867
7c7h9s6s,1,-110352
8c7h9s6s,0.4023,-105161
9c7h9s6s,0.6426,-105770
Tc7h9s6s,1,-113532
Jc7h9s6s,0.0399,-128867
9h8h9s6s,1,-104887
Th8h9s6s,0.65,-106662
Jh8h9s6s,0.97,-121504
8d8h9s6s,0.99,-101569
9d8h9s6s,0.795,-97961
Td8h9s6s,1,-107476
7c8h9s6s,0.965,-101179
8c8h9s6s,0.99,-101569
9c8h9s6s,0.795,-97961
Tc8h9s6s,1,-107476
Ah9h9s6s,1,-108596
7c9h9s6s,0.57,-109235
8dTh9s6s,0.89,-105458
7cTh9s6s,0.0229,-124926
8cTh9s6s,0.89,-105458
Td3d9s6s,0.1661,-114176
9d8d9s6s,1,-98002
8c8d9s6s,0.99,-102202
9c8d9s6s,1,-98002
Ad9d9s6s,0.97,-101650
7c9d9s6s,0.0663,-121328
8c9d9s6s,1,-98002
Ac9d9s6s,0.97,-101650
7cTd9s6s,0.985,-114819
7cJd9s6s,0.049,-127020
9cAd9s6s,0.97,-101650
Tc3c9s6s,0.1661,-114176
9c7c9s6s,0.0663,-121328
Tc7c9s6s,0.985,-114819
Jc7c9s6s,0.175,-127020
9c8c9s6s,1,-98002
Ac9c9s6s,0.97,-101650
9h3hTs6s,0.3,-84653
Th3hTs6s,0.0404,-114547
9h4hTs6s,0.695,-96245
7h5hTs6s,1,-94884
8h5hTs6s,0.775,-90605
9h5hTs6s,0.105,-81890
Th5hTs6s,0.0278,-106158
8h7hTs6s,1,-83734
9h7hTs6s,1,-91999
Th7hTs6s,0.525,-96880
8d7hTs6s,0.3549,-83796
9d7hTs6s,0.345,-82170
8c7hTs6s,0.3549,-83796
9c7hTs6s,0.345,-82170
9h8hTs6s,1,-89700
Th8hTs6s,0.625,-95393
8d8hTs6s,1,-81089
9d8hTs6s,0.075,-79404
Qd8hTs6s,0.01,-114952
7c8hTs6s,1,-88233
8c8hTs6s,1,-81089
9c8hTs6s,0.075,-79404
Qc8hTs6s,0.01,-114952
8d9hTs6s,1,-79370
9d9hTs6s,0.49,-88940
7c9hTs6s,0.485,-89777
8c9hTs6s,1,-79370
9c9hTs6s,0.49,-88940
Td2dTs6s,0.0082,-78789
7c8dTs6s,1,-84418
8c8dTs6s,1,-81789
7c9dTs6s,0.27,-80419
Tc2cTs6s,0.0082,-78789
8c7cTs6s,1,-84418
9c7cTs6s,0.27,-80419
5h3hJs6s,0.1012,-53180
7h4hJs6s,0.9553,-47243
8h4hJs6s,0.205,-49666
Jh4hJs6s,0.945,-67657
7h5hJs6s,0.505,-48149
8h5hJs6s,0.8118,-46096
9h5hJs6s,1,-42468
8h7hJs6s,1,-43329
9h7hJs6s,0.995,-33246
Jh7hJs6s,0.61,-77509
8d7hJs6s,1,-41185
9d7hJs6s,0.3,-23534
8c7hJs6s,1,-41185
9c7hJs6s,0.3,-23534
9h8hJs6s,0.49,-32069
Jh8hJs6s,0.645,-64500
9d8hJs6s,0.99,-27231
7c8hJs6s,1,-40477
9c8hJs6s,0.99,-27231
8d9hJs6s,0.6386,-30151
8c9hJs6s,0.6386,-30151
9d5dJs6s,0.33,-28072
9d8dJs6s,0.06,-25373
7c8dJs6s,1,-34998
9c8dJs6s,0.0594,-25373
7c9dJs6s,0.895,-26953
8c9dJs6s,0.0594,-25373
7c4cJs6s,0.98,-37208
7c5cJs6s,0.945,-39100
9c5cJs6s,0.33,-28072
8c7cJs6s,1,-34998
9c7cJs6s,0.895,-26953
9c8cJs6s,0.06,-25373
4h3hAs6s,0.48,467752
5h3hAs6s,0.625,467732
7h3hAs6s,1,467761
8h3hAs6s,0.1773,467696
5d3hAs6s,0.1544,467755
5c3hAs6s,0.1544,467755
7h4hAs6s,0.96,467747
9h4hAs6s,0.1584,467756
4d4hAs6s,0.545,467741
4c4hAs6s,0.545,467741
7h5hAs6s,1,467773
8h5hAs6s,1,467775
9h5hAs6s,0.0615,467725
3d5hAs6s,0.295,467756
5d5hAs6s,1,467752
3c5hAs6s,0.295,467756
5c5hAs6s,1,467752
8h7hAs6s,1,467750
9h7hAs6s,1,467752
8d7hAs6s,1,467756
9d7hAs6s,0.57,467719
7c7hAs6s,1,467749
8c7hAs6s,1,467756
9c7hAs6s,0.57,467719
9h8hAs6s,1,467763
8d8hAs6s,0.86,467756
9d8hAs6s,1,467762
8c8hAs6s,0.86,467756
9c8hAs6s,1,467762
8d9hAs6s,0.62,467758
7c9hAs6s,1,467759
8c9hAs6s,0.62,467758
4c4dAs6s,0.47,467738
5c5dAs6s,1,467737
9d8dAs6s,1,467758
7c8dAs6s,1,467758
9c8dAs6s,1,467758
7c9dAs6s,1,467730
8c9dAs6s,1,467758
9c9dAs6s,0.335,467757
8c7cAs6s,1,467758
9c7cAs6s,1,467730
9c8cAs6s,1,467758
8d8h4h6s,0.286,-117914
8c8h4h6s,0.286,-117914
Kh7h5h6s,0.0012,-130521
8d8h5h6s,0.07,-115368
8c8h5h6s,0.07,-115368
Kd9d5h6s,0.357,-126088
Kc9c5h6s,0.357,-126088
8d8h7h6s,0.93,-112023
8c8h7h6s,0.93,-112023
8dQh7h6s,0.33,-126908
AdQh7h6s,0.0007,-138505
8cQh7h6s,0.33,-126908
AcQh7h6s,0.0007,-138505
Kd8d7h6s,0.065,-127064
Kd9d7h6s,0.94,-120473
Kc8c7h6s,0.065,-127064
Kc9c7h6s,0.94,-120473
Qh9h8h6s,0.8,-124756
8d9h8h6s,0.42,-112054
8c9h8h6s,0.42,-112054
JdKh8h6s,0.0004,-130800
JcKh8h6s,0.0004,-130800
8dAh8h6s,0.86,-111964
8cAh8h6s,0.86,-111964
8d4d8h6s,0.44,-112615
8d5d8h6s,0.675,-119243
9d8d8h6s,0.61,-110993
Ad8d8h6s,0.555,-110812
8c4c8h6s,0.44,-112615
8c5c8h6s,0.675,-119243
8c7c8h6s,1,-112009
9c8c8h6s,0.61,-110993
Ac8c8h6s,0.555,-110812
8dQh9h6s,1,-122554
8cQh9h6s,1,-122554
7cKh9h6s,0.112,-126059
Kd8d9h6s,0.665,-121321
Kc8c9h6s,0.665,-121321
5dKhJh6s,0.0008,-127679
5cKhJh6s,0.0008,-127679
9d8dQh6s,1,-123029
9c7cQh6s,0.0014,-131850
9c8cQh6s,1,-123029
8c7cKh6s,0.02,-104890
8c8d4d6s,0.0352,-123826
7cKd4d6s,0.0394,-122391
Kc7c4d6s,0.0394,-122391
8c8d5d6s,0.645,-112570
9cKd5d6s,0.175,-121823
Kc9c5d6s,0.168,-121823
7cKd8d6s,1,-121492
8cKd8d6s,1,-124417
8cAd8d6s,0.02,-88152
8c4c8d6s,0.0352,-123826
8c5c8d6s,0.645,-112570
8c7c8d6s,1,-104956
Kc7c8d6s,1,-121492
Kc8c8d6s,1,-124417
Ac8c8d6s,0.02,-88152
5cKd9d6s,0.168,-121823
7cKd9d6s,0.5,-117450
Kc5c9d6s,0.175,-121823
Kc7c9d6s,0.5,-117450
8c7cKd6s,1,-121492
9c7cKd6s,0.5,-117450
Kc8c7c6s,0.99,-121492
Kc9c7c6s,0.485,-117450
AsTs9s7s,1,467751
6hTs9s7s,1,-87681
8hTs9s7s,1,-95648
9hTs9s7s,1,-98005
ThTs9s7s,1,-101444
QhTs9s7s,0.52,-121498
AhTs9s7s,1,-96294
6dTs9s7s,1,-87256
8dTs9s7s,1,-88201
9dTs9s7s,1,-92643
TdTs9s7s,1,-106612
AdTs9s7s,1,-94976
8cTs9s7s,1,-88201
9cTs9s7s,1,-92643
TcTs9s7s,1,-106612
AcTs9s7s,1,-94976
AsJs9s7s,1,467728
8hJs9s7s,1,-63521
9hJs9s7s,1,-53879
JhJs9s7s,1,-85060
AhJs9s7s,1,-59303
8dJs9s7s,1,-61918
9dJs9s7s,1,-54843
JdJs9s7s,1,-84936
AdJs9s7s,1,-64182
8cJs9s7s,1,-61918
9cJs9s7s,1,-54843
JcJs9s7s,1,-84936
AcJs9s7s,1,-64182
7hAs9s7s,1,467745
8hAs9s7s,0.845,467780
9hAs9s7s,1,467747
ThAs9s7s,1,467769
JhAs9s7s,1,467756
AhAs9s7s,1,467736
8dAs9s7s,0.125,467732
9dAs9s7s,1,467787
TdAs9s7s,1,467747
JdAs9s7s,1,467746
AdAs9s7s,1,467746
7cAs9s7s,1,467778
8cAs9s7s,0.125,467732
9cAs9s7s,1,467787
TcAs9s7s,1,467747
JcAs9s7s,1,467746
AcAs9s7s,1,467746
9h3h9s7s,0.43,-126857
7h6h9s7s,1,-119584
Th6h9s7s,1,-120863
Jh6h9s7s,0.625,-124269
Td6h9s7s,1,-119375
7c6h9s7s,1,-109532
Tc6h9s7s,1,-119375
8h7h9s7s,1,-121284
Ah7h9s7s,1,-123396
6d7h9s7s,1,-115748
8d7h9s7s,1,-122908
9d7h9s7s,0.5068,-126042
Ad7h9s7s,1,-124918
8c7h9s7s,1,-122908
9c7h9s7s,0.5068,-126042
Ac7h9s7s,1,-124918
9h8h9s7s,1,-122021
Th8h9s7s,0.015,-127559
8d8h9s7s,1,-119986
9d8h9s7s,0.425,-124924
7c8h9s7s,1,-118217
8c8h9s7s,1,-119986
9c8h9s7s,0.425,-124924
Kh9h9s7s,0.91,-125673
Ah9h9s7s,0.26,-126493
6dTh9s7s,1,-112946
8dTh9s7s,1,-124222
9dTh9s7s,0.745,-125334
8cTh9s7s,1,-124222
9cTh9s7s,0.745,-125334
6dJh9s7s,0.6716,-124378
AdAh9s7s,0.49,-121070
7cAh9s7s,1,-123776
AcAh9s7s,0.49,-121070
7c5d9s7s,0.0029,-128271
Td6d9s7s,1,-117512
7c6d9s7s,1,-105408
Tc6d9s7s,1,-117512
7c8d9s7s,1,-116988
8c8d9s7s,1,-119184
Ad9d9s7s,1,-122061
7c9d9s7s,0.7,-124346
Ac9d9s7s,1,-122061
7cAd9s7s,1,-124691
9cAd9s7s,1,-122061
7c5c9s7s,0.095,-128271
8c7c9s7s,1,-116988
9c7c9s7s,0.7,-124346
Ac7c9s7s,1,-124691
Ac9c9s7s,1,-122061
7hJsTs7s,0.97,-30837
8hJsTs7s,1,-30888
ThJsTs7s,0.145,-49440
8dJsTs7s,1,-33326
7cJsTs7s,0.955,-32684
8cJsTs7s,1,-33326
4hAsTs7s,0.93,467751
5hAsTs7s,1,467778
7hAsTs7s,1,467722
8hAsTs7s,1,467749
9hAsTs7s,1,467754
ThAsTs7s,0.725,467723
4dAsTs7s,0.93,467767
5dAsTs7s,1,467763
8dAsTs7s,1,467749
9dAsTs7s,1,467747
TdAsTs7s,0.75,467750
4cAsTs7s,0.93,467767
5cAsTs7s,1,467763
7cAsTs7s,1,467745
8cAsTs7s,1,467749
9cAsTs7s,1,467747
TcAsTs7s,0.75,467750
9h3hTs7s,0.005,-110269
Kh3hTs7s,0.158,-125062
Ah3hTs7s,1,-113975
5h4hTs7s,0.545,-114547
7h4hTs7s,1,-119077
Th4hTs7s,1,-114067
Qh4hTs7s,0.0117,-127085
Kh4hTs7s,0.99,-118441
Ah4hTs7s,1,-109754
7h5hTs7s,1,-117414
9h5hTs7s,1,-114827
Th5hTs7s,1,-120933
Jh5hTs7s,0.59,-125849
Kh5hTs7s,1,-121363
Ah5hTs7s,1,-111612
Td5hTs7s,0.615,-118204
Ad5hTs7s,1,-109825
Tc5hTs7s,0.615,-118204
Ac5hTs7s,1,-109825
7h6hTs7s,1,-102379
8h6hTs7s,0.4,-96191
9h6hTs7s,1,-104506
9d6hTs7s,0.695,-95835
7c6hTs7s,1,-103007
9c6hTs7s,0.695,-95835
8h7hTs7s,1,-112443
9h7hTs7s,1,-110608
Th7hTs7s,1,-123688
Qh7hTs7s,0.24,-126731
Kh7hTs7s,0.86,-118896
Ah7hTs7s,1,-109402
6d7hTs7s,1,-103147
8d7hTs7s,1,-109899
9d7hTs7s,1,-108131
Ad7hTs7s,1,-112150
8c7hTs7s,1,-109899
9c7hTs7s,1,-108131
Ac7hTs7s,1,-112150
9h8hTs7s,1,-104752
Th8hTs7s,0.59,-115827
Jh8hTs7s,1,-122351
Ah8hTs7s,1,-102904
6d8hTs7s,0.985,-96236
8d8hTs7s,1,-102834
9d8hTs7s,1,-102366
Jd8hTs7s,1,-122092
Ad8hTs7s,1,-108228
7c8hTs7s,1,-108352
8c8hTs7s,1,-102834
9c8hTs7s,1,-102366
Jc8hTs7s,1,-122092
Ac8hTs7s,1,-108228
Th9hTs7s,1,-110665
Ah9hTs7s,1,-109126
6d9hTs7s,1,-94482
8d9hTs7s,1,-106175
9d9hTs7s,1,-113458
Td9hTs7s,1,-117257
Ad9hTs7s,1,-111803
7c9hTs7s,1,-108240
8c9hTs7s,1,-106175
9c9hTs7s,1,-113458
Tc9hTs7s,1,-117257
Ac9hTs7s,1,-111803
KhThTs7s,0.3675,-126170
AhThTs7s,1,-117075
9dThTs7s,1,-114188
AdThTs7s,1,-114333
7cThTs7s,1,-112501
9cThTs7s,1,-114188
AcThTs7s,1,-114333
8dJhTs7s,1,-119896
8cJhTs7s,1,-119896
5dAhTs7s,1,-113310
8dAhTs7s,1,-105358
9dAhTs7s,1,-107633
TdAhTs7s,1,-113719
5cAhTs7s,1,-113310
7cAhTs7s,1,-112510
8cAhTs7s,1,-105358
9cAhTs7s,1,-107633
TcAhTs7s,1,-113719
Ad2dTs7s,0.44,-116100
Td3dTs7s,0.335,-121573
Kd3dTs7s,0.93,-125058
Ad3dTs7s,1,-112658
Jd4dTs7s,0.455,-126417
Kd4dTs7s,0.48,-123414
Ad4dTs7s,0.895,-109581
9d5dTs7s,0.28,-110454
Td5dTs7s,0.725,-124148
Kd5dTs7s,0.825,-125628
Ad5dTs7s,1,-112244
Tc5dTs7s,0.725,-124148
Ac5dTs7s,1,-112244
9d6dTs7s,1,-90110
7c6dTs7s,1,-98731
9c6dTs7s,1,-90110
9d8dTs7s,1,-105059
Jd8dTs7s,1,-122259
Ad8dTs7s,1,-103848
7c8dTs7s,1,-104797
8c8dTs7s,1,-99349
9c8dTs7s,1,-105059
Jc8dTs7s,1,-122259
Ac8dTs7s,1,-103848
Td9dTs7s,1,-116842
Ad9dTs7s,1,-107788
7c9dTs7s,1,-109328
8c9dTs7s,1,-105059
9c9dTs7s,1,-103634
Tc9dTs7s,1,-116842
Ac9dTs7s,1,-107788
AdTdTs7s,1,-117839
5cTdTs7s,0.725,-124148
7cTdTs7s,0.965,-117156
9cTdTs7s,1,-116842
AcTdTs7s,1,-117839
8cJdTs7s,1,-122259
7cKdTs7s,1,-121341
5cAdTs7s,1,-112244
7cAdTs7s,1,-108156
8cAdTs7s,1,-103848
9cAdTs7s,1,-107788
TcAdTs7s,1,-117839
Ac2cTs7s,0.44,-116100
Tc3cTs7s,0.335,-121573
Kc3cTs7s,0.93,-125058
Ac3cTs7s,1,-112658
7c4cTs7s,1,-109984
Jc4cTs7s,0.455,-126417
Kc4cTs7s,0.48,-123414
Ac4cTs7s,0.895,-109581
7c5cTs7s,1,-115838
9c5cTs7s,0.28,-110454
Tc5cTs7s,0.725,-124148
Kc5cTs7s,0.825,-125628
Ac5cTs7s,1,-112244
8c7cTs7s,1,-104797
9c7cTs7s,1,-109328
Tc7cTs7s,0.965,-117156
Kc7cTs7s,1,-121341
Ac7cTs7s,1,-108156
9c8cTs7s,1,-105059
Jc8cTs7s,1,-122259
Ac8cTs7s,1,-103848
Tc9cTs7s,1,-116842
Ac9cTs7s,1,-107788
AcTcTs7s,1,-117839
5hAsJs7s,1,467701
7hAsJs7s,1,467763
8hAsJs7s,1,467733
9hAsJs7s,1,467750
5dAsJs7s,1,467748
8dAsJs7s,1,467747
9dAsJs7s,1,467744
5cAsJs7s,1,467748
7cAsJs7s,1,467736
8cAsJs7s,1,467747
9cAsJs7s,1,467744
Th3hJs7s,0.95,-78378
Jh3hJs7s,0.66,-93237
Ah3hJs7s,1,-75504
5h4hJs7s,1,-78759
7h4hJs7s,0.49,-76890
9h4hJs7s,0.9016,-70151
Th4hJs7s,1,-72084
Jh4hJs7s,1,-100822
Qh4hJs7s,1,-103985
Ah4hJs7s,1,-74077
7h5hJs7s,1,-79089
8h5hJs7s,0.03,-87777
9h5hJs7s,1,-65362
Th5hJs7s,1,-85850
Qh5hJs7s,1,-98976
Kh5hJs7s,0.12,-88299
Ah5hJs7s,1,-74244
8d5hJs7s,0.8159,-73996
9d5hJs7s,0.1,-60577
Ad5hJs7s,1,-75068
8c5hJs7s,0.8159,-73996
9c5hJs7s,0.1,-60577
Ac5hJs7s,1,-75068
7h6hJs7s,1,-65963
8h6hJs7s,0.405,-61144
9h6hJs7s,0.84,-50601
9d6hJs7s,1,-51746
9c6hJs7s,1,-51746
8h7hJs7s,1,-67460
9h7hJs7s,1,-65748
Jh7hJs7s,1,-96382
Qh7hJs7s,1,-96572
Ah7hJs7s,1,-69793
8d7hJs7s,1,-73054
9d7hJs7s,1,-64122
Qd7hJs7s,1,-101785
Kd7hJs7s,0.03,-90949
Ad7hJs7s,1,-72531
8c7hJs7s,1,-73054
9c7hJs7s,1,-64122
Qc7hJs7s,1,-101785
Kc7hJs7s,0.03,-90949
Ac7hJs7s,1,-72531
9h8hJs7s,1,-68869
Th8hJs7s,1,-73304
Qh8hJs7s,1,-100411
Ah8hJs7s,1,-73124
5d8hJs7s,0.3977,-73063
6d8hJs7s,1,-54018
8d8hJs7s,1,-70491
9d8hJs7s,1,-64143
Td8hJs7s,1,-78752
Ad8hJs7s,1,-67355
5c8hJs7s,0.3977,-73063
7c8hJs7s,1,-69373
8c8hJs7s,1,-70491
9c8hJs7s,1,-64143
Tc8hJs7s,1,-78752
Ac8hJs7s,1,-67355
Jh9hJs7s,1,-87076
Ah9hJs7s,1,-68191
5d9hJs7s,0.0566,-59224
6d9hJs7s,1,-46767
8d9hJs7s,1,-65177
9d9hJs7s,1,-54826
Jd9hJs7s,1,-88705
Ad9hJs7s,1,-62560
5c9hJs7s,0.0566,-59224
7c9hJs7s,1,-55112
8c9hJs7s,1,-65177
9c9hJs7s,1,-54826
Jc9hJs7s,1,-88705
Ac9hJs7s,1,-62560
8dThJs7s,1,-78485
8cThJs7s,1,-78485
QhJhJs7s,0.885,-121082
AhJhJs7s,1,-97656
4dJhJs7s,0.045,-113873
9dJhJs7s,1,-88938
QdJhJs7s,0.88,-125163
KdJhJs7s,0.0027,-127447
AdJhJs7s,1,-94901
4cJhJs7s,0.045,-113873
7cJhJs7s,1,-89623
9cJhJs7s,1,-88938
QcJhJs7s,0.88,-125163
KcJhJs7s,0.0027,-127447
AcJhJs7s,1,-94901
7cQhJs7s,1,-96738
7cKhJs7s,0.99,-86203
5dAhJs7s,1,-78094
8dAhJs7s,1,-71678
9dAhJs7s,1,-62966
JdAhJs7s,1,-97529
5cAhJs7s,1,-78094
7cAhJs7s,1,-73130
8cAhJs7s,1,-71678
9cAhJs7s,1,-62966
JcAhJs7s,1,-97529
Jd2dJs7s,0.865,-105051
Ad2dJs7s,1,-82335
Td3dJs7s,0.99,-81640
Ad3dJs7s,0.22,-66403
5d4dJs7s,0.001,-131859
Td4dJs7s,1,-78813
Jd4dJs7s,0.36,-93717
Qd4dJs7s,1,-97750
Jc4dJs7s,0.36,-93717
9d5dJs7s,1,-66551
Td5dJs7s,1,-82036
Qd5dJs7s,1,-102648
Ad5dJs7s,1,-74807
9c5dJs7s,0.1,-66551
Ac5dJs7s,1,-74807
9d6dJs7s,1,-43673
9c6dJs7s,1,-43673
9d8dJs7s,1,-65135
Td8dJs7s,1,-78482
Qd8dJs7s,1,-99374
Ad8dJs7s,1,-73130
7c8dJs7s,1,-67475
8c8dJs7s,1,-76729
9c8dJs7s,1,-65135
Tc8dJs7s,1,-78482
Qc8dJs7s,1,-99374
Ac8dJs7s,1,-73130
Jd9dJs7s,1,-93826
Ad9dJs7s,1,-61626
5c9dJs7s,0.1,-66551
7c9dJs7s,1,-62269
8c9dJs7s,1,-65135
9c9dJs7s,1,-60372
Jc9dJs7s,1,-93826
Ac9dJs7s,1,-61626
8cTdJs7s,1,-78482
QdJdJs7s,1,-124256
AdJdJs7s,1,-94507
4cJdJs7s,0.36,-93717
9cJdJs7s,1,-93826
QcJdJs7s,1,-124256
AcJdJs7s,1,-94507
7cQdJs7s,1,-94373
8cQdJs7s,1,-99374
JcQdJs7s,1,-124256
7cKdJs7s,1,-83280
5cAdJs7s,1,-74807
7cAdJs7s,1,-67831
8cAdJs7s,1,-73130
9cAdJs7s,1,-61626
JcAdJs7s,1,-94507
Jc2cJs7s,0.865,-105051
Ac2cJs7s,1,-82335
Tc3cJs7s,0.99,-81640
Ac3cJs7s,0.22,-66403
5c4cJs7s,0.001,-131859
7c4cJs7s,0.49,-67618
Tc4cJs7s,1,-78813
Jc4cJs7s,0.36,-93717
Qc4cJs7s,1,-97750
7c5cJs7s,1,-67605
9c5cJs7s,1,-66551
Tc5cJs7s,1,-82036
Qc5cJs7s,1,-102648
Ac5cJs7s,1,-74807
8c7cJs7s,1,-67475
9c7cJs7s,1,-62269
Qc7cJs7s,1,-94373
Kc7cJs7s,1,-83280
Ac7cJs7s,1,-67831
9c8cJs7s,1,-65135
Tc8cJs7s,1,-78482
Qc8cJs7s,1,-99374
Ac8cJs7s,1,-73130
Jc9cJs7s,1,-93826
Ac9cJs7s,1,-61626
QcJcJs7s,1,-124256
AcJcJs7s,1,-94507
4h3hAs7s,1,467750
5h3hAs7s,1,467708
7h3hAs7s,1,467761
Th3hAs7s,0.74,467739
Jh3hAs7s,1,467746
Qh3hAs7s,1,467738
4d3hAs7s,0.63,467759
5d3hAs7s,1,467749
Td3hAs7s,1,467730
Jd3hAs7s,1,467732
Qd3hAs7s,1,467734
4c3hAs7s,0.63,467759
5c3hAs7s,1,467749
7c3hAs7s,1,467735
Tc3hAs7s,1,467730
Jc3hAs7s,1,467732
Qc3hAs7s,1,467734
5h4hAs7s,1,467742
7h4hAs7s,1,467772
Th4hAs7s,0.63,467760
Jh4hAs7s,1,467758
Qh4hAs7s,1,467763
4d4hAs7s,0.94,467769
5d4hAs7s,1,467756
Td4hAs7s,1,467751
Jd4hAs7s,1,467749
Qd4hAs7s,1,467746
4c4hAs7s,0.94,467769
5c4hAs7s,1,467756
7c4hAs7s,1,467747
Tc4hAs7s,1,467751
Jc4hAs7s,1,467749
Qc4hAs7s,1,467746
6h5hAs7s,0.0144,0
7h5hAs7s,1,467765
Th5hAs7s,1,467750
Jh5hAs7s,1,467760
Qh5hAs7s,1,467715
Ah5hAs7s,0.465,467729
4d5hAs7s,1,467753
5d5hAs7s,1,467745
9d5hAs7s,0.0221,0
Td5hAs7s,1,467756
Jd5hAs7s,1,467762
Qd5hAs7s,1,467742
4c5hAs7s,1,467753
5c5hAs7s,1,467745
7c5hAs7s,1,467769
9c5hAs7s,0.0221,0
Tc5hAs7s,1,467756
Jc5hAs7s,1,467762
Qc5hAs7s,1,467742
7h6hAs7s,1,467782
7c6hAs7s,0.645,467744
8h7hAs7s,1,467752
9h7hAs7s,1,467759
Th7hAs7s,1,467733
Jh7hAs7s,1,467761
Qh7hAs7s,0.0161,0
3d7hAs7s,0.75,467749
4d7hAs7s,1,467752
5d7hAs7s,1,467747
8d7hAs7s,0.095,467751
9d7hAs7s,1,467741
Td7hAs7s,1,467737
Jd7hAs7s,1,467739
3c7hAs7s,0.75,467749
4c7hAs7s,1,467752
5c7hAs7s,1,467747
8c7hAs7s,0.095,467751
9c7hAs7s,1,467741
Tc7hAs7s,1,467737
Jc7hAs7s,1,467739
9h8hAs7s,1,467736
Th8hAs7s,1,467749
Jh8hAs7s,1,467741
Qh8hAs7s,0.635,467726
9d8hAs7s,0.96,467740
Td8hAs7s,1,467761
Jd8hAs7s,1,467755
Qd8hAs7s,1,467757
7c8hAs7s,1,467781
9c8hAs7s,0.96,467740
Tc8hAs7s,1,467761
Jc8hAs7s,1,467755
Qc8hAs7s,1,467757
Th9hAs7s,1,467745
Jh9hAs7s,1,467763
8d9hAs7s,0.96,467762
Td9hAs7s,1,467744
Jd9hAs7s,1,467751
Qd9hAs7s,0.315,467774
8c9hAs7s,0.96,467762
Tc9hAs7s,1,467744
Jc9hAs7s,1,467751
Qc9hAs7s,0.315,467774
4dThAs7s,1,467753
5dThAs7s,1,467746
8dThAs7s,1,467752
9dThAs7s,1,467763
TdThAs7s,1,467770
4cThAs7s,1,467753
5cThAs7s,1,467746
7cThAs7s,1,467740
8cThAs7s,1,467752
9cThAs7s,1,467763
TcThAs7s,1,467770
4dJhAs7s,1,467764
5dJhAs7s,1,467743
8dJhAs7s,1,467747
9dJhAs7s,1,467757
JdJhAs7s,1,467759
4cJhAs7s,1,467764
5cJhAs7s,1,467743
7cJhAs7s,1,467724
8cJhAs7s,1,467747
9cJhAs7s,1,467757
JcJhAs7s,1,467759
3dQhAs7s,1,467769
4dQhAs7s,1,467751
5dQhAs7s,1,467758
8dQhAs7s,1,467752
3cQhAs7s,1,467769
4cQhAs7s,1,467751
5cQhAs7s,1,467758
8cQhAs7s,1,467752
AdAhAs7s,1,467757
AcAhAs7s,1,467757
4d3dAs7s,0.625,467747
5d3dAs7s,0.615,467744
Td3dAs7s,0.795,467752
Jd3dAs7s,1,467749
Qd3dAs7s,1,467745
4c3dAs7s,0.3937,467747
5c3dAs7s,0.615,467744
7c3dAs7s,1,467742
Tc3dAs7s,0.795,467752
Jc3dAs7s,1,467749
Qc3dAs7s,1,467745
5d4dAs7s,0.34,467763
Td4dAs7s,1,467752
Jd4dAs7s,0.06,467747
Qd4dAs7s,1,467755
3c4dAs7s,0.3937,467747
4c4dAs7s,0.995,467769
5c4dAs7s,0.34,467763
7c4dAs7s,1,467740
Tc4dAs7s,1,467752
Jc4dAs7s,0.06,467747
Qc4dAs7s,1,467755
Td5dAs7s,1,467749
Jd5dAs7s,1,467746
Qd5dAs7s,1,467745
3c5dAs7s,0.615,467744
4c5dAs7s,0.34,467763
5c5dAs7s,1,467757
7c5dAs7s,1,467746
Tc5dAs7s,1,467749
Jc5dAs7s,1,467746
Qc5dAs7s,1,467745
7c6dAs7s,1,467742
9d8dAs7s,1,467751
Td8dAs7s,1,467741
Jd8dAs7s,1,467738
Qd8dAs7s,1,467755
7c8dAs7s,0.27,467801
9c8dAs7s,1,467751
Tc8dAs7s,1,467741
Jc8dAs7s,1,467738
Qc8dAs7s,1,467755
Td9dAs7s,1,467749
Jd9dAs7s,1,467755
7c9dAs7s,1,467746
8c9dAs7s,1,467751
Tc9dAs7s,1,467749
Jc9dAs7s,1,467755
3cTdAs7s,0.795,467752
4cTdAs7s,1,467752
5cTdAs7s,1,467749
7cTdAs7s,1,467755
8cTdAs7s,1,467741
9cTdAs7s,1,467749
TcTdAs7s,1,467746
3cJdAs7s,1,467749
4cJdAs7s,0.06,467747
5cJdAs7s,1,467746
7cJdAs7s,1,467750
8cJdAs7s,1,467738
9cJdAs7s,1,467755
JcJdAs7s,1,467759
3cQdAs7s,1,467745
4cQdAs7s,1,467755
5cQdAs7s,1,467745
7cQdAs7s,1,467753
8cQdAs7s,1,467755
AcAdAs7s,0.735,467750
7c2cAs7s,1,467738
4c3cAs7s,0.625,467747
5c3cAs7s,0.615,467744
7c3cAs7s,1,467742
Tc3cAs7s,0.795,467752
Jc3cAs7s,1,467749
Qc3cAs7s,1,467745
5c4cAs7s,0.34,467763
7c4cAs7s,1,467740
Tc4cAs7s,1,467752
Jc4cAs7s,0.06,467747
Qc4cAs7s,1,467755
7c5cAs7s,1,467746
Tc5cAs7s,1,467749
Jc5cAs7s,1,467746
Qc5cAs7s,1,467745
8c7cAs7s,0.27,467801
9c7cAs7s,1,467746
Tc7cAs7s,1,467755
Jc7cAs7s,1,467750
Qc7cAs7s,1,467753
9c8cAs7s,1,467751
Tc8cAs7s,1,467741
Jc8cAs7s,1,467738
Qc8cAs7s,1,467755
Tc9cAs7s,1,467749
Jc9cAs7s,1,467755
8d8h6h7s,1,-117272
8c8h6h7s,1,-117272
Kh9h6h7s,0.1866,-120621
Kd9d6h7s,0.3712,-126248
Kc9c6h7s,0.3712,-126248
8d9h8h7s,0.355,-126826
8c9h8h7s,0.355,-126826
8d6d8h7s,1,-118441
8d6dKh7s,0.88,-124380
9d6dKh7s,0.63,-117769
8c8d6d7s,0.97,-115150
8c9d8d7s,1,-123422
8cAd8d7s,0.385,-126713
9c8c8d7s,1,-123422
Ac8c8d7s,0.385,-126713
3hAsTs9s,1,467768
4hAsTs9s,1,467732
5hAsTs9s,1,467758
7hAsTs9s,1,467728
8hAsTs9s,1,467740
3dAsTs9s,1,467756
4dAsTs9s,1,467750
5dAsTs9s,1,467760
8dAsTs9s,1,467747
9dAsTs9s,1,467734
3cAsTs9s,1,467756
4cAsTs9s,1,467750
5cAsTs9s,1,467760
7cAsTs9s,1,467735
8cAsTs9s,1,467747
9cAsTs9s,1,467734
6h3hTs9s,1,-115500
7h3hTs9s,0.0399,-129285
8h3hTs9s,1,-114358
9h3hTs9s,1,-121607
Ah3hTs9s,0.645,-120906
5h4hTs9s,0.005,-110063
6h4hTs9s,1,-109981
7h4hTs9s,1,-116465
8h4hTs9s,1,-117452
9h4hTs9s,1,-121190
6h5hTs9s,0.48,-114869
7h5hTs9s,0.71,-125602
8h5hTs9s,1,-119009
9h5hTs9s,1,-121097
Ah5hTs9s,1,-120592
9d5hTs9s,1,-115631
Td5hTs9s,0.0682,-128107
9c5hTs9s,1,-115631
Tc5hTs9s,0.0682,-128107
7h6hTs9s,1,-100169
8h6hTs9s,1,-104603
8d6hTs9s,1,-100778
7c6hTs9s,1,-107790
8c6hTs9s,1,-100778
8h7hTs9s,1,-114131
9h7hTs9s,1,-123130
Th7hTs9s,1,-124209
Ah7hTs9s,1,-112046
6d7hTs9s,1,-105625
8d7hTs9s,1,-112692
9d7hTs9s,1,-113139
Ad7hTs9s,1,-114927
7c7hTs9s,1,-113701
8c7hTs9s,1,-112692
9c7hTs9s,1,-113139
Ac7hTs9s,1,-114927
9h8hTs9s,1,-111788
Th8hTs9s,1,-121174
Ah8hTs9s,1,-112259
6d8hTs9s,1,-101675
8d8hTs9s,1,-108927
9d8hTs9s,1,-105496
Ad8hTs9s,1,-117227
7c8hTs9s,1,-118226
8c8hTs9s,1,-108927
9c8hTs9s,1,-105496
Ac8hTs9s,1,-117227
Ah9hTs9s,1,-117069
5d9hTs9s,1,-119134
8d9hTs9s,1,-110080
Td9hTs9s,1,-121861
Ad9hTs9s,1,-113673
5c9hTs9s,1,-119134
7c9hTs9s,1,-115807
8c9hTs9s,1,-110080
Tc9hTs9s,1,-121861
Ac9hTs9s,1,-113673
AhThTs9s,1,-117698
5dThTs9s,0.1105,-126828
9dThTs9s,1,-119074
AdThTs9s,1,-122749
5cThTs9s,0.1105,-126828
9cThTs9s,1,-119074
AcThTs9s,1,-122749
9dAhTs9s,1,-114238
TdAhTs9s,1,-125002
7cAhTs9s,1,-113622
9cAhTs9s,1,-114238
TcAhTs9s,1,-125002
8d2dTs9s,1,-123622
9d2dTs9s,1,-124148
8d3dTs9s,1,-118518
9d3dTs9s,1,-117693
8d4dTs9s,1,-114314
9d4dTs9s,1,-114216
Ad4dTs9s,0.04,-117061
Ac4dTs9s,0.0328,-117061
8d5dTs9s,1,-119171
9d5dTs9s,1,-116427
9c5dTs9s,1,-116427
8d6dTs9s,1,-97360
7c6dTs9s,1,-102420
8c6dTs9s,1,-97360
9d8dTs9s,1,-107895
Td8dTs9s,0.5124,-125166
Ad8dTs9s,1,-110650
7c8dTs9s,1,-112475
8c8dTs9s,1,-106993
9c8dTs9s,1,-107895
Tc8dTs9s,0.5124,-125166
Ac8dTs9s,1,-110650
Ad9dTs9s,1,-111254
5c9dTs9s,1,-116427
7c9dTs9s,1,-115136
8c9dTs9s,1,-107895
Ac9dTs9s,1,-111254
AdTdTs9s,1,-124199
8cTdTs9s,0.5124,-125166
AcTdTs9s,1,-124199
4cAdTs9s,0.0328,-117061
7cAdTs9s,1,-115889
8cAdTs9s,1,-110650
9cAdTs9s,1,-111254
TcAdTs9s,1,-124199
8c2cTs9s,1,-123622
9c2cTs9s,1,-124148
7c3cTs9s,0.995,-119458
8c3cTs9s,1,-118518
9c3cTs9s,1,-117693
7c4cTs9s,0.39,-121802
8c4cTs9s,1,-114314
9c4cTs9s,1,-114216
Ac4cTs9s,0.04,-117061
7c5cTs9s,1,-119780
8c5cTs9s,1,-119171
9c5cTs9s,1,-116427
8c7cTs9s,1,-112475
9c7cTs9s,1,-115136
Ac7cTs9s,1,-115889
9c8cTs9s,1,-107895
Tc8cTs9s,0.5124,-125166
Ac8cTs9s,1,-110650
Ac9cTs9s,1,-111254
AcTcTs9s,1,-124199
4hAsJs9s,0.71,467755
5hAsJs9s,1,467774
7hAsJs9s,1,467768
8hAsJs9s,1,467739
9hAsJs9s,0.655,467730
4dAsJs9s,0.71,467735
5dAsJs9s,1,467789
8dAsJs9s,1,467733
9dAsJs9s,1,467745
4cAsJs9s,0.71,467735
5cAsJs9s,1,467789
7cAsJs9s,1,467773
8cAsJs9s,1,467733
9cAsJs9s,1,467745
8h3hJs9s,0.99,-84224
9h3hJs9s,1,-79543
Jh3hJs9s,1,-105194
Ah3hJs9s,1,-84429
Jd3hJs9s,0.6,-105864
Jc3hJs9s,0.6,-105864
5h4hJs9s,0.99,-89633
7h4hJs9s,0.64,-74918
8h4hJs9s,0.98,-83300
9h4hJs9s,1,-77499
Jh4hJs9s,1,-106640
Ah4hJs9s,0.66,-78849
Jd4hJs9s,1,-110088
Jc4hJs9s,1,-110088
6h5hJs9s,1,-73365
7h5hJs9s,1,-78011
8h5hJs9s,1,-82233
9h5hJs9s,1,-74023
Jh5hJs9s,1,-104050
Ah5hJs9s,1,-84534
9d5hJs9s,1,-68935
Jd5hJs9s,0.65,-104985
7c5hJs9s,0.0398,-66735
9c5hJs9s,1,-68935
Jc5hJs9s,0.65,-104985
7h6hJs9s,1,-57724
8h6hJs9s,1,-69809
8d6hJs9s,1,-64440
7c6hJs9s,1,-64291
8c6hJs9s,1,-64440
8h7hJs9s,1,-70698
9h7hJs9s,1,-69076
Jh7hJs9s,1,-97787
Ah7hJs9s,1,-73477
6d7hJs9s,1,-59058
8d7hJs9s,1,-79846
9d7hJs9s,1,-63135
Jd7hJs9s,1,-95345
Ad7hJs9s,1,-76293
7c7hJs9s,1,-66572
8c7hJs9s,1,-79846
9c7hJs9s,1,-63135
Jc7hJs9s,1,-95345
Ac7hJs9s,1,-76293
9h8hJs9s,1,-65761
Jh8hJs9s,1,-104825
Ah8hJs9s,1,-79967
6d8hJs9s,1,-62043
8d8hJs9s,1,-80557
9d8hJs9s,1,-68367
Jd8hJs9s,1,-101058
Ad8hJs9s,1,-81689
7c8hJs9s,1,-75380
8c8hJs9s,1,-80557
9c8hJs9s,1,-68367
Jc8hJs9s,1,-101058
Ac8hJs9s,1,-81689
Jh9hJs9s,1,-96119
Ah9hJs9s,1,-69874
5d9hJs9s,1,-74420
8d9hJs9s,1,-71456
Ad9hJs9s,1,-73397
5c9hJs9s,1,-74420
7c9hJs9s,1,-70986
8c9hJs9s,1,-71456
Ac9hJs9s,1,-73397
AhJhJs9s,1,-97774
2dJhJs9s,1,-112712
3dJhJs9s,0.27,-96420
4dJhJs9s,1,-105118
5dJhJs9s,0.11,-111354
9dJhJs9s,0.97,-89285
AdJhJs9s,1,-99743
2cJhJs9s,1,-112712
3cJhJs9s,0.27,-96420
4cJhJs9s,1,-105118
5cJhJs9s,0.11,-111354
7cJhJs9s,0.535,-100297
9cJhJs9s,0.97,-89285
AcJhJs9s,1,-99743
5dQhJs9s,0.01,-58922
5cQhJs9s,0.01,-58922
8dAhJs9s,0.635,-74307
9dAhJs9s,1,-68537
JdAhJs9s,1,-101852
7cAhJs9s,1,-77267
8cAhJs9s,0.635,-74307
9cAhJs9s,1,-68537
JcAhJs9s,1,-101852
8d2dJs9s,0.93,-90750
9d2dJs9s,1,-78458
Ad2dJs9s,1,-89249
8d3dJs9s,0.99,-81490
9d3dJs9s,1,-64326
Jd3dJs9s,1,-104768
Jc3dJs9s,1,-104768
5d4dJs9s,0.99,-85364
8d4dJs9s,0.98,-84001
9d4dJs9s,1,-68523
Jd4dJs9s,1,-101173
Jc4dJs9s,1,-101173
8d5dJs9s,1,-82318
9d5dJs9s,1,-69999
Jd5dJs9s,1,-103399
7c5dJs9s,0.05,-75911
9c5dJs9s,1,-69999
Jc5dJs9s,1,-103399
8d6dJs9s,1,-64241
7c6dJs9s,1,-59387
8c6dJs9s,1,-64241
9d8dJs9s,1,-63893
Jd8dJs9s,1,-102226
Ad8dJs9s,1,-78976
7c8dJs9s,1,-72566
8c8dJs9s,1,-79994
9c8dJs9s,1,-63893
Jc8dJs9s,1,-102226
Ac8dJs9s,1,-78976
Ad9dJs9s,1,-68076
5c9dJs9s,1,-69999
7c9dJs9s,1,-67090
8c9dJs9s,1,-63893
Ac9dJs9s,1,-68076
AdJdJs9s,1,-100663
3cJdJs9s,1,-104768
4cJdJs9s,1,-101173
5cJdJs9s,1,-103399
7cJdJs9s,0.785,-98099
8cJdJs9s,1,-102226
AcJdJs9s,1,-100663
7cAdJs9s,1,-73316
8cAdJs9s,1,-78976
9cAdJs9s,1,-68076
JcAdJs9s,1,-100663
8c2cJs9s,0.93,-90750
9c2cJs9s,1,-78458
Ac2cJs9s,1,-89249
8c3cJs9s,0.99,-81490
9c3cJs9s,1,-64326
Jc3cJs9s,1,-104768
5c4cJs9s,0.99,-85364
7c4cJs9s,0.64,-71433
8c4cJs9s,0.98,-84001
9c4cJs9s,1,-68523
Jc4cJs9s,1,-101173
7c5cJs9s,1,-75911
8c5cJs9s,1,-82318
9c5cJs9s,1,-69999
Jc5cJs9s,1,-103399
8c7cJs9s,1,-72566
9c7cJs9s,1,-67090
Jc7cJs9s,0.785,-98099
Ac7cJs9s,1,-73316
9c8cJs9s,1,-63893
Jc8cJs9s,1,-102226
Ac8cJs9s,1,-78976
Ac9cJs9s,1,-68076
AcJcJs9s,1,-100663
4h3hAs9s,1,467748
5h3hAs9s,1,467744
7h3hAs9s,0.705,467769
8h3hAs9s,0.52,467759
9h3hAs9s,1,467758
Th3hAs9s,1,467750
Jh3hAs9s,1,467752
Qh3hAs9s,1,467757
9d3hAs9s,1,467755
Td3hAs9s,1,467770
Qd3hAs9s,1,467746
9c3hAs9s,1,467755
Tc3hAs9s,1,467770
Qc3hAs9s,1,467746
5h4hAs9s,1,467744
7h4hAs9s,0.345,467764
9h4hAs9s,1,467775
Th4hAs9s,1,467748
Jh4hAs9s,1,467749
Qh4hAs9s,1,467762
5d4hAs9s,0.755,467745
Td4hAs9s,1,467739
Qd4hAs9s,1,467756
5c4hAs9s,0.755,467745
Tc4hAs9s,1,467739
Qc4hAs9s,1,467756
8h5hAs9s,0.3016,467756
9h5hAs9s,1,467725
Th5hAs9s,1,467737
Jh5hAs9s,1,467778
Qh5hAs9s,1,467755
5d5hAs9s,0.22,467729
Jd5hAs9s,0.31,467750
Qd5hAs9s,1,467741
5c5hAs9s,0.22,467729
Jc5hAs9s,0.31,467750
Qc5hAs9s,1,467741
9h6hAs9s,1,467748
8h7hAs9s,1,467713
9h7hAs9s,0.675,467731
Th7hAs9s,1,467745
Jh7hAs9s,1,467739
Qh7hAs9s,1,467745
Td7hAs9s,1,467740
Jd7hAs9s,1,467747
Qd7hAs9s,1,467753
7c7hAs9s,1,467747
Tc7hAs9s,1,467740
Jc7hAs9s,1,467747
Qc7hAs9s,1,467753
9h8hAs9s,1,467754
Th8hAs9s,1,467743
Jh8hAs9s,1,467747
Qh8hAs9s,1,467761
Td8hAs9s,1,467748
Jd8hAs9s,1,467740
Qd8hAs9s,1,467754
7c8hAs9s,0.565,467758
Tc8hAs9s,1,467748
Jc8hAs9s,1,467740
Qc8hAs9s,1,467754
Th9hAs9s,1,467754
Jh9hAs9s,1,467745
2d9hAs9s,1,467758
3d9hAs9s,0.285,467790
4d9hAs9s,0.0218,0
Td9hAs9s,1,467752
Jd9hAs9s,1,467757
2c9hAs9s,1,467758
3c9hAs9s,0.285,467790
4c9hAs9s,0.0218,0
Tc9hAs9s,1,467752
Jc9hAs9s,1,467757
5dThAs9s,0.655,467747
8dThAs9s,1,467736
9dThAs9s,1,467757
TdThAs9s,1,467749
5cThAs9s,0.655,467747
7cThAs9s,1,467751
8cThAs9s,1,467736
9cThAs9s,1,467757
TcThAs9s,1,467749
5dJhAs9s,0.32,467736
8dJhAs9s,1,467746
9dJhAs9s,1,467748
JdJhAs9s,1,467744
5cJhAs9s,0.32,467736
7cJhAs9s,1,467770
8cJhAs9s,1,467746
9cJhAs9s,1,467748
JcJhAs9s,1,467744
8dQhAs9s,1,467752
8cQhAs9s,1,467752
3dAhAs9s,0.0592,467732
3cAhAs9s,0.0592,467732
8d2dAs9s,1,467748
9d2dAs9s,1,467741
Td2dAs9s,1,467749
9c2dAs9s,1,467741
Tc2dAs9s,1,467749
9d3dAs9s,1,467750
Td3dAs9s,1,467751
Jd3dAs9s,1,467762
Qd3dAs9s,1,467743
9c3dAs9s,1,467750
Tc3dAs9s,1,467751
Jc3dAs9s,1,467762
Qc3dAs9s,1,467743
5d4dAs9s,1,467750
Td4dAs9s,1,467757
Jd4dAs9s,1,467755
Qd4dAs9s,1,467752
5c4dAs9s,1,467750
Tc4dAs9s,1,467757
Jc4dAs9s,1,467755
Qc4dAs9s,1,467752
9d5dAs9s,0.53,467740
Td5dAs9s,1,467743
Jd5dAs9s,1,467756
Qd5dAs9s,1,467768
4c5dAs9s,1,467750
5c5dAs9s,1,467746
9c5dAs9s,0.53,467740
Tc5dAs9s,1,467743
Jc5dAs9s,1,467756
Qc5dAs9s,1,467768
8d6dAs9s,0.045,467749
7c6dAs9s,0.001,0
8c6dAs9s,0.045,467749
9d8dAs9s,0.675,467745
Td8dAs9s,1,467740
Jd8dAs9s,1,467751
Qd8dAs9s,1,467760
7c8dAs9s,0.805,467769
8c8dAs9s,0.795,467747
9c8dAs9s,0.675,467745
Tc8dAs9s,1,467740
Jc8dAs9s,1,467751
Qc8dAs9s,1,467760
Td9dAs9s,1,467752
Jd9dAs9s,1,467750
2c9dAs9s,1,467741
3c9dAs9s,1,467750
5c9dAs9s,0.53,467740
8c9dAs9s,0.675,467745
Tc9dAs9s,1,467752
Jc9dAs9s,1,467750
2cTdAs9s,1,467749
3cTdAs9s,1,467751
4cTdAs9s,1,467757
5cTdAs9s,1,467743
7cTdAs9s,1,467754
8cTdAs9s,1,467740
9cTdAs9s,1,467752
TcTdAs9s,1,467720
3cJdAs9s,1,467762
4cJdAs9s,1,467755
5cJdAs9s,1,467756
7cJdAs9s,1,467762
8cJdAs9s,1,467751
9cJdAs9s,1,467750
JcJdAs9s,1,467753
3cQdAs9s,1,467743
4cQdAs9s,1,467752
5cQdAs9s,1,467768
7cQdAs9s,1,467759
8cQdAs9s,1,467760
7c2cAs9s,1,467743
8c2cAs9s,1,467748
9c2cAs9s,1,467741
Tc2cAs9s,1,467749
9c3cAs9s,1,467750
Tc3cAs9s,1,467751
Jc3cAs9s,1,467762
Qc3cAs9s,1,467743
5c4cAs9s,1,467750
Tc4cAs9s,1,467757
Jc4cAs9s,1,467755
Qc4cAs9s,1,467752
9c5cAs9s,0.53,467740
Tc5cAs9s,1,467743
Jc5cAs9s,1,467756
Qc5cAs9s,1,467768
8c7cAs9s,0.805,467769
Tc7cAs9s,1,467754
Jc7cAs9s,1,467762
Qc7cAs9s,1,467759
9c8cAs9s,0.675,467745
Tc8cAs9s,1,467740
Jc8cAs9s,1,467751
Qc8cAs9s,1,467760
Tc9cAs9s,1,467752
Jc9cAs9s,1,467750
AhKh8h9s,0.0148,-123739
8c8d9h9s,0.04,-121539
7h3hJsTs,1,-53661
8h3hJsTs,1,-50143
7h4hJsTs,1,-53569
8h4hJsTs,1,-53326
7h5hJsTs,1,-53454
8h5hJsTs,1,-57698
8h7hJsTs,1,-46519
8d7hJsTs,1,-42941
7c7hJsTs,0.43,-41628
8c7hJsTs,1,-42941
8d8hJsTs,0.995,-49221
7c8hJsTs,0.7,-44996
8c8hJsTs,0.995,-49221
8d5dJsTs,1,-53425
8c5dJsTs,0.29,-53425
5c8dJsTs,0.29,-53425
7c8dJsTs,1,-48999
8c5cJsTs,1,-53425
8c7cJsTs,1,-48999
4h3hAsTs,1,467736
5h3hAsTs,1,467756
7h3hAsTs,1,467751
8h3hAsTs,1,467739
9h3hAsTs,1,467750
Th3hAsTs,1,467762
3d3hAsTs,1,467752
4d3hAsTs,0.23,467730
5d3hAsTs,1,467753
8d3hAsTs,0.805,467770
3c3hAsTs,1,467752
4c3hAsTs,0.23,467730
5c3hAsTs,1,467753
8c3hAsTs,0.805,467770
5h4hAsTs,1,467743
7h4hAsTs,1,467748
8h4hAsTs,1,467756
9h4hAsTs,1,467748
Th4hAsTs,1,467770
3d4hAsTs,0.23,467816
4d4hAsTs,1,467740
5d4hAsTs,1,467746
8d4hAsTs,0.395,467764
Td4hAsTs,1,467746
3c4hAsTs,0.23,467816
4c4hAsTs,1,467740
5c4hAsTs,1,467746
8c4hAsTs,0.395,467764
Tc4hAsTs,1,467746
7h5hAsTs,1,467768
8h5hAsTs,1,467741
9h5hAsTs,1,467748
Th5hAsTs,1,467759
3d5hAsTs,1,467751
4d5hAsTs,1,467718
5d5hAsTs,1,467754
Td5hAsTs,0.4,467744
3c5hAsTs,1,467751
4c5hAsTs,1,467718
5c5hAsTs,1,467754
7c5hAsTs,1,467733
Tc5hAsTs,0.4,467744
8h7hAsTs,1,467766
9h7hAsTs,1,467757
Th7hAsTs,1,467759
4d7hAsTs,1,467741
5d7hAsTs,0.485,467754
8d7hAsTs,1,467754
9d7hAsTs,1,467745
4c7hAsTs,1,467741
5c7hAsTs,0.485,467754
7c7hAsTs,1,467745
8c7hAsTs,1,467754
9c7hAsTs,1,467745
9h8hAsTs,1,467782
Th8hAsTs,1,467732
2d8hAsTs,0.735,467729
8d8hAsTs,1,467741
9d8hAsTs,1,467754
Td8hAsTs,1,467750
2c8hAsTs,0.735,467729
7c8hAsTs,1,467737
8c8hAsTs,1,467741
9c8hAsTs,1,467754
Tc8hAsTs,1,467750
Th9hAsTs,1,467746
2d9hAsTs,0.725,467753
8d9hAsTs,1,467752
9d9hAsTs,1,467740
Td9hAsTs,1,467748
2c9hAsTs,0.725,467753
7c9hAsTs,1,467771
8c9hAsTs,1,467752
9c9hAsTs,1,467740
Tc9hAsTs,1,467748
3dThAsTs,0.0341,0
4dThAsTs,0.685,467752
9dThAsTs,1,467768
3cThAsTs,0.0341,0
4cThAsTs,0.685,467752
9cThAsTs,1,467768
5d2dAsTs,0.0208,467750
8d2dAsTs,1,467752
9d2dAsTs,0.975,467747
8c2dAsTs,1,467752
9c2dAsTs,0.975,467747
4d3dAsTs,1,467766
5d3dAsTs,1,467757
Td3dAsTs,0.01,467769
3c3dAsTs,1,467740
4c3dAsTs,0.23,467766
5c3dAsTs,1,467757
Tc3dAsTs,0.01,467769
5d4dAsTs,1,467752
8d4dAsTs,1,467749
Td4dAsTs,1,467756
3c4dAsTs,0.23,467766
4c4dAsTs,1,467743
5c4dAsTs,1,467752
7c4dAsTs,0.98,467750
8c4dAsTs,1,467749
Tc4dAsTs,1,467756
8d5dAsTs,1,467766
9d5dAsTs,1,467747
3c5dAsTs,1,467757
4c5dAsTs,1,467752
5c5dAsTs,1,467746
7c5dAsTs,0.445,467753
8c5dAsTs,1,467766
9c5dAsTs,1,467747
9d8dAsTs,1,467750
Td8dAsTs,1,467753
2c8dAsTs,1,467752
4c8dAsTs,1,467749
5c8dAsTs,1,467766
7c8dAsTs,1,467753
8c8dAsTs,1,467750
9c8dAsTs,1,467750
Tc8dAsTs,1,467753
Td9dAsTs,1,467755
2c9dAsTs,0.975,467747
5c9dAsTs,1,467747
7c9dAsTs,1,467745
8c9dAsTs,1,467750
9c9dAsTs,0.99,467786
Tc9dAsTs,1,467755
3cTdAsTs,0.01,467769
4cTdAsTs,1,467756
7cTdAsTs,1,467753
8cTdAsTs,1,467753
9cTdAsTs,1,467755
5c2cAsTs,0.0208,467750
7c2cAsTs,0.99,467760
8c2cAsTs,1,467752
9c2cAsTs,0.975,467747
4c3cAsTs,1,467766
5c3cAsTs,1,467757
Tc3cAsTs,0.01,467769
5c4cAsTs,1,467752
7c4cAsTs,0.98,467750
8c4cAsTs,1,467749
Tc4cAsTs,1,467756
7c5cAsTs,0.445,467753
8c5cAsTs,1,467766
9c5cAsTs,1,467747
8c7cAsTs,1,467753
9c7cAsTs,1,467745
Tc7cAsTs,1,467753
9c8cAsTs,1,467750
Tc8cAsTs,1,467753
Tc9cAsTs,1,467755
Kd8d6hTs,0.19,-117476
Kc8c6hTs,0.19,-117476
8d8h7hTs,1,-122112
8c8h7hTs,1,-122112
Kd6d7hTs,0.0009,-124722
8d9h8hTs,1,-113829
8c9h8hTs,1,-113829
9dKh8hTs,1,-123954
9cKh8hTs,1,-123954
8dAh8hTs,1,-122912
8cAh8hTs,1,-122912
9d8d8hTs,1,-116580
Ad8d8hTs,1,-120373
9c8d8hTs,0.38,-116580
Ac8d8hTs,1,-120373
8c9d8hTs,0.38,-116580
8cAd8hTs,1,-120373
8c7c8hTs,1,-120350
9c8c8hTs,1,-116580
Ac8c8hTs,1,-120373
8c8d9hTs,0.38,-117369
8c8dThTs,1,-123272
8d6dKhTs,0.0076,-124577
9d8dKhTs,0.615,-124706
8c8dKhTs,1,-120629
9c8dKhTs,0.615,-124706
8c9dKhTs,0.615,-124706
9c8cKhTs,0.615,-124706
8c8dAhTs,1,-117247
4cKd6dTs,0.0694,-127959
Kd9d8dTs,0.435,-121599
8c9d8dTs,1,-110831
Kc9d8dTs,0.435,-121599
9cKd8dTs,0.435,-121599
8cAd8dTs,1,-121009
8c7c8dTs,1,-120388
9c8c8dTs,1,-110831
Ac8c8dTs,1,-121009
Kc9c8dTs,0.435,-121599
8cKd9dTs,0.435,-121599
Kc8c9dTs,0.435,-121599
9c8cKdTs,0.435,-121599
Kc9c8cTs,0.435,-121599
4h3hAsJs,1,467745
5h3hAsJs,1,467773
7h3hAsJs,1,467742
8h3hAsJs,1,467698
9h3hAsJs,1,467751
Jh3hAsJs,1,467753
3d3hAsJs,1,467751
4d3hAsJs,1,467768
5d3hAsJs,1,467757
8d3hAsJs,0.955,467769
9d3hAsJs,1,467741
3c3hAsJs,1,467751
4c3hAsJs,1,467768
5c3hAsJs,1,467757
8c3hAsJs,0.955,467769
9c3hAsJs,1,467741
5h4hAsJs,1,467763
7h4hAsJs,1,467770
8h4hAsJs,1,467750
9h4hAsJs,1,467752
Jh4hAsJs,1,467704
3d4hAsJs,1,467755
4d4hAsJs,1,467750
5d4hAsJs,1,467748
8d4hAsJs,1,467751
9d4hAsJs,0.58,467741
3c4hAsJs,1,467755
4c4hAsJs,1,467750
5c4hAsJs,1,467748
7c4hAsJs,0.795,467709
8c4hAsJs,1,467751
9c4hAsJs,0.58,467741
7h5hAsJs,1,467743
8h5hAsJs,1,467763
9h5hAsJs,1,467791
Jh5hAsJs,1,467754
3d5hAsJs,1,467753
4d5hAsJs,1,467744
5d5hAsJs,1,467755
8d5hAsJs,0.52,467749
9d5hAsJs,1,467753
3c5hAsJs,1,467753
4c5hAsJs,1,467744
5c5hAsJs,1,467755
7c5hAsJs,1,467719
8c5hAsJs,0.52,467749
9c5hAsJs,1,467753
8h7hAsJs,1,467827
9h7hAsJs,1,467748
Jh7hAsJs,1,467754
4d7hAsJs,0.375,467789
5d7hAsJs,0.47,467730
8d7hAsJs,1,467739
9d7hAsJs,1,467742
4c7hAsJs,0.375,467789
5c7hAsJs,0.47,467730
7c7hAsJs,1,467773
8c7hAsJs,1,467739
9c7hAsJs,1,467742
9h8hAsJs,1,467756
Jh8hAsJs,1,467769
2d8hAsJs,0.0053,0
3d8hAsJs,1,467740
4d8hAsJs,0.785,467753
5d8hAsJs,1,467750
8d8hAsJs,1,467757
9d8hAsJs,1,467736
2c8hAsJs,0.0053,0
3c8hAsJs,1,467740
4c8hAsJs,0.785,467753
5c8hAsJs,1,467750
7c8hAsJs,1,467731
8c8hAsJs,1,467757
9c8hAsJs,1,467736
Jh9hAsJs,1,467738
2d9hAsJs,0.98,467756
4d9hAsJs,1,467738
5d9hAsJs,0.585,467757
8d9hAsJs,1,467768
9d9hAsJs,0.945,467746
Jd9hAsJs,0.585,467747
2c9hAsJs,0.98,467756
4c9hAsJs,1,467738
5c9hAsJs,0.585,467757
7c9hAsJs,1,467739
8c9hAsJs,1,467768
9c9hAsJs,0.945,467746
Jc9hAsJs,0.585,467747
8d2dAsJs,0.0052,0
9d2dAsJs,1,467755
8c2dAsJs,0.0001,0
9c2dAsJs,1,467755
4d3dAsJs,1,467748
5d3dAsJs,1,467749
9d3dAsJs,1,467781
3c3dAsJs,0.47,467764
4c3dAsJs,1,467748
5c3dAsJs,1,467749
7c3dAsJs,0.7987,467755
9c3dAsJs,1,467781
5d4dAsJs,1,467747
8d4dAsJs,1,467758
9d4dAsJs,1,467754
Jd4dAsJs,0.235,467756
3c4dAsJs,1,467748
4c4dAsJs,1,467738
5c4dAsJs,1,467747
7c4dAsJs,1,467754
8c4dAsJs,1,467758
9c4dAsJs,1,467754
Jc4dAsJs,0.235,467756
8d5dAsJs,1,467753
9d5dAsJs,1,467748
3c5dAsJs,1,467749
4c5dAsJs,1,467747
5c5dAsJs,1,467713
7c5dAsJs,0.94,467750
8c5dAsJs,1,467753
9c5dAsJs,1,467748
9d8dAsJs,1,467757
Jd8dAsJs,0.24,467756
2c8dAsJs,0.0001,0
4c8dAsJs,1,467758
5c8dAsJs,1,467753
7c8dAsJs,1,467758
8c8dAsJs,1,467759
9c8dAsJs,1,467757
Jc8dAsJs,0.24,467756
Jd9dAsJs,1,467754
2c9dAsJs,1,467755
3c9dAsJs,1,467781
4c9dAsJs,1,467754
5c9dAsJs,1,467748
7c9dAsJs,1,467757
8c9dAsJs,1,467757
9c9dAsJs,1,467733
Jc9dAsJs,1,467754
4cJdAsJs,0.235,467756
8cJdAsJs,0.24,467756
9cJdAsJs,1,467754
8c2cAsJs,0.0052,0
9c2cAsJs,1,467755
4c3cAsJs,1,467748
5c3cAsJs,1,467749
7c3cAsJs,0.815,467755
9c3cAsJs,1,467781
5c4cAsJs,1,467747
7c4cAsJs,1,467754
8c4cAsJs,1,467758
9c4cAsJs,1,467754
Jc4cAsJs,0.235,467756
7c5cAsJs,0.94,467750
8c5cAsJs,1,467753
9c5cAsJs,1,467748
8c7cAsJs,1,467758
9c7cAsJs,1,467757
9c8cAsJs,1,467757
Jc8cAsJs,0.24,467756
Jc9cAsJs,1,467754
8d8h7hJs,1,-84327
8c8h7hJs,1,-84327
8d9h8hJs,1,-80655
8c9h8hJs,1,-80655
8dTh8hJs,1,-91090
8cTh8hJs,1,-91090
8dAh8hJs,1,-87155
8cAh8hJs,1,-87155
9d8d8hJs,1,-75949
Td8d8hJs,1,-92758
Ad8d8hJs,1,-85098
9c8d8hJs,0.01,-75949
Tc8d8hJs,1,-92758
Ac8d8hJs,1,-85098
8c9d8hJs,0.01,-75949
8cTd8hJs,1,-92758
8cAd8hJs,1,-85098
8c7c8hJs,1,-83169
9c8c8hJs,1,-75949
Tc8c8hJs,1,-92758
Ac8c8hJs,1,-85098
8c8dThJs,1,-86520
8c8dAhJs,1,-85672
8c9d8dJs,1,-77350
8cTd8dJs,1,-93486
8cQd8dJs,0.155,-109428
8cAd8dJs,1,-86347
8c7c8dJs,1,-82346
9c8c8dJs,1,-77350
Tc8c8dJs,1,-93486
Qc8c8dJs,0.155,-109428
Ac8c8dJs,1,-86347
JhTh3hAs,0.0139,-342012
TdTh3hAs,0.0636,-341976
TcTh3hAs,0.0636,-341976
JdJh3hAs,0.003,0
JcJh3hAs,0.003,0
TcTd4hAs,0.012,0
Kh8h7hAs,0.002,0
8d8h7hAs,0.83,-80722
8c8h7hAs,0.83,-80722
8dKh7hAs,0.235,-139150
8cKh7hAs,0.235,-139150
9c9d7hAs,0.0029,0
8d9h8hAs,0.44,144954
8c9h8hAs,0.44,144954
8dTh8hAs,1,-74931
8cTh8hAs,1,-74931
8dJh8hAs,1,-91915
JdJh8hAs,0.0021,0
8cJh8hAs,1,-91915
JcJh8hAs,0.0021,0
AhKh8hAs,0.795,-42846
8dKh8hAs,0.3,-155918
AdKh8hAs,1,-118144
8cKh8hAs,0.3,-155918
AcKh8hAs,1,-118144
Kd3d8hAs,0.0065,0
8d5d8hAs,0.1677,-87740
Td8d8hAs,0.515,-125635
Jd8d8hAs,0.57,-120284
Qd8d8hAs,0.8693,-114882
Tc8d8hAs,0.515,-125635
Jc8d8hAs,0.57,-120284
Qc8d8hAs,0.8693,-114882
8cTd8hAs,0.515,-125635
8cJd8hAs,0.57,-120284
8cQd8hAs,0.8693,-114882
AdKd8hAs,0.4,-144137
7cKd8hAs,1,-111421
AcKd8hAs,0.4,-144137
KcAd8hAs,0.4,-144137
Kc3c8hAs,0.0065,0
8c5c8hAs,0.1677,-87740
8c7c8hAs,1,89782
Kc7c8hAs,1,-111421
Tc8c8hAs,0.515,-125635
Jc8c8hAs,0.57,-120284
Qc8c8hAs,0.8693,-114882
AcKc8hAs,0.4,-144137
8c8dThAs,1,-48340
8c8dJhAs,1,100005
8d5dKhAs,0.84,-31035
7c8dKhAs,0.215,-163642
8c5cKhAs,0.84,-31035
8c7cKhAs,0.215,-163642
8cQd8dAs,1,-58798
8cKd8dAs,0.825,-122111
Qc8c8dAs,1,-58798
Kc8c8dAs,0.825,-122111