5h4h5s2s,0.1386,-126000
Ah7h5s2s,0.0164,-126000
AhJh5s2s,0.635,-126000
Ad8d7s2s,0.002,-126000
AdJd7s2s,0.01,-126000
Ac8c7s2s,0.002,-126000
AcJc7s2s,0.01,-126000
TdAs9s2s,0.0143,0
TcAs9s2s,0.0143,0
Jh8h9s2s,0.92,-126000
Jh9h9s2s,0.88,-126000
TdTh9s2s,0.002,-126000
TcTh9s2s,0.002,-126000
AhJh9s2s,1,-126000
JdJh9s2s,0.95,-126000
JcJh9s2s,0.95,-126000
AdJd9s2s,1,-126000
JcJd9s2s,1,-126000
9c7c9s2s,0.0229,-126000
AcJc9s2s,1,-126000
Td6dTs2s,0.0059,-126000
AdKh8h2s,0.153,-126000
AcKh8h2s,0.153,-126000
KdAh8h2s,1,-126000
KcAh8h2s,1,-126000
AdKd8h2s,0.485,-126000
AcKc8h2s,0.485,-126000
8dAhKh2s,0.715,-126000
8cAhKh2s,0.715,-126000
Ad8dKh2s,1,-126000
AcAdKh2s,1,-126000
Ac7cKh2s,1,-126000
Ac8cKh2s,1,-126000
Kd8dAh2s,0.24,-126000
Kc8cAh2s,0.24,-126000
5h3h4s3s,0.121,-126000
Qh3h4s3s,0.0061,-126000
Qh5h4s3s,1,-126000
AhQh4s3s,1,-126000
Qd3d4s3s,0.0019,-126000
Qd5d4s3s,1,-126000
AdJd4s3s,0.454,-126000
Qc3c4s3s,0.0019,-126000
Qc5c4s3s,1,-126000
AcJc4s3s,0.454,-126000
4h3h5s3s,0.575,-126000
Qh3h5s3s,1,-126000
Kh3h5s3s,0.91,-126000
5d3h5s3s,1,-126000
5c3h5s3s,1,-126000
5h4h5s3s,0.485,-126000
Qh4h5s3s,1,-126000
Kh4h5s3s,1,-126000
7h5h5s3s,0.2633,-126000
Qh5h5s3s,0.98,-126000
Kh5h5s3s,1,-126000
3d5h5s3s,0.99,-126000
3c5h5s3s,0.99,-126000
JhTh5s3s,0.0715,-126000
AhJh5s3s,1,-126000
AhQh5s3s,1,-126000
Ad2d5s3s,0.345,-126000
5d3d5s3s,1,-126000
5c3d5s3s,1,-126000
Qd4d5s3s,1,-126000
3c5d5s3s,1,-126000
AdTd5s3s,0.51,-126000
AdJd5s3s,1,-126000
AdQd5s3s,0.255,-126000
Ac2c5s3s,0.345,-126000
5c3c5s3s,1,-126000
Qc4c5s3s,1,-126000
Kc7c5s3s,0.56,-126000
AcTc5s3s,0.51,-126000
AcJc5s3s,1,-126000
AcQc5s3s,0.255,-126000
KhJh7s3s,0.94,-126000
AhJh7s3s,0.5723,-126000
JdTd7s3s,1,-126000
JcTc7s3s,1,-126000
9h3h9s3s,0.195,-126000
Jh5h9s3s,0.89,-126000
Qh5h9s3s,0.0094,-126000
Kh5h9s3s,0.7861,-126000
Ah6h9s3s,0.0199,-126000
Kh7h9s3s,0.44,-126000
Jh8h9s3s,0.715,-126000
Jh9h9s3s,1,-126000
Qh9h9s3s,1,-126000
AhJh9s3s,1,-126000
Kd5d9s3s,0.6754,-126000
Jd8d9s3s,1,-126000
Jd9d9s3s,1,-126000
AdJd9s3s,0.425,-126000
Kc5c9s3s,0.6754,-126000
Jc8c9s3s,1,-126000
Jc9c9s3s,1,-126000
AcJc9s3s,0.425,-126000
9h3hTs3s,0.0058,-126000
Qh3hTs3s,0.46,-126000
QdThTs3s,0.445,-126000
QcThTs3s,0.445,-126000
Ad8dTs3s,0.0028,-126000
QdTdTs3s,0.1378,-126000
QcTdTs3s,0.1378,-126000
TcQdTs3s,0.1378,-126000
Ac7cTs3s,0.0038,-126000
Ac8cTs3s,0.0028,-126000
QcTcTs3s,0.1378,-126000
7c5cJs3s,0.0023,-126000
6d3hAs3s,0.0097,0
7c3hAs3s,0.0019,0
7c5hAs3s,0.2856,-125996
5d7hAs3s,0.0071,0
6d7hAs3s,0.0073,0
5c7hAs3s,0.0071,0
8d8hAs3s,0.0009,0
8c8hAs3s,0.0009,0
4d4h3h3s,1,-126000
4c4h3h3s,1,-126000
9d9h3h3s,1,-126000
9c9h3h3s,1,-126000
4dAh3h3s,1,-126000
5dAh3h3s,1,-126000
4cAh3h3s,1,-126000
5cAh3h3s,1,-126000
Ad4d3h3s,1,-126000
4c4d3h3s,1,-126000
Ad5d3h3s,1,-126000
Ac4c3h3s,1,-126000
Ac5c3h3s,1,-126000
3dAh4h3s,1,-126000
4dAh4h3s,1,-126000
5dAh4h3s,1,-126000
6dAh4h3s,0.0067,-126000
3cAh4h3s,1,-126000
4cAh4h3s,1,-126000
5cAh4h3s,1,-126000
7cAh4h3s,0.72,-126000
4d3d4h3s,1,-126000
Ad3d4h3s,1,-126000
4c3d4h3s,1,-126000
Ad4d4h3s,1,-126000
3c4d4h3s,1,-126000
Ad5d4h3s,1,-126000
4c3c4h3s,1,-126000
Ac3c4h3s,1,-126000
Ac4c4h3s,1,-126000
Ac5c4h3s,1,-126000
Ac7c4h3s,0.63,-126000
3dAh5h3s,1,-126000
4dAh5h3s,1,-126000
5dAh5h3s,1,-126000
6dAh5h3s,1,-126000
3cAh5h3s,1,-126000
4cAh5h3s,1,-126000
5cAh5h3s,1,-126000
7cAh5h3s,1,-126000
5d3d5h3s,1,-126000
Ad3d5h3s,1,-126000
5c3d5h3s,1,-126000
Ad4d5h3s,1,-126000
Ad5d5h3s,1,-126000
3c5d5h3s,1,-126000
Ad6d5h3s,1,-126000
Ad9d5h3s,0.04,-126000
5c3c5h3s,1,-126000
Ac3c5h3s,1,-126000
Ac4c5h3s,1,-126000
Ac5c5h3s,1,-126000
Ac7c5h3s,1,-126000
Ac9c5h3s,0.04,-126000
5dAh6h3s,1,-126000
5cAh6h3s,1,-126000
Ad4d6h3s,0.01,-126000
Ad5d6h3s,1,-126000
Ac4c6h3s,0.01,-126000
Ac5c6h3s,1,-126000
4dAh7h3s,0.63,-126000
5dAh7h3s,1,-126000
4cAh7h3s,0.63,-126000
5cAh7h3s,1,-126000
7cAh7h3s,1,-126000
Ad4d7h3s,0.72,-126000
Ad5d7h3s,1,-126000
Ac4c7h3s,0.72,-126000
Ac5c7h3s,1,-126000
Ac7c7h3s,1,-126000
9dAh8h3s,0.0035,-126000
TdAh8h3s,0.81,-126000
9cAh8h3s,0.0035,-126000
TcAh8h3s,0.81,-126000
5dAh9h3s,0.04,-126000
5cAh9h3s,0.04,-126000
9d3d9h3s,0.87,-126000
9c3c9h3s,0.87,-126000
8dAhJh3s,1,-126000
8cAhJh3s,1,-126000
8dAhKh3s,0.26,-126000
8cAhKh3s,0.26,-126000
Ad8dKh3s,1,-126000
Ac8cKh3s,1,-126000
4c4d3d3s,0.075,-126000
5c5d3d3s,1,-126000
9c9d3d3s,1,-126000
4cAd3d3s,1,-126000
5cAd3d3s,1,-126000
Ac4c3d3s,1,-126000
Ac5c3d3s,1,-126000
3cAd4d3s,1,-126000
4cAd4d3s,1,-126000
5cAd4d3s,1,-126000
7cAd4d3s,0.72,-126000
JcAd4d3s,1,-126000
4c3c4d3s,0.075,-126000
Ac3c4d3s,1,-126000
Ac4c4d3s,1,-126000
Ac5c4d3s,1,-126000
Ac7c4d3s,0.63,-126000
AcJc4d3s,1,-126000
3cAd5d3s,1,-126000
4cAd5d3s,1,-126000
5cAd5d3s,1,-126000
7cAd5d3s,1,-126000
5c3c5d3s,1,-126000
Ac3c5d3s,1,-126000
Ac4c5d3s,1,-126000
Ac5c5d3s,1,-126000
Ac7c5d3s,1,-126000
Ac9c5d3s,0.04,-126000
5cAd6d3s,1,-126000
Ac4c6d3s,0.01,-126000
Ac5c6d3s,1,-126000
AcKd8d3s,0.2672,-126000
9cAd8d3s,0.0075,-126000
KcAd8d3s,0.2672,-126000
Ac9c8d3s,0.0372,-126000
AcKc8d3s,0.2672,-126000
5cAd9d3s,0.04,-126000
8cAd9d3s,0.0372,-126000
9c3c9d3s,1,-126000
Ac8c9d3s,0.0075,-126000
4cAdJd3s,1,-126000
Ac4cJd3s,1,-126000
8cAdKd3s,0.2672,-126000
Ac8cKd3s,0.2672,-126000
Kc8cAd3s,0.2672,-126000
8hAs5s4s,0.0288,0
8dAs5s4s,0.0945,-126000
8cAs5s4s,0.0945,-126000
4h3h5s4s,1,-126000
5h3h5s4s,1,-126000
Qh3h5s4s,1,-126000
Kh3h5s4s,1,-126000
5h4h5s4s,1,-126000
7h4h5s4s,0.0078,-126000
Th4h5s4s,1,-126000
Jh4h5s4s,1,-126000
Qh4h5s4s,1,-126000
Kh4h5s4s,0.98,-126000
Ah4h5s4s,1,-126000
5d4h5s4s,1,-126000
5c4h5s4s,1,-126000
7h5h5s4s,1,-126000
8h5h5s4s,1,-126000
Th5h5s4s,1,-126000
Jh5h5s4s,1,-126000
Qh5h5s4s,1,-126000
Kh5h5s4s,1,-126000
Ah5h5s4s,1,-126000
4d5h5s4s,1,-126000
4c5h5s4s,1,-126000
8h7h5s4s,1,-126000
9h7h5s4s,1,-126000
Th7h5s4s,1,-126000
Jh7h5s4s,1,-126000
Qh7h5s4s,1,-126000
Kh7h5s4s,1,-126000
9h8h5s4s,0.315,-126000
Th8h5s4s,1,-126000
Jh8h5s4s,1,-126000
Qh8h5s4s,0.0144,-126000
Kh8h5s4s,1,-126000
Th9h5s4s,0.0138,-126000
Jh9h5s4s,0.9158,-126000
AhTh5s4s,1,-126000
AhJh5s4s,1,-126000
4d2d5s4s,1,-126000
5d2d5s4s,0.99,-126000
6d2d5s4s,0.215,-126000
Ad2d5s4s,0.825,-126000
4d3d5s4s,0.515,-126000
5d3d5s4s,1,-126000
Qd3d5s4s,1,-126000
Kd3d5s4s,0.345,-126000
5d4d5s4s,1,-126000
Td4d5s4s,1,-126000
Jd4d5s4s,1,-126000
Qd4d5s4s,1,-126000
5c4d5s4s,1,-126000
Ad5d5s4s,0.6,-126000
4c5d5s4s,1,-126000
Td8d5s4s,1,-126000
Jd8d5s4s,1,-126000
Kd8d5s4s,1,-126000
AdTd5s4s,1,-126000
AdJd5s4s,1,-126000
7cAd5s4s,0.1473,-126000
4c2c5s4s,1,-126000
5c2c5s4s,0.99,-126000
Ac2c5s4s,0.825,-126000
4c3c5s4s,0.515,-126000
5c3c5s4s,1,-126000
7c3c5s4s,0.77,-126000
Qc3c5s4s,1,-126000
Kc3c5s4s,0.345,-126000
5c4c5s4s,1,-126000
Tc4c5s4s,1,-126000
Jc4c5s4s,1,-126000
Qc4c5s4s,1,-126000
Ac5c5s4s,0.6,-126000
9c7c5s4s,0.755,-126000
Tc7c5s4s,1,-126000
Jc7c5s4s,1,-126000
Kc7c5s4s,1,-126000
Ac7c5s4s,0.1473,-126000
Tc8c5s4s,1,-126000
Jc8c5s4s,1,-126000
Kc8c5s4s,1,-126000
AcTc5s4s,1,-126000
AcJc5s4s,1,-126000
JhJs6s4s,0.0034,-126000
7cAs6s4s,0.0172,0
Jh4h6s4s,0.0096,-126000
5c5d6s4s,0.007,-126000
7h3h7s4s,0.725,-126000
5h4h7s4s,1,-126000
Kh4h7s4s,1,-126000
Ah4h7s4s,0.02,-126000
7h5h7s4s,0.425,-126000
Th5h7s4s,0.71,-126000
Qh5h7s4s,1,-126000
Kh5h7s4s,1,-126000
8d5h7s4s,0.0018,-126000
8c5h7s4s,0.0018,-126000
Th7h7s4s,0.78,-126000
Jh7h7s4s,0.0441,-126000
Qh7h7s4s,0.91,-126000
Kh7h7s4s,1,-126000
JhTh7s4s,1,-126000
KhTh7s4s,0.6732,-126000
KhJh7s4s,1,-126000
AhJh7s4s,1,-126000
Td4d7s4s,0.011,-126000
Td5d7s4s,1,-126000
Jd5d7s4s,1,-126000
Qd5d7s4s,0.1,-126000
Kd5d7s4s,1,-126000
Kd8d7s4s,0.06,-126000
Ad9d7s4s,0.005,-126000
JdTd7s4s,1,-126000
Tc4c7s4s,0.011,-126000
Tc5c7s4s,1,-126000
Jc5c7s4s,1,-126000
Qc5c7s4s,0.1,-126000
Kc5c7s4s,1,-126000
Kc8c7s4s,0.06,-126000
Ac9c7s4s,0.005,-126000
JcTc7s4s,1,-126000
QdAs9s4s,0.0075,0
QcAs9s4s,0.0075,0
5h4h9s4s,0.09,-126000
9h4h9s4s,1,-126000
Th4h9s4s,0.47,-126000
Ah4h9s4s,1,-126000
9d4h9s4s,1,-126000
9c4h9s4s,1,-126000
9h5h9s4s,1,-126000
Jh5h9s4s,0.98,-126000
Qh5h9s4s,0.24,-126000
Kh5h9s4s,1,-126000
Th7h9s4s,1,-126000
Jh7h9s4s,0.9751,-126000
Kh7h9s4s,1,-126000
Th8h9s4s,1,-126000
Ah8h9s4s,0.353,-126000
Th9h9s4s,1,-126000
Jh9h9s4s,1,-126000
Qh9h9s4s,1,-126000
Kh9h9s4s,1,-126000
Ah9h9s4s,0.615,-126000
4d9h9s4s,1,-126000
4c9h9s4s,1,-126000
AhTh9s4s,1,-126000
TdTh9s4s,0.4519,-126000
TcTh9s4s,0.4519,-126000
AhJh9s4s,1,-126000
AdAh9s4s,0.625,-126000
AcAh9s4s,0.625,-126000
5d4d9s4s,0.0221,-126000
9d4d9s4s,0.135,-126000
Td4d9s4s,0.47,-126000
Ad4d9s4s,1,-126000
9c4d9s4s,0.135,-126000
Td5d9s4s,0.0044,-126000
Jd5d9s4s,0.5978,-126000
Kd5d9s4s,1,-126000
Td8d9s4s,1,-126000
Jd8d9s4s,0.635,-126000
Td9d9s4s,1,-126000
Jd9d9s4s,1,-126000
Kd9d9s4s,1,-126000
4c9d9s4s,0.135,-126000
AdTd9s4s,0.235,-126000
AdJd9s4s,1,-126000
5c4c9s4s,0.0221,-126000
9c4c9s4s,0.135,-126000
Tc4c9s4s,0.47,-126000
Ac4c9s4s,1,-126000
7c5c9s4s,1,-126000
Tc5c9s4s,0.0044,-126000
Jc5c9s4s,0.5978,-126000
Kc5c9s4s,1,-126000
Tc7c9s4s,1,-126000
Jc7c9s4s,0.98,-126000
Kc7c9s4s,0.45,-126000
Tc8c9s4s,1,-126000
Jc8c9s4s,0.635,-126000
Tc9c9s4s,1,-126000
Jc9c9s4s,1,-126000
Kc9c9s4s,1,-126000
AcTc9s4s,0.235,-126000
AcJc9s4s,1,-126000
Jh3hTs4s,0.1298,-126000
Qh3hTs4s,1,-126000
Jh4hTs4s,1,-126000
Qh4hTs4s,1,-126000
Qh5hTs4s,1,-126000
8h7hTs4s,0.0645,-126000
Qh7hTs4s,0.34,-126000
Jh8hTs4s,0.685,-126000
Qh8hTs4s,0.875,-126000
QhThTs4s,0.52,-126000
KhThTs4s,1,-126000
Jd4dTs4s,1,-126000
Kd5dTs4s,1,-126000
QdTdTs4s,0.7007,-126000
QcTdTs4s,0.7007,-126000
TcQdTs4s,0.7007,-126000
7c4cTs4s,0.0064,-126000
Jc4cTs4s,1,-126000
Kc5cTs4s,1,-126000
Jc7cTs4s,0.58,-126000
QcTcTs4s,0.7007,-126000
Jd8hJs4s,0.0016,-126000
Jc8hJs4s,0.0016,-126000
9h8hAs4s,0.0176,-125975
9dAhAs4s,0.0292,-126002
9cAhAs4s,0.0292,-126002
3d4h3h4s,0.405,-126000
3c4h3h4s,0.405,-126000
3dAh3h4s,1,-126000
4dAh3h4s,0.98,-126000
5dAh3h4s,1,-126000
6dAh3h4s,0.59,-126000
3cAh3h4s,1,-126000
4cAh3h4s,0.98,-126000
5cAh3h4s,1,-126000
7cAh3h4s,1,-126000
4d3d3h4s,1,-126000
Ad3d3h4s,1,-126000
4c3d3h4s,1,-126000
Ad4d3h4s,1,-126000
3c4d3h4s,1,-126000
Ad5d3h4s,1,-126000
AdTd3h4s,0.2277,-126000
AdJd3h4s,1,-126000
4c3c3h4s,1,-126000
Ac3c3h4s,1,-126000
Ac4c3h4s,1,-126000
Ac5c3h4s,1,-126000
Ac7c3h4s,0.63,-126000
AcTc3h4s,0.2277,-126000
AcJc3h4s,1,-126000
Ah5h4h4s,1,-126000
7c7h4h4s,1,-126000
9d9h4h4s,1,-126000
9c9h4h4s,1,-126000
3dAh4h4s,1,-126000
5dAh4h4s,1,-126000
8dAh4h4s,1,-126000
3cAh4h4s,1,-126000
5cAh4h4s,1,-126000
7cAh4h4s,1,-126000
8cAh4h4s,1,-126000
Ad3d4h4s,0.98,-126000
3c3d4h4s,1,-126000
Ad5d4h4s,1,-126000
Ad8d4h4s,0.67,-126000
AdJd4h4s,0.0051,-126000
Ac3c4h4s,0.98,-126000
Ac5c4h4s,1,-126000
Ac7c4h4s,0.63,-126000
Ac8c4h4s,0.67,-126000
AcJc4h4s,0.0051,-126000
Ah6h5h4s,1,-126000
7c6h5h4s,1,-126000
Ah7h5h4s,1,-126000
6d7h5h4s,1,-126000
8d7h5h4s,0.048,-126000
Ad7h5h4s,1,-126000
7c7h5h4s,1,-126000
8c7h5h4s,0.048,-126000
Ac7h5h4s,1,-126000
Ah8h5h4s,0.0057,-126000
7c8h5h4s,0.21,-126000
3dAh5h4s,1,-126000
4dAh5h4s,1,-126000
5dAh5h4s,1,-126000
6dAh5h4s,1,-126000
8dAh5h4s,1,-126000
9dAh5h4s,1,-126000
3cAh5h4s,1,-126000
4cAh5h4s,1,-126000
5cAh5h4s,1,-126000
7cAh5h4s,1,-126000
8cAh5h4s,1,-126000
9cAh5h4s,1,-126000
Ad3d5h4s,1,-126000
6d4d5h4s,0.3386,-126000
Ad4d5h4s,1,-126000
6d5d5h4s,0.875,-126000
Ad5d5h4s,1,-126000
Ad6d5h4s,1,-126000
Ad8d5h4s,1,-126000
Ad9d5h4s,1,-126000
AdTd5h4s,0.0019,-126000
Ac3c5h4s,1,-126000
Ac4c5h4s,1,-126000
Ac5c5h4s,1,-126000
8c7c5h4s,0.9751,-126000
Ac7c5h4s,1,-126000
Ac8c5h4s,1,-126000
Ac9c5h4s,1,-126000
AcTc5h4s,0.0019,-126000
5d7h6h4s,1,-126000
5c7h6h4s,1,-126000
5dAh6h4s,1,-126000
5cAh6h4s,1,-126000
Ad3d6h4s,0.59,-126000
Ad5d6h4s,1,-126000
Ac3c6h4s,0.59,-126000
7c5c6h4s,1,-126000
Ac5c6h4s,1,-126000
5d8h7h4s,0.99,-126000
5c8h7h4s,0.99,-126000
3dAh7h4s,0.63,-126000
4dAh7h4s,1,-126000
5dAh7h4s,1,-126000
3cAh7h4s,0.63,-126000
4cAh7h4s,1,-126000
5cAh7h4s,1,-126000
7cAh7h4s,1,-126000
Ad3d7h4s,1,-126000
Ad4d7h4s,0.515,-126000
6d5d7h4s,1,-126000
8d5d7h4s,0.0483,-126000
Ad5d7h4s,1,-126000
Ac3c7h4s,1,-126000
Ac4c7h4s,0.515,-126000
7c5c7h4s,1,-126000
8c5c7h4s,0.0483,-126000
Ac5c7h4s,1,-126000
Ac7c7h4s,1,-126000
AhTh8h4s,0.54,-126000
TdTh8h4s,0.1421,-126000
AdTh8h4s,0.0798,-126000
TcTh8h4s,0.1421,-126000
AcTh8h4s,0.0798,-126000
AhJh8h4s,0.88,-126000
JdJh8h4s,1,-126000
AdJh8h4s,0.13,-126000
JcJh8h4s,1,-126000
AcJh8h4s,0.13,-126000
4dAh8h4s,0.67,-126000
5dAh8h4s,1,-126000
8dAh8h4s,1,-126000
TdAh8h4s,1,-126000
JdAh8h4s,0.76,-126000
4cAh8h4s,0.67,-126000
5cAh8h4s,1,-126000
8cAh8h4s,1,-126000
TcAh8h4s,1,-126000
JcAh8h4s,0.76,-126000
Ad5d8h4s,1,-126000
Ad8d8h4s,1,-126000
7c5c8h4s,0.0375,-126000
Ac5c8h4s,1,-126000
Ac8c8h4s,1,-126000
5dAh9h4s,1,-126000
9dAh9h4s,0.615,-126000
5cAh9h4s,1,-126000
9cAh9h4s,0.615,-126000
Ad5d9h4s,1,-126000
Ad9d9h4s,1,-126000
JdTd9h4s,0.99,-126000
Ac5c9h4s,1,-126000
Ac9c9h4s,1,-126000
JcTc9h4s,0.99,-126000
8dAhTh4s,0.87,-126000
8cAhTh4s,0.87,-126000
Ad3dTh4s,0.98,-126000
Td8dTh4s,0.29,-126000
Jd9dTh4s,1,-126000
Ac3cTh4s,0.98,-126000
Tc7cTh4s,0.0133,-126000
Tc8cTh4s,0.29,-126000
Jc9cTh4s,1,-126000
Ad3dJh4s,1,-126000
Ad4dJh4s,0.28,-126000
Ac3cJh4s,1,-126000
Ac4cJh4s,0.28,-126000
Td8dAh4s,0.1806,-126000
7c5cAh4s,1,-126000
Tc8cAh4s,0.1806,-126000
3c4d3d4s,1,-126000
3cAd3d4s,1,-126000
4cAd3d4s,0.98,-126000
5cAd3d4s,1,-126000
7cAd3d4s,1,-126000
TcAd3d4s,0.98,-126000
JcAd3d4s,1,-126000
4c3c3d4s,1,-126000
Ac3c3d4s,1,-126000
Ac4c3d4s,1,-126000
Ac5c3d4s,1,-126000
Ac7c3d4s,0.63,-126000
AcTc3d4s,0.23,-126000
AcJc3d4s,1,-126000
Ad5d4d4s,1,-126000
5c5d4d4s,1,-126000
5c6d4d4s,0.2455,-126000
3cAd4d4s,1,-126000
5cAd4d4s,1,-126000
Ac3c4d4s,0.98,-126000
Ac5c4d4s,1,-126000
Ad6d5d4s,1,-126000
5c6d5d4s,1,-126000
7c6d5d4s,1,-126000
Ad8d5d4s,0.01,-126000
7c8d5d4s,0.21,-126000
AdJd5d4s,0.063,-126000
AcJd5d4s,0.041,-126000
3cAd5d4s,1,-126000
4cAd5d4s,1,-126000
5cAd5d4s,1,-126000
7cAd5d4s,1,-126000
8cAd5d4s,1,-126000
9cAd5d4s,1,-126000
JcAd5d4s,0.065,-126000
Ac3c5d4s,1,-126000
5c4c5d4s,1,-126000
Ac4c5d4s,1,-126000
Ac5c5d4s,1,-126000
8c7c5d4s,0.99,-126000
Ac7c5d4s,1,-126000
Ac8c5d4s,1,-126000
Ac9c5d4s,1,-126000
AcJc5d4s,0.065,-126000
5cAd6d4s,1,-126000
Ac3c6d4s,0.59,-126000
5c4c6d4s,0.2308,-126000
7c5c6d4s,1,-126000
Ac5c6d4s,1,-126000
JcJd8d4s,0.91,-126000
5cAd8d4s,1,-126000
8cAd8d4s,1,-126000
7c5c8d4s,0.07,-126000
Ac5c8d4s,1,-126000
Ac8c8d4s,1,-126000
JcTd9d4s,0.7,-126000
TcJd9d4s,1,-126000
5cAd9d4s,1,-126000
9cAd9d4s,1,-126000
Ac5c9d4s,1,-126000
Ac9c9d4s,1,-126000
JcTc9d4s,0.99,-126000
9cJdTd4s,0.99,-126000
3cAdTd4s,0.23,-126000
Ac3cTd4s,0.98,-126000
Jc9cTd4s,1,-126000
3cAdJd4s,1,-126000
5cAdJd4s,0.065,-126000
Ac3cJd4s,1,-126000
Ac5cJd4s,0.065,-126000
Jc8cJd4s,0.91,-126000
Tc9cJd4s,0.7,-126000
7c5cAd4s,1,-126000
Jc5cAd4s,0.041,-126000
Ac5c4c4s,1,-126000
Ac7c5c4s,1,-126000
Ac8c5c4s,0.01,-126000
AcJc5c4s,0.063,-126000
5h3h7s5s,1,-126000
7h3h7s5s,0.655,-126000
9h3h7s5s,0.34,-126000
Jh3h7s5s,0.0059,-126000
Qh3h7s5s,0.0014,-126000
Kh3h7s5s,1,-126000
5h4h7s5s,1,-126000
7h4h7s5s,0.76,-126000
8h4h7s5s,0.57,-126000
Th4h7s5s,0.925,-126000
Jh4h7s5s,1,-126000
Qh4h7s5s,1,-126000
Kh4h7s5s,1,-126000
7c4h7s5s,0.005,-126000
7h5h7s5s,1,-126000
8h5h7s5s,1,-126000
9h5h7s5s,1,-126000
Th5h7s5s,0.99,-126000
Jh5h7s5s,1,-126000
Qh5h7s5s,1,-126000
Kh5h7s5s,1,-126000
Ah5h7s5s,0.155,-126000
7c5h7s5s,1,-126000
8h7h7s5s,0.015,-126000
9h7h7s5s,1,-126000
Th7h7s5s,1,-126000
Jh7h7s5s,1,-126000
Qh7h7s5s,1,-126000
Kh7h7s5s,1,-126000
Ah7h7s5s,0.9,-126000
5d7h7s5s,1,-126000
5c7h7s5s,1,-126000
Kh8h7s5s,1,-126000
8d9h7s5s,0.0551,-126000
8c9h7s5s,0.0551,-126000
JhTh7s5s,1,-126000
KhTh7s5s,1,-126000
AhTh7s5s,1,-126000
AhJh7s5s,1,-126000
AdJh7s5s,0.98,-126000
AcJh7s5s,0.98,-126000
JdAh7s5s,0.9653,-126000
JcAh7s5s,0.9653,-126000
8d3d7s5s,0.3102,-126000
9d3d7s5s,1,-126000
Jd3d7s5s,0.01,-126000
Kd3d7s5s,1,-126000
Td4d7s5s,1,-126000
Jd4d7s5s,1,-126000
Qd4d7s5s,0.44,-126000
Kd4d7s5s,1,-126000
Td5d7s5s,0.99,-126000
Jd5d7s5s,1,-126000
Ad5d7s5s,0.055,-126000
7c5d7s5s,1,-126000
Ac5d7s5s,0.0192,-126000
Kd8d7s5s,1,-126000
JdTd7s5s,1,-126000
AdTd7s5s,0.195,-126000
AdJd7s5s,1,-126000
AcJd7s5s,0.98,-126000
5cAd7s5s,0.0192,-126000
JcAd7s5s,0.98,-126000
8c3c7s5s,0.3102,-126000
9c3c7s5s,1,-126000
Jc3c7s5s,0.01,-126000
Kc3c7s5s,1,-126000
Tc4c7s5s,1,-126000
Jc4c7s5s,1,-126000
Qc4c7s5s,0.44,-126000
Kc4c7s5s,1,-126000
7c5c7s5s,1,-126000
Tc5c7s5s,0.99,-126000
Jc5c7s5s,1,-126000
Ac5c7s5s,0.055,-126000
Kc8c7s5s,1,-126000
JcTc7s5s,1,-126000
AcTc7s5s,0.195,-126000
AcJc7s5s,1,-126000
AsTs9s5s,0.0083,0
AsJs9s5s,0.0042,0
9h3h9s5s,1,-126000
Jh3h9s5s,0.7,-126000
Qh3h9s5s,0.04,-126000
Kh3h9s5s,0.41,-126000
5h4h9s5s,0.16,-126000
9h4h9s5s,1,-126000
Th4h9s5s,0.0089,-126000
Jh4h9s5s,1,-126000
Qh4h9s5s,0.84,-126000
Kh4h9s5s,1,-126000
6h5h9s5s,0.0629,-126000
7h5h9s5s,1,-126000
8h5h9s5s,1,-126000
9h5h9s5s,1,-126000
Th5h9s5s,0.18,-126000
Jh5h9s5s,1,-126000
Qh5h9s5s,1,-126000
Kh5h9s5s,1,-126000
Ah5h9s5s,1,-126000
9d5h9s5s,1,-126000
9c5h9s5s,1,-126000
9h6h9s5s,0.23,-126000
Th6h9s5s,0.76,-126000
Jh6h9s5s,1,-126000
9h7h9s5s,0.92,-126000
Th7h9s5s,1,-126000
Jh7h9s5s,1,-126000
Qh7h9s5s,0.99,-126000
Kh7h9s5s,1,-126000
9d7h9s5s,1,-126000
9c7h9s5s,1,-126000
9h8h9s5s,1,-126000
Th8h9s5s,1,-126000
Jh8h9s5s,1,-126000
Qh8h9s5s,0.975,-126000
Kh8h9s5s,1,-126000
Ah8h9s5s,0.545,-126000
7c8h9s5s,0.596,-126000
Th9h9s5s,1,-126000
Jh9h9s5s,1,-126000
Qh9h9s5s,1,-126000
Kh9h9s5s,1,-126000
Ah9h9s5s,1,-126000
5d9h9s5s,1,-126000
5c9h9s5s,1,-126000
7c9h9s5s,1,-126000
AhTh9s5s,1,-126000
AdTh9s5s,0.99,-126000
AcTh9s5s,0.99,-126000
AhJh9s5s,1,-126000
9dJh9s5s,0.01,-126000
AdJh9s5s,1,-126000
9cJh9s5s,0.01,-126000
AcJh9s5s,1,-126000
TdAh9s5s,0.4356,-126000
JdAh9s5s,1,-126000
AdAh9s5s,1,-126000
TcAh9s5s,0.4356,-126000
JcAh9s5s,1,-126000
AcAh9s5s,1,-126000
Kd3d9s5s,0.41,-126000
5d4d9s5s,0.056,-126000
8d4d9s5s,0.9021,-126000
Qd4d9s5s,0.1134,-126000
Kd4d9s5s,1,-126000
8d5d9s5s,1,-126000
9d5d9s5s,1,-126000
Td5d9s5s,0.18,-126000
Jd5d9s5s,1,-126000
Ad5d9s5s,1,-126000
9c5d9s5s,1,-126000
8d6d9s5s,0.0083,-126000
Jd6d9s5s,0.535,-126000
8c6d9s5s,0.0083,-126000
Td8d9s5s,1,-126000
Jd8d9s5s,1,-126000
Kd8d9s5s,0.005,-126000
7c8d9s5s,0.0282,-126000
Td9d9s5s,1,-126000
Jd9d9s5s,1,-126000
Qd9d9s5s,0.22,-126000
Kd9d9s5s,1,-126000
5c9d9s5s,1,-126000
7c9d9s5s,1,-126000
Jc9d9s5s,0.01,-126000
AdTd9s5s,1,-126000
TcTd9s5s,1,-126000
AcTd9s5s,0.99,-126000
AdJd9s5s,1,-126000
9cJd9s5s,0.01,-126000
JcJd9s5s,0.13,-126000
AcJd9s5s,1,-126000
TcAd9s5s,0.99,-126000
JcAd9s5s,1,-126000
7c3c9s5s,1,-126000
Kc3c9s5s,0.41,-126000
5c4c9s5s,0.056,-126000
7c4c9s5s,1,-126000
8c4c9s5s,0.9021,-126000
Qc4c9s5s,0.1134,-126000
Kc4c9s5s,1,-126000
7c5c9s5s,1,-126000
8c5c9s5s,1,-126000
9c5c9s5s,1,-126000
Tc5c9s5s,0.18,-126000
Jc5c9s5s,1,-126000
Ac5c9s5s,1,-126000
8c7c9s5s,0.0324,-126000
9c7c9s5s,1,-126000
Tc7c9s5s,1,-126000
Jc7c9s5s,1,-126000
Kc7c9s5s,1,-126000
Tc8c9s5s,1,-126000
Jc8c9s5s,1,-126000
Kc8c9s5s,0.005,-126000
Tc9c9s5s,1,-126000
Jc9c9s5s,1,-126000
Qc9c9s5s,0.22,-126000
Kc9c9s5s,1,-126000
AcTc9s5s,1,-126000
AcJc9s5s,1,-126000
Qh3hTs5s,1,-126000
Kh3hTs5s,1,-126000
5h4hTs5s,0.55,-126000
9h4hTs5s,0.01,-126000
Qh4hTs5s,1,-126000
Kh4hTs5s,1,-126000
9h5hTs5s,0.0855,-126000
Th5hTs5s,0.065,-126000
Jh5hTs5s,1,-126000
Qh5hTs5s,1,-126000
Kh5hTs5s,1,-126000
Th7hTs5s,0.2152,-126000
Jh7hTs5s,1,-126000
Qh7hTs5s,1,-126000
Kh7hTs5s,0.98,-126000
Jh8hTs5s,0.95,-126000
Qh8hTs5s,1,-126000
Th9hTs5s,1,-126000
Td9hTs5s,0.615,-126000
Tc9hTs5s,0.615,-126000
QhThTs5s,0.54,-126000
KhThTs5s,1,-126000
5dThTs5s,0.725,-126000
5cThTs5s,0.725,-126000
7cThTs5s,0.635,-126000
TdQhTs5s,0.0279,-126000
TcQhTs5s,0.0279,-126000
Ad2dTs5s,0.25,-126000
Kd3dTs5s,1,-126000
5d4dTs5s,0.595,-126000
Qd4dTs5s,0.475,-126000
Kd4dTs5s,1,-126000
Td5dTs5s,0.345,-126000
Jd5dTs5s,1,-126000
Tc5dTs5s,0.345,-126000
Jd8dTs5s,1,-126000
Kd8dTs5s,0.32,-126000
QdTdTs5s,1,-126000
5cTdTs5s,0.345,-126000
7cTdTs5s,0.31,-126000
QcTdTs5s,1,-126000
TcQdTs5s,1,-126000
Ac2cTs5s,0.25,-126000
Kc3cTs5s,1,-126000
5c4cTs5s,0.595,-126000
Qc4cTs5s,0.475,-126000
Kc4cTs5s,1,-126000
Tc5cTs5s,0.345,-126000
Jc5cTs5s,1,-126000
Tc7cTs5s,0.31,-126000
Jc7cTs5s,1,-126000
Kc7cTs5s,0.51,-126000
Jc8cTs5s,1,-126000
Kc8cTs5s,0.32,-126000
QcTcTs5s,1,-126000
QdJhJs5s,0.7,-126000
QcJhJs5s,0.7,-126000
QdJdJs5s,0.99,-126000
QcJdJs5s,0.99,-126000
JcQdJs5s,0.99,-126000
QcJcJs5s,0.99,-126000
3dAh3h5s,1,-126000
4dAh3h5s,1,-126000
5dAh3h5s,1,-126000
6dAh3h5s,1,-126000
8dAh3h5s,0.0061,-126000
9dAh3h5s,0.38,-126000
3cAh3h5s,1,-126000
4cAh3h5s,1,-126000
5cAh3h5s,1,-126000
7cAh3h5s,1,-126000
8cAh3h5s,0.0061,-126000
9cAh3h5s,0.38,-126000
5d3d3h5s,1,-126000
Ad3d3h5s,1,-126000
5c3d3h5s,1,-126000
Ad4d3h5s,1,-126000
Ad5d3h5s,1,-126000
3c5d3h5s,1,-126000
Ad6d3h5s,1,-126000
Ad9d3h5s,0.0278,-126000
AdJd3h5s,1,-126000
5c3c3h5s,1,-126000
Ac3c3h5s,1,-126000
Ac4c3h5s,1,-126000
Ac5c3h5s,1,-126000
Ac7c3h5s,1,-126000
Ac9c3h5s,0.0278,-126000
AcJc3h5s,1,-126000
Ah5h4h5s,1,-126000
4d5h4h5s,0.335,-126000
6d5h4h5s,1,-126000
4c5h4h5s,0.335,-126000
Ah6h4h5s,1,-126000
5d6h4h5s,0.0796,-126000
5c6h4h5s,0.0796,-126000
7c6h4h5s,1,-126000
Ah7h4h5s,1,-126000
6d7h4h5s,1,-126000
Ad7h4h5s,1,-126000
7c7h4h5s,1,-126000
Ac7h4h5s,1,-126000
Ah8h4h5s,0.65,-126000
7c8h4h5s,0.0151,-126000
3dAh4h5s,1,-126000
4dAh4h5s,1,-126000
5dAh4h5s,1,-126000
6dAh4h5s,1,-126000
8dAh4h5s,1,-126000
9dAh4h5s,1,-126000
3cAh4h5s,1,-126000
4cAh4h5s,1,-126000
5cAh4h5s,1,-126000
7cAh4h5s,1,-126000
8cAh4h5s,1,-126000
9cAh4h5s,1,-126000
Ad3d4h5s,1,-126000
5d4d4h5s,1,-126000
Ad4d4h5s,1,-126000
5c4d4h5s,1,-126000
6d5d4h5s,0.19,-126000
Ad5d4h5s,1,-126000
4c5d4h5s,1,-126000
Ad6d4h5s,1,-126000
Ad8d4h5s,1,-126000
Ad9d4h5s,1,-126000
AdJd4h5s,0.465,-126000
Ac3c4h5s,1,-126000
5c4c4h5s,1,-126000
Ac4c4h5s,1,-126000
Ac5c4h5s,1,-126000
8c7c4h5s,0.99,-126000
Ac7c4h5s,1,-126000
Ac8c4h5s,1,-126000
Ac9c4h5s,1,-126000
AcJc4h5s,0.465,-126000
4d6h5h5s,0.2226,-126000
4c6h5h5s,0.2226,-126000
Ah7h5h5s,1,-126000
6d7h5h5s,1,-126000
Ad7h5h5s,0.35,-126000
7c7h5h5s,0.51,-126000
Ac7h5h5s,0.35,-126000
Ah8h5h5s,0.2388,-126000
TdTh5h5s,1,-126000
TcTh5h5s,1,-126000
AhJh5h5s,0.2795,-126000
AdJh5h5s,1,-126000
AcJh5h5s,1,-126000
3dAh5h5s,1,-126000
4dAh5h5s,1,-126000
8dAh5h5s,1,-126000
9dAh5h5s,1,-126000
TdAh5h5s,0.3071,-126000
JdAh5h5s,0.28,-126000
3cAh5h5s,1,-126000
4cAh5h5s,1,-126000
7cAh5h5s,1,-126000
8cAh5h5s,1,-126000
9cAh5h5s,1,-126000
TcAh5h5s,0.3071,-126000
JcAh5h5s,0.28,-126000
Ad3d5h5s,1,-126000
3c3d5h5s,1,-126000
6d4d5h5s,0.0441,-126000
Ad4d5h5s,1,-126000
4c4d5h5s,0.945,-126000
Ad6d5h5s,0.205,-126000
AdTd5h5s,0.205,-126000
TcTd5h5s,1,-126000
JcJd5h5s,0.0123,-126000
Ac3c5h5s,1,-126000
Ac4c5h5s,1,-126000
Ac7c5h5s,0.04,-126000
AcTc5h5s,0.205,-126000
4d7h6h5s,1,-126000
5d7h6h5s,0.0129,-126000
4c7h6h5s,1,-126000
5c7h6h5s,0.0129,-126000
7c7h6h5s,0.505,-126000
8d8h6h5s,0.8112,-126000
8c8h6h5s,0.8112,-126000
AhJh6h5s,0.0365,-126000
3dAh6h5s,1,-126000
4dAh6h5s,1,-126000
3cAh6h5s,1,-126000
4cAh6h5s,1,-126000
Ad3d6h5s,1,-126000
5d4d6h5s,0.695,-126000
Ad4d6h5s,1,-126000
Ac3c6h5s,1,-126000
5c4c6h5s,0.695,-126000
7c4c6h5s,1,-126000
Ac4c6h5s,1,-126000
Ah8h7h5s,0.65,-126000
4d8h7h5s,0.99,-126000
8d8h7h5s,1,-126000
4c8h7h5s,0.99,-126000
7c8h7h5s,1,-126000
8c8h7h5s,1,-126000
9d9h7h5s,1,-126000
Ad9h7h5s,0.0365,-126000
7c9h7h5s,0.03,-126000
9c9h7h5s,1,-126000
Ac9h7h5s,0.0365,-126000
AdTh7h5s,0.0734,-126000
AcTh7h5s,0.0734,-126000
AdJh7h5s,0.48,-126000
AcJh7h5s,0.48,-126000
3dAh7h5s,1,-126000
4dAh7h5s,1,-126000
5dAh7h5s,1,-126000
8dAh7h5s,0.14,-126000
TdAh7h5s,0.325,-126000
JdAh7h5s,1,-126000
3cAh7h5s,1,-126000
4cAh7h5s,1,-126000
5cAh7h5s,1,-126000
7cAh7h5s,1,-126000
8cAh7h5s,0.14,-126000
TcAh7h5s,0.325,-126000
JcAh7h5s,1,-126000
Ad3d7h5s,1,-126000
6d4d7h5s,1,-126000
8d4d7h5s,0.0085,-126000
Ad4d7h5s,1,-126000
Ad5d7h5s,1,-126000
Kd6d7h5s,0.0077,-126000
AdJd7h5s,0.345,-126000
Ac3c7h5s,1,-126000
7c4c7h5s,1,-126000
8c4c7h5s,0.0085,-126000
Ac4c7h5s,1,-126000
Ac5c7h5s,1,-126000
8c7c7h5s,1,-126000
Ac7c7h5s,1,-126000
AcJc7h5s,0.345,-126000
Ah9h8h5s,0.67,-126000
AhTh8h5s,1,-126000
TdTh8h5s,1,-126000
TcTh8h5s,1,-126000
AhJh8h5s,1,-126000
9dJh8h5s,0.0037,-126000
JdJh8h5s,0.555,-126000
9cJh8h5s,0.0037,-126000
JcJh8h5s,0.555,-126000
4dAh8h5s,1,-126000
5dAh8h5s,1,-126000
8dAh8h5s,1,-126000
9dAh8h5s,0.565,-126000
TdAh8h5s,0.605,-126000
JdAh8h5s,1,-126000
4cAh8h5s,1,-126000
5cAh8h5s,1,-126000
8cAh8h5s,1,-126000
9cAh8h5s,0.565,-126000
TcAh8h5s,0.605,-126000
JcAh8h5s,1,-126000
Ad3d8h5s,0.007,-126000
Ad4d8h5s,1,-126000
Ad5d8h5s,1,-126000
Ad8d8h5s,1,-126000
AdTd8h5s,0.07,-126000
AdJd8h5s,0.435,-126000
JcJd8h5s,0.0287,-126000
Ac3c8h5s,0.007,-126000
7c4c8h5s,0.0053,-126000
Ac4c8h5s,1,-126000
Ac5c8h5s,1,-126000
8c7c8h5s,1,-126000
Ac7c8h5s,0.62,-126000
Ac8c8h5s,1,-126000
AcTc8h5s,0.07,-126000
AcJc8h5s,0.435,-126000
9dTh9h5s,1,-126000
JdTh9h5s,0.78,-126000
AdTh9h5s,0.0128,-126000
9cTh9h5s,1,-126000
JcTh9h5s,0.78,-126000
AcTh9h5s,0.0128,-126000
9dJh9h5s,1,-126000
TdJh9h5s,1,-126000
AdJh9h5s,0.265,-126000
9cJh9h5s,1,-126000
TcJh9h5s,1,-126000
AcJh9h5s,0.265,-126000
9dQh9h5s,1,-126000
9cQh9h5s,1,-126000
3dAh9h5s,0.04,-126000
4dAh9h5s,1,-126000
5dAh9h5s,1,-126000
9dAh9h5s,1,-126000
JdAh9h5s,0.69,-126000
3cAh9h5s,0.04,-126000
4cAh9h5s,1,-126000
5cAh9h5s,1,-126000
9cAh9h5s,1,-126000
JcAh9h5s,0.69,-126000
Ad3d9h5s,0.38,-126000
Ad4d9h5s,1,-126000
Ad5d9h5s,0.415,-126000
Td9d9h5s,1,-126000
Jd9d9h5s,1,-126000
Ad9d9h5s,1,-126000
JdTd9h5s,1,-126000
AdTd9h5s,0.285,-126000
Ac3c9h5s,0.38,-126000
Ac4c9h5s,1,-126000
Ac5c9h5s,0.415,-126000
9c7c9h5s,1,-126000
Tc9c9h5s,1,-126000
Jc9c9h5s,1,-126000
Ac9c9h5s,1,-126000
JcTc9h5s,1,-126000
AcTc9h5s,0.285,-126000
8dJhTh5s,0.29,-126000
9dJhTh5s,1,-126000
8cJhTh5s,0.29,-126000
9cJhTh5s,1,-126000
8dAhTh5s,0.995,-126000
7cAhTh5s,0.45,-126000
8cAhTh5s,0.995,-126000
Ad3dTh5s,1,-126000
Td5dTh5s,1,-126000
Ad5dTh5s,0.0024,-126000
Tc5dTh5s,1,-126000
Td8dTh5s,0.95,-126000
Jd8dTh5s,0.2861,-126000
Ad8dTh5s,1,-126000
Td9dTh5s,1,-126000
Jd9dTh5s,1,-126000
Ad9dTh5s,0.055,-126000
5cTdTh5s,1,-126000
Ac3cTh5s,1,-126000
Tc5cTh5s,1,-126000
Ac5cTh5s,0.0024,-126000
Tc7cTh5s,1,-126000
Ac7cTh5s,0.73,-126000
Tc8cTh5s,0.95,-126000
Jc8cTh5s,0.2861,-126000
Ac8cTh5s,1,-126000
Tc9cTh5s,1,-126000
Jc9cTh5s,1,-126000
Ac9cTh5s,0.055,-126000
5dAhJh5s,1,-126000
8dAhJh5s,1,-126000
5cAhJh5s,1,-126000
7cAhJh5s,0.94,-126000
8cAhJh5s,1,-126000
Ad3dJh5s,1,-126000
Ad4dJh5s,0.36,-126000
Qd5dJh5s,0.0015,-126000
Td8dJh5s,0.0072,-126000
Jd8dJh5s,1,-126000
Ad8dJh5s,0.49,-126000
Jc8dJh5s,0.03,-126000
Td9dJh5s,0.78,-126000
Ad9dJh5s,1,-126000
8cJdJh5s,0.03,-126000
Ac3cJh5s,1,-126000
Ac4cJh5s,0.36,-126000
Qc5cJh5s,0.0015,-126000
Ac7cJh5s,0.62,-126000
Tc8cJh5s,0.0072,-126000
Jc8cJh5s,1,-126000
Ac8cJh5s,0.49,-126000
Tc9cJh5s,0.78,-126000
Ac9cJh5s,1,-126000
Jd9dQh5s,0.0052,-126000
Jc9cQh5s,0.0052,-126000
Td8dAh5s,0.645,-126000
Jd8dAh5s,0.72,-126000
7c4cAh5s,1,-126000
9c7cAh5s,0.0743,-126000
Tc7cAh5s,1,-126000
Jc7cAh5s,0.875,-126000
Tc8cAh5s,0.645,-126000
Jc8cAh5s,0.72,-126000
3c5d3d5s,1,-126000
3cAd3d5s,1,-126000
4cAd3d5s,1,-126000
5cAd3d5s,1,-126000
7cAd3d5s,1,-126000
9cAd3d5s,0.38,-126000
TcAd3d5s,0.815,-126000
JcAd3d5s,1,-126000
5c3c3d5s,1,-126000
Ac3c3d5s,1,-126000
Ac4c3d5s,1,-126000
Ac5c3d5s,1,-126000
Ac7c3d5s,1,-126000
Ac9c3d5s,0.04,-126000
AcTc3d5s,0.815,-126000
AcJc3d5s,1,-126000
Ad5d4d5s,1,-126000
Ad6d4d5s,1,-126000
5c6d4d5s,0.09,-126000
7c6d4d5s,1,-126000
Ad8d4d5s,0.65,-126000
7c8d4d5s,0.02,-126000
AdJd4d5s,1,-126000
AcJd4d5s,0.95,-126000
3cAd4d5s,1,-126000
4cAd4d5s,1,-126000
5cAd4d5s,1,-126000
7cAd4d5s,1,-126000
8cAd4d5s,1,-126000
9cAd4d5s,1,-126000
JcAd4d5s,1,-126000
Ac3c4d5s,1,-126000
Ac4c4d5s,1,-126000
Ac5c4d5s,1,-126000
8c7c4d5s,0.99,-126000
Ac7c4d5s,1,-126000
Ac8c4d5s,1,-126000
Ac9c4d5s,1,-126000
AcJc4d5s,1,-126000
4c6d5d5s,1,-126000
AdTd5d5s,0.0598,-126000
TcTd5d5s,1,-126000
3cAd5d5s,1,-126000
4cAd5d5s,1,-126000
7cAd5d5s,1,-126000
9cAd5d5s,0.995,-126000
TcAd5d5s,0.105,-126000
Ac3c5d5s,1,-126000
Ac4c5d5s,1,-126000
Ac7c5d5s,1,-126000
Ac9c5d5s,0.995,-126000
AcTc5d5s,0.105,-126000
3cAd6d5s,1,-126000
4cAd6d5s,1,-126000
Ac3c6d5s,1,-126000
5c4c6d5s,1,-126000
7c4c6d5s,1,-126000
Ac4c6d5s,1,-126000
TcTd8d5s,0.595,-126000
9cJd8d5s,0.01,-126000
4cAd8d5s,1,-126000
8cAd8d5s,1,-126000
7c4c8d5s,0.01,-126000
Ac4c8d5s,1,-126000
8c7c8d5s,1,-126000
Ac8c8d5s,1,-126000
9cTd9d5s,1,-126000
TcTd9d5s,1,-126000
JcTd9d5s,0.78,-126000
9cJd9d5s,1,-126000
TcJd9d5s,1,-126000
3cAd9d5s,0.04,-126000
4cAd9d5s,1,-126000
5cAd9d5s,0.995,-126000
9cAd9d5s,1,-126000
Ac3c9d5s,0.38,-126000
Ac4c9d5s,1,-126000
Ac5c9d5s,0.995,-126000
9c7c9d5s,1,-126000
Jc8c9d5s,0.01,-126000
Tc9c9d5s,1,-126000
Jc9c9d5s,1,-126000
Ac9c9d5s,1,-126000
JcTc9d5s,1,-126000
9cJdTd5s,1,-126000
3cAdTd5s,0.815,-126000
5cAdTd5s,0.105,-126000
7cAdTd5s,0.01,-126000
Ac3cTd5s,0.815,-126000
Tc5cTd5s,1,-126000
Ac5cTd5s,0.105,-126000
Tc7cTd5s,1,-126000
Ac7cTd5s,0.01,-126000
Tc8cTd5s,0.595,-126000
Tc9cTd5s,1,-126000
Jc9cTd5s,1,-126000
3cAdJd5s,1,-126000
4cAdJd5s,1,-126000
Ac3cJd5s,1,-126000
Ac4cJd5s,1,-126000
Tc9cJd5s,0.78,-126000
7c4cAd5s,1,-126000
Jc4cAd5s,0.95,-126000
7c5cAd5s,0.35,-126000
Tc7cAd5s,0.01,-126000
Ac5c4c5s,1,-126000
Ac7c4c5s,1,-126000
Ac8c4c5s,0.65,-126000
AcJc4c5s,1,-126000
Ac7c5c5s,1,-126000
AcTc5c5s,0.0598,-126000
AcTc7c5s,0.01,-126000
Jh4h7s6s,0.0019,-126000
Jh5h9s6s,0.725,-126000
Jd7h9s6s,0.0637,-126000
Jc7h9s6s,0.0637,-126000
7cTh9s6s,0.0221,-126000
7cJd9s6s,0.231,-126000
Jc7c9s6s,0.825,-126000
5d3hAs6s,0.1706,-126002
5c3hAs6s,0.1706,-126002
9h5hAs6s,0.0653,-125994
4dAh3h6s,0.59,-126000
5dAh3h6s,1,-126000
4cAh3h6s,0.59,-126000
5cAh3h6s,1,-126000
Ad5d3h6s,1,-126000
Ac5c3h6s,1,-126000
Ah5h4h6s,1,-126000
7c5h4h6s,1,-126000
5d7h4h6s,1,-126000
5c7h4h6s,1,-126000
3dAh4h6s,0.003,-126000
5dAh4h6s,1,-126000
3cAh4h6s,0.003,-126000
5cAh4h6s,1,-126000
Ad3d4h6s,0.59,-126000
Ad5d4h6s,0.965,-126000
Ac3c4h6s,0.59,-126000
7c5c4h6s,1,-126000
Ac5c4h6s,0.965,-126000
Kc7c4h6s,1,-126000
Kh7h5h6s,0.0035,-126000
4d7h5h6s,1,-126000
4c7h5h6s,1,-126000
7c7h5h6s,0.835,-126000
3dAh5h6s,1,-126000
4dAh5h6s,1,-126000
3cAh5h6s,1,-126000
4cAh5h6s,1,-126000
Ad3d5h6s,1,-126000
Ad4d5h6s,0.675,-126000
Qd8d5h6s,0.0099,-126000
Kd8d5h6s,0.6059,-126000
Kd9d5h6s,0.2862,-126000
Ac3c5h6s,1,-126000
7c4c5h6s,1,-126000
Ac4c5h6s,0.675,-126000
Qc8c5h6s,0.0099,-126000
Kc8c5h6s,0.6059,-126000
Kc9c5h6s,0.2862,-126000
Qd8h7h6s,0.22,-126000
7c8h7h6s,1,-126000
Qc8h7h6s,0.22,-126000
Kd9h7h6s,0.69,-126000
Kc9h7h6s,0.69,-126000
JdTh7h6s,1,-126000
JcTh7h6s,1,-126000
TdJh7h6s,1,-126000
TcJh7h6s,1,-126000
AhQh7h6s,0.6014,-126000
8dQh7h6s,0.67,-126000
9dQh7h6s,0.175,-126000
AdQh7h6s,0.0029,-126000
7cQh7h6s,0.726,-126000
8cQh7h6s,0.67,-126000
9cQh7h6s,0.175,-126000
AcQh7h6s,0.0029,-126000
7cAh7h6s,1,-126000
5d4d7h6s,1,-126000
Qd8d7h6s,1,-126000
Kd8d7h6s,0.935,-126000
AdQd7h6s,1,-126000
5c4c7h6s,1,-126000
8c7c7h6s,0.645,-126000
Ac7c7h6s,0.05,-126000
Qc8c7h6s,1,-126000
Kc8c7h6s,0.935,-126000
AcQc7h6s,1,-126000
Qd9h8h6s,1,-126000
Qc9h8h6s,1,-126000
QdTh8h6s,0.235,-126000
KdTh8h6s,0.45,-126000
QcTh8h6s,0.235,-126000
KcTh8h6s,0.45,-126000
AhQh8h6s,1,-126000
5dQh8h6s,0.99,-126000
8dQh8h6s,1,-126000
9dQh8h6s,1,-126000
5cQh8h6s,0.99,-126000
7cQh8h6s,1,-126000
8cQh8h6s,1,-126000
9cQh8h6s,1,-126000
JdKh8h6s,0.0006,-126000
JcKh8h6s,0.0006,-126000
QdAh8h6s,0.97,-126000
QcAh8h6s,0.97,-126000
Qd5d8h6s,0.79,-126000
Kd5d8h6s,0.58,-126000
Qd8d8h6s,1,-126000
Qd9d8h6s,1,-126000
AdQd8h6s,1,-126000
AcAd8h6s,1,-126000
Qc5c8h6s,0.79,-126000
Kc5c8h6s,0.58,-126000
Qc7c8h6s,1,-126000
Kc7c8h6s,1,-126000
Qc8c8h6s,1,-126000
Qc9c8h6s,1,-126000
AcQc8h6s,1,-126000
AhQh9h6s,0.435,-126000
9dQh9h6s,0.315,-126000
7cQh9h6s,1,-126000
9cQh9h6s,0.315,-126000
7cKh9h6s,0.088,-126000
Qd8d9h6s,1,-126000
Qc8c9h6s,1,-126000
7cJhTh6s,1,-126000
7cAhTh6s,0.1339,-126000
Kd5dTh6s,0.93,-126000
Kc5cTh6s,0.93,-126000
5dKhJh6s,0.0006,-126000
5cKhJh6s,0.0006,-126000
AdAhQh6s,1,-126000
AcAhQh6s,1,-126000
Ad3dQh6s,1,-126000
Ad4dQh6s,1,-126000
Ad5dQh6s,0.205,-126000
Ad8dQh6s,1,-126000
Ad9dQh6s,1,-126000
AcAdQh6s,1,-126000
Ac3cQh6s,1,-126000
Ac4cQh6s,1,-126000
Ac5cQh6s,0.205,-126000
8c7cQh6s,0.22,-126000
9c7cQh6s,0.0041,-125999
Ac7cQh6s,1,-126000
Ac8cQh6s,1,-126000
Ac9cQh6s,1,-126000
Ad2dAh6s,0.135,-126000
Ac2dAh6s,0.135,-126000
Qd8dAh6s,1,-126000
Qd9dAh6s,0.0006,-126000
AdQdAh6s,1,-126000
AcQdAh6s,1,-126000
2cAdAh6s,0.135,-126000
QcAdAh6s,1,-126000
Ac2cAh6s,0.135,-126000
Qc8cAh6s,1,-126000
Qc9cAh6s,0.0006,-126000
AcQcAh6s,1,-126000
4cAd3d6s,0.59,-126000
5cAd3d6s,1,-126000
Ac4c3d6s,0.01,-126000
Ac5c3d6s,1,-126000
Ad5d4d6s,1,-126000
7c5d4d6s,1,-126000
8c8d4d6s,0.0088,-126000
7cKd4d6s,0.0006,-126000
3cAd4d6s,0.01,-126000
5cAd4d6s,1,-126000
Ac3c4d6s,0.59,-126000
7c5c4d6s,1,-126000
Ac5c4d6s,1,-126000
Kc7c4d6s,0.0006,-126000
8cQd5d6s,0.79,-126000
7cKd5d6s,0.81,-126000
3cAd5d6s,1,-126000
4cAd5d6s,1,-126000
Ac3c5d6s,1,-126000
7c4c5d6s,1,-126000
Ac4c5d6s,1,-126000
Kc7c5d6s,0.81,-126000
Qc8c5d6s,0.99,-126000
Qd9d8d6s,0.8,-126000
Qc9d8d6s,1,-126000
AdQd8d6s,1,-126000
5cQd8d6s,0.99,-126000
7cQd8d6s,1,-126000
8cQd8d6s,1,-126000
9cQd8d6s,1,-126000
AcQd8d6s,1,-126000
QcAd8d6s,1,-126000
8c4c8d6s,0.0088,-126000
Qc5c8d6s,0.79,-126000
Qc7c8d6s,1,-126000
Qc8c8d6s,1,-126000
Qc9c8d6s,1,-126000
AcQc8d6s,1,-126000
AdQd9d6s,1,-126000
8cQd9d6s,1,-126000
9cQd9d6s,1,-126000
AcQd9d6s,1,-126000
QcAd9d6s,1,-126000
Qc8c9d6s,1,-126000
Qc9c9d6s,1,-126000
AcQc9d6s,1,-126000
7cAdQd6s,1,-126000
8cAdQd6s,1,-126000
9cAdQd6s,1,-126000
AcAdQd6s,1,-126000
8c7cQd6s,0.22,-126000
Ac7cQd6s,1,-126000
9c8cQd6s,1,-126000
Ac8cQd6s,1,-126000
Ac9cQd6s,1,-126000
Qc7cAd6s,1,-126000
Ac7cAd6s,0.68,-126000
Qc8cAd6s,1,-126000
Qc9cAd6s,1,-126000
AcQcAd6s,1,-126000
Ac5c4c6s,1,-126000
Kc7c5c6s,0.0162,-126000
AcQc7c6s,1,-126000
Qc9c8c6s,0.8,-126000
AcQc8c6s,1,-126000
AcQc9c6s,1,-126000
7h3h9s7s,0.76,-126000
9h3h9s7s,0.57,-126000
Jh3h9s7s,0.2128,-126000
Kh3h9s7s,1,-126000
7h4h9s7s,1,-126000
9h4h9s7s,1,-126000
Th4h9s7s,0.945,-126000
Jh4h9s7s,0.8563,-126000
Kh4h9s7s,1,-126000
7h5h9s7s,1,-126000
9h5h9s7s,1,-126000
Th5h9s7s,1,-126000
Jh5h9s7s,0.9,-126000
Qh5h9s7s,1,-126000
Kh5h9s7s,1,-126000
9d5h9s7s,0.17,-126000
Ad5h9s7s,0.0243,-126000
9c5h9s7s,0.17,-126000
Ac5h9s7s,0.0243,-126000
9h7h9s7s,1,-126000
Th7h9s7s,1,-126000
Jh7h9s7s,1,-126000
Qh7h9s7s,1,-126000
Kh7h9s7s,1,-126000
5d7h9s7s,0.024,-126000
9d7h9s7s,0.3982,-126000
Td7h9s7s,1,-126000
Jd7h9s7s,0.99,-126000
5c7h9s7s,0.024,-126000
9c7h9s7s,0.3982,-126000
Tc7h9s7s,1,-126000
Jc7h9s7s,0.99,-126000
Th8h9s7s,0.985,-126000
Jh8h9s7s,1,-126000
Td8h9s7s,1,-126000
Jd8h9s7s,1,-126000
Kd8h9s7s,1,-126000
Tc8h9s7s,1,-126000
Jc8h9s7s,1,-126000
Kc8h9s7s,1,-126000
Th9h9s7s,1,-126000
Jh9h9s7s,1,-126000
Qh9h9s7s,1,-126000
Kh9h9s7s,0.09,-126000
Ah9h9s7s,0.74,-126000
Td9h9s7s,0.85,-126000
Jd9h9s7s,1,-126000
Kd9h9s7s,0.27,-126000
7c9h9s7s,0.185,-126000
Tc9h9s7s,0.85,-126000
Jc9h9s7s,1,-126000
Kc9h9s7s,0.27,-126000
AhTh9s7s,1,-126000
9dTh9s7s,0.255,-126000
AdTh9s7s,1,-126000
7cTh9s7s,1,-126000
9cTh9s7s,0.255,-126000
AcTh9s7s,1,-126000
AhJh9s7s,1,-126000
6dJh9s7s,0.2484,-126000
8dJh9s7s,1,-126000
9dJh9s7s,1,-126000
AdJh9s7s,1,-126000
7cJh9s7s,0.99,-126000
8cJh9s7s,1,-126000
9cJh9s7s,1,-126000
AcJh9s7s,1,-126000
9dQh9s7s,0.345,-126000
9cQh9s7s,0.345,-126000
8dKh9s7s,1,-126000
9dKh9s7s,0.595,-126000
8cKh9s7s,1,-126000
9cKh9s7s,0.595,-126000
TdAh9s7s,1,-126000
JdAh9s7s,1,-126000
TcAh9s7s,1,-126000
JcAh9s7s,1,-126000
9d2d9s7s,0.0398,-126000
5d3d9s7s,1,-126000
Kd3d9s7s,1,-126000
5d4d9s7s,0.595,-126000
Td4d9s7s,0.46,-126000
Kd4d9s7s,1,-126000
Td5d9s7s,1,-126000
Jd5d9s7s,1,-126000
Kd5d9s7s,1,-126000
7c5d9s7s,0.0272,-126000
Jd6d9s7s,1,-126000
Jc6d9s7s,0.92,-126000
Td8d9s7s,1,-126000
Jd8d9s7s,1,-126000
Kd8d9s7s,0.435,-126000
Tc8d9s7s,1,-126000
Jc8d9s7s,1,-126000
Kc8d9s7s,0.435,-126000
Td9d9s7s,1,-126000
Jd9d9s7s,1,-126000
Qd9d9s7s,0.175,-126000
Kd9d9s7s,1,-126000
7c9d9s7s,0.3,-126000
Tc9d9s7s,1,-126000
Jc9d9s7s,1,-126000
Qc9d9s7s,0.175,-126000
Kc9d9s7s,1,-126000
AdTd9s7s,1,-126000
7cTd9s7s,1,-126000
8cTd9s7s,1,-126000
9cTd9s7s,1,-126000
AcTd9s7s,1,-126000
AdJd9s7s,1,-126000
7cJd9s7s,0.99,-126000
8cJd9s7s,1,-126000
9cJd9s7s,1,-126000
AcJd9s7s,1,-126000
9cQd9s7s,0.175,-126000
8cKd9s7s,0.435,-126000
9cKd9s7s,1,-126000
TcAd9s7s,1,-126000
JcAd9s7s,1,-126000
9c2c9s7s,0.0398,-126000
5c3c9s7s,1,-126000
7c3c9s7s,0.76,-126000
Kc3c9s7s,1,-126000
5c4c9s7s,0.595,-126000
7c4c9s7s,1,-126000
Tc4c9s7s,0.46,-126000
Kc4c9s7s,1,-126000
7c5c9s7s,0.905,-126000
Tc5c9s7s,1,-126000
Jc5c9s7s,1,-126000
Kc5c9s7s,1,-126000
9c7c9s7s,0.3,-126000
Tc7c9s7s,1,-126000
Jc7c9s7s,1,-126000
Tc8c9s7s,1,-126000
Jc8c9s7s,1,-126000
Kc8c9s7s,0.435,-126000
Tc9c9s7s,1,-126000
Jc9c9s7s,1,-126000
Qc9c9s7s,0.175,-126000
Kc9c9s7s,1,-126000
AcTc9s7s,1,-126000
AcJc9s7s,1,-126000
Jh3hTs7s,1,-126000
Kh3hTs7s,0.1319,-126000
Jh4hTs7s,1,-126000
Qh4hTs7s,0.0333,-126000
Jh5hTs7s,0.41,-126000
Qh5hTs7s,1,-126000
Qh7hTs7s,0.76,-126000
Qh8hTs7s,1,-126000
QhThTs7s,1,-126000
KhThTs7s,0.3825,-126000
7cQhTs7s,0.335,-126000
Jd3dTs7s,0.42,-126000
Kd3dTs7s,0.07,-126000
Jd4dTs7s,0.545,-126000
Jd5dTs7s,1,-126000
Kd5dTs7s,0.175,-126000
QdTdTs7s,0.1034,-126000
QcTdTs7s,0.1034,-126000
TcQdTs7s,0.1034,-126000
Jc3cTs7s,0.42,-126000
Kc3cTs7s,0.07,-126000
Jc4cTs7s,0.545,-126000
Jc5cTs7s,1,-126000
Kc5cTs7s,0.175,-126000
QcTcTs7s,0.1034,-126000
KdJhJs7s,0.0065,-126000
KcJhJs7s,0.0065,-126000
5d4dJs7s,0.0023,-126000
5c4cJs7s,0.0023,-126000
6h5hAs7s,0.0131,0
9d5hAs7s,0.0167,0
9c5hAs7s,0.0167,0
Qh7hAs7s,0.014,0
3d7h3h7s,0.485,-126000
3c7h3h7s,0.485,-126000
4dAh3h7s,1,-126000
5dAh3h7s,1,-126000
4cAh3h7s,1,-126000
5cAh3h7s,1,-126000
Ad4d3h7s,0.72,-126000
Ad5d3h7s,1,-126000
Ac4c3h7s,0.72,-126000
Ac5c3h7s,1,-126000
Ac7c3h7s,1,-126000
Ah5h4h7s,1,-126000
6d5h4h7s,1,-126000
Ad5h4h7s,1,-126000
7c5h4h7s,1,-126000
Ac5h4h7s,1,-126000
5d6h4h7s,1,-126000
5c6h4h7s,1,-126000
7c6h4h7s,0.2,-126000
5d7h4h7s,1,-126000
6d7h4h7s,0.99,-126000
5c7h4h7s,1,-126000
5d8h4h7s,0.0053,-126000
5c8h4h7s,0.0053,-126000
3dAh4h7s,0.72,-126000
4dAh4h7s,0.38,-126000
5dAh4h7s,1,-126000
8dAh4h7s,0.075,-126000
3cAh4h7s,0.72,-126000
4cAh4h7s,0.38,-126000
5cAh4h7s,1,-126000
7cAh4h7s,1,-126000
8cAh4h7s,0.075,-126000
Ad3d4h7s,1,-126000
6d5d4h7s,1,-126000
8d5d4h7s,0.1323,-126000
Ad5d4h7s,1,-126000
AdTd4h7s,0.0099,-126000
Ac3c4h7s,1,-126000
7c5c4h7s,1,-126000
8c5c4h7s,0.1323,-126000
Ac5c4h7s,1,-126000
Ac7c4h7s,1,-126000
AcTc4h7s,0.0099,-126000
7h6h5h7s,1,-126000
9h6h5h7s,0.0033,-126000
4d6h5h7s,1,-126000
4c6h5h7s,1,-126000
7c6h5h7s,1,-126000
Ah7h5h7s,1,-126000
4d7h5h7s,1,-126000
5d7h5h7s,0.04,-126000
6d7h5h7s,1,-126000
8d7h5h7s,0.99,-126000
Ad7h5h7s,1,-126000
4c7h5h7s,1,-126000
5c7h5h7s,0.04,-126000
8c7h5h7s,0.99,-126000
Ac7h5h7s,1,-126000
Ah8h5h7s,0.085,-126000
4d8h5h7s,0.21,-126000
8d8h5h7s,1,-126000
4c8h5h7s,0.21,-126000
7c8h5h7s,0.04,-126000
8c8h5h7s,1,-126000
Ah9h5h7s,0.245,-126000
9d9h5h7s,1,-126000
9c9h5h7s,1,-126000
9dJh5h7s,0.0181,-126000
9cJh5h7s,0.0181,-126000
3dAh5h7s,1,-126000
4dAh5h7s,1,-126000
5dAh5h7s,1,-126000
8dAh5h7s,1,-126000
3cAh5h7s,1,-126000
4cAh5h7s,1,-126000
5cAh5h7s,1,-126000
7cAh5h7s,1,-126000
8cAh5h7s,1,-126000
Ad3d5h7s,1,-126000
6d4d5h7s,1,-126000
Ad4d5h7s,1,-126000
Ad5d5h7s,1,-126000
Ad8d5h7s,0.885,-126000
AdTd5h7s,1,-126000
Ac3c5h7s,1,-126000
7c4c5h7s,1,-126000
Ac4c5h7s,1,-126000
Ac5c5h7s,1,-126000
9c7c5h7s,0.0126,-126000
Ac7c5h7s,1,-126000
Ac8c5h7s,0.885,-126000
AcTc5h7s,1,-126000
9h7h6h7s,0.2172,-126000
Ah7h6h7s,1,-126000
4d7h6h7s,1,-126000
5d7h6h7s,1,-126000
9d7h6h7s,1,-126000
Td7h6h7s,0.19,-126000
Ad7h6h7s,1,-126000
4c7h6h7s,1,-126000
5c7h6h7s,1,-126000
9c7h6h7s,1,-126000
Tc7h6h7s,0.19,-126000
Ac7h6h7s,1,-126000
Th9h6h7s,1,-126000
Td9h6h7s,0.99,-126000
7c9h6h7s,1,-126000
Tc9h6h7s,0.99,-126000
AhTh6h7s,0.985,-126000
JdTh6h7s,0.4417,-126000
AdTh6h7s,0.16,-126000
JcTh6h7s,0.4417,-126000
AcTh6h7s,0.16,-126000
AhJh6h7s,1,-126000
9dKh6h7s,1,-126000
9cKh6h7s,1,-126000
TdAh6h7s,0.94,-126000
JdAh6h7s,0.4,-126000
7cAh6h7s,1,-126000
TcAh6h7s,0.94,-126000
JcAh6h7s,0.4,-126000
5d4d6h7s,1,-126000
Kd9d6h7s,0.3638,-126000
5c4c6h7s,1,-126000
7c4c6h7s,0.37,-126000
7c5c6h7s,1,-126000
9c7c6h7s,1,-126000
Tc7c6h7s,1,-126000
Ac7c6h7s,0.145,-126000
Kc9c6h7s,0.3638,-126000
9h8h7h7s,0.0038,-126000
Th8h7h7s,0.05,-126000
Ah8h7h7s,1,-126000
5d8h7h7s,1,-126000
9d8h7h7s,1,-126000
Td8h7h7s,1,-126000
Jd8h7h7s,0.81,-126000
Ad8h7h7s,1,-126000
5c8h7h7s,1,-126000
9c8h7h7s,1,-126000
Tc8h7h7s,1,-126000
Jc8h7h7s,0.81,-126000
Ac8h7h7s,1,-126000
6d9h7h7s,1,-126000
8d9h7h7s,1,-126000
Td9h7h7s,1,-126000
Jd9h7h7s,0.99,-126000
Ad9h7h7s,1,-126000
8c9h7h7s,1,-126000
Tc9h7h7s,1,-126000
Jc9h7h7s,0.99,-126000
Ac9h7h7s,1,-126000
6dTh7h7s,1,-126000
8dTh7h7s,1,-126000
9dTh7h7s,1,-126000
8cTh7h7s,1,-126000
9cTh7h7s,1,-126000
8dJh7h7s,1,-126000
9dJh7h7s,0.68,-126000
8cJh7h7s,1,-126000
9cJh7h7s,0.68,-126000
6dKh7h7s,0.091,-126000
3dAh7h7s,1,-126000
4dAh7h7s,1,-126000
5dAh7h7s,1,-126000
6dAh7h7s,1,-126000
8dAh7h7s,1,-126000
9dAh7h7s,1,-126000
3cAh7h7s,1,-126000
4cAh7h7s,1,-126000
5cAh7h7s,1,-126000
8cAh7h7s,1,-126000
9cAh7h7s,1,-126000
5d4d7h7s,1,-126000
6d4d7h7s,0.2,-126000
Ad4d7h7s,1,-126000
6d5d7h7s,1,-126000
Ad5d7h7s,1,-126000
9d6d7h7s,0.555,-126000
Kd6d7h7s,0.34,-126000
Ad6d7h7s,0.665,-126000
9d8d7h7s,0.445,-126000
Td8d7h7s,1,-126000
Jd8d7h7s,0.74,-126000
Ad8d7h7s,0.825,-126000
Td9d7h7s,1,-126000
Jd9d7h7s,1,-126000
Ad9d7h7s,1,-126000
9c9d7h7s,0.935,-126000
5c4c7h7s,1,-126000
Ac4c7h7s,1,-126000
Ac5c7h7s,1,-126000
9c8c7h7s,0.445,-126000
Tc8c7h7s,1,-126000
Jc8c7h7s,0.74,-126000
Ac8c7h7s,0.825,-126000
Tc9c7h7s,1,-126000
Jc9c7h7s,1,-126000
Ac9c7h7s,1,-126000
Th9h8h7s,1,-126000
Jh9h8h7s,1,-126000
Kh9h8h7s,1,-126000
Ah9h8h7s,1,-126000
8d9h8h7s,0.645,-126000
9d9h8h7s,1,-126000
Td9h8h7s,0.48,-126000
Jd9h8h7s,0.985,-126000
Ad9h8h7s,0.355,-126000
7c9h8h7s,1,-126000
8c9h8h7s,0.645,-126000
9c9h8h7s,1,-126000
Tc9h8h7s,0.48,-126000
Jc9h8h7s,0.985,-126000
Ac9h8h7s,0.355,-126000
JhTh8h7s,1,-126000
AhTh8h7s,1,-126000
8dTh8h7s,1,-126000
9dTh8h7s,0.96,-126000
TdTh8h7s,1,-126000
JdTh8h7s,1,-126000
AdTh8h7s,1,-126000
7cTh8h7s,1,-126000
8cTh8h7s,1,-126000
9cTh8h7s,0.96,-126000
TcTh8h7s,1,-126000
JcTh8h7s,1,-126000
AcTh8h7s,1,-126000
AhJh8h7s,1,-126000
8dJh8h7s,1,-126000
9dJh8h7s,1,-126000
TdJh8h7s,1,-126000
AdJh8h7s,1,-126000
7cJh8h7s,0.74,-126000
8cJh8h7s,1,-126000
9cJh8h7s,1,-126000
TcJh8h7s,1,-126000
AcJh8h7s,1,-126000
8dQh8h7s,1,-126000
8cQh8h7s,1,-126000
8dKh8h7s,0.935,-126000
9dKh8h7s,0.24,-126000
AdKh8h7s,0.71,-126000
8cKh8h7s,0.935,-126000
9cKh8h7s,0.24,-126000
AcKh8h7s,0.71,-126000
8dAh8h7s,1,-126000
9dAh8h7s,1,-126000
TdAh8h7s,1,-126000
JdAh8h7s,1,-126000
7cAh8h7s,1,-126000
8cAh8h7s,1,-126000
9cAh8h7s,1,-126000
TcAh8h7s,1,-126000
JcAh8h7s,1,-126000
8d5d8h7s,1,-126000
Ad5d8h7s,0.13,-126000
Kd6d8h7s,0.845,-126000
9d8d8h7s,1,-126000
Td8d8h7s,1,-126000
Jd8d8h7s,1,-126000
Qd8d8h7s,1,-126000
Kd8d8h7s,1,-126000
Ad8d8h7s,1,-126000
Jd9d8h7s,0.355,-126000
Kd9d8h7s,1,-126000
AdTd8h7s,0.0009,-126000
TcTd8h7s,1,-126000
AcTd8h7s,0.0009,-126000
AdJd8h7s,1,-126000
TcAd8h7s,0.0009,-126000
8c5c8h7s,1,-126000
Ac5c8h7s,0.13,-126000
9c7c8h7s,1,-126000
Tc7c8h7s,1,-126000
Jc7c8h7s,1,-126000
Kc7c8h7s,0.1097,-126000
Ac7c8h7s,1,-126000
9c8c8h7s,1,-126000
Tc8c8h7s,1,-126000
Jc8c8h7s,1,-126000
Qc8c8h7s,1,-126000
Kc8c8h7s,1,-126000
Ac8c8h7s,1,-126000
Jc9c8h7s,0.355,-126000
Kc9c8h7s,1,-126000
AcTc8h7s,0.0009,-126000
AcJc8h7s,1,-126000
6dTh9h7s,0.42,-126000
8dTh9h7s,1,-126000
9dTh9h7s,1,-126000
7cTh9h7s,1,-126000
8cTh9h7s,1,-126000
9cTh9h7s,1,-126000
6dJh9h7s,1,-126000
8dJh9h7s,1,-126000
9dJh9h7s,1,-126000
7cJh9h7s,1,-126000
8cJh9h7s,1,-126000
9cJh9h7s,1,-126000
8dKh9h7s,1,-126000
8cKh9h7s,1,-126000
6dAh9h7s,0.095,-126000
8dAh9h7s,1,-126000
7cAh9h7s,1,-126000
8cAh9h7s,1,-126000
9d5d9h7s,1,-126000
Td6d9h7s,1,-126000
9d8d9h7s,1,-126000
Jd8d9h7s,1,-126000
Kd8d9h7s,1,-126000
Ad8d9h7s,0.75,-126000
Td9d9h7s,1,-126000
Jd9d9h7s,1,-126000
Ad9d9h7s,1,-126000
7c9d9h7s,0.89,-126000
Tc9d9h7s,0.66,-126000
Ac9d9h7s,0.01,-126000
9cTd9h7s,0.66,-126000
9cAd9h7s,0.01,-126000
9c5c9h7s,1,-126000
8c7c9h7s,1,-126000
9c7c9h7s,0.89,-126000
Tc7c9h7s,1,-126000
Jc7c9h7s,1,-126000
Ac7c9h7s,1,-126000
9c8c9h7s,1,-126000
Jc8c9h7s,1,-126000
Kc8c9h7s,1,-126000
Ac8c9h7s,0.75,-126000
Tc9c9h7s,1,-126000
Jc9c9h7s,1,-126000
Ac9c9h7s,1,-126000
6dJhTh7s,0.69,-126000
8dJhTh7s,1,-126000
8cJhTh7s,1,-126000
8dAhTh7s,1,-126000
8cAhTh7s,1,-126000
Ad5dTh7s,0.165,-126000
9d6dTh7s,0.92,-126000
Ad6dTh7s,0.1202,-126000
9d8dTh7s,1,-126000
Td8dTh7s,1,-126000
Ad8dTh7s,1,-126000
Tc8dTh7s,1,-126000
Ac8dTh7s,1,-126000
9c9dTh7s,0.66,-126000
8cTdTh7s,1,-126000
8cAdTh7s,1,-126000
Ac5cTh7s,0.165,-126000
8c7cTh7s,1,-126000
9c7cTh7s,1,-126000
9c8cTh7s,1,-126000
Tc8cTh7s,1,-126000
Ac8cTh7s,1,-126000
8dAhJh7s,1,-126000
8cAhJh7s,1,-126000
9d6dJh7s,0.07,-126000
Ad6dJh7s,1,-126000
9d8dJh7s,1,-126000
Ad8dJh7s,1,-126000
8c7cJh7s,0.81,-126000
9c7cJh7s,0.99,-126000
9c8cJh7s,1,-126000
Ac8cJh7s,1,-126000
8dAhKh7s,0.59,-126000
8cAhKh7s,0.59,-126000
9d8dKh7s,1,-126000
Ad8dKh7s,0.35,-126000
Ac8dKh7s,0.35,-126000
8cAdKh7s,0.35,-126000
8c7cKh7s,0.99,-126000
9c8cKh7s,1,-126000
Ac8cKh7s,0.35,-126000
5d4dAh7s,1,-126000
8d5dAh7s,0.85,-126000
Jd6dAh7s,0.265,-126000
9d8dAh7s,1,-126000
Td8dAh7s,1,-126000
Jd8dAh7s,1,-126000
Kd8dAh7s,0.0404,-126000
Tc8dAh7s,1,-126000
Kc8dAh7s,0.0404,-126000
9c9dAh7s,0.01,-126000
8cTdAh7s,1,-126000
8cKdAh7s,0.0404,-126000
5c4cAh7s,1,-126000
7c5cAh7s,1,-126000
8c5cAh7s,0.85,-126000
8c7cAh7s,1,-126000
9c7cAh7s,1,-126000
9c8cAh7s,1,-126000
Tc8cAh7s,1,-126000
Jc8cAh7s,1,-126000
Kc8cAh7s,0.0404,-126000
4cAd3d7s,1,-126000
5cAd3d7s,1,-126000
Ac4c3d7s,0.72,-126000
Ac5c3d7s,1,-126000
Ac7c3d7s,1,-126000
Ad5d4d7s,1,-126000
7c5d4d7s,1,-126000
Ac5d4d7s,1,-126000
5c6d4d7s,1,-126000
7c6d4d7s,0.072,-126000
5c8d4d7s,0.0096,-126000
3cAd4d7s,0.72,-126000
5cAd4d7s,1,-126000
7cAd4d7s,1,-126000
Ac3c4d7s,1,-126000
7c5c4d7s,1,-126000
8c5c4d7s,0.1008,-126000
Ac5c4d7s,1,-126000
Ac7c4d7s,1,-126000
Kd6d5d7s,0.0312,-126000
4c6d5d7s,1,-126000
7c6d5d7s,1,-126000
4c8d5d7s,0.1008,-126000
8c8d5d7s,0.96,-126000
9c9d5d7s,0.725,-126000
3cAd5d7s,1,-126000
4cAd5d7s,1,-126000
5cAd5d7s,1,-126000
7cAd5d7s,1,-126000
Ac3c5d7s,1,-126000
7c4c5d7s,1,-126000
8c4c5d7s,0.0096,-126000
Ac4c5d7s,1,-126000
Ac5c5d7s,1,-126000
Ac7c5d7s,1,-126000
Kd8d6d7s,0.445,-126000
Kc8d6d7s,0.445,-126000
Td9d6d7s,0.435,-126000
Kd9d6d7s,0.91,-126000
7c9d6d7s,0.76,-126000
Tc9d6d7s,0.435,-126000
Kc9d6d7s,1,-126000
9cTd6d7s,0.435,-126000
5cKd6d7s,0.0726,-126000
7cKd6d7s,0.65,-126000
8cKd6d7s,0.445,-126000
9cKd6d7s,1,-126000
7cAd6d7s,1,-126000
5c4c6d7s,1,-126000
7c4c6d7s,0.36,-126000
7c5c6d7s,1,-126000
Kc5c6d7s,0.0726,-126000
9c7c6d7s,0.76,-126000
Tc7c6d7s,1,-126000
Kc7c6d7s,0.65,-126000
Ac7c6d7s,1,-126000
Kc8c6d7s,0.445,-126000
Tc9c6d7s,0.435,-126000
Kc9c6d7s,1,-126000
Td9d8d7s,1,-126000
Kd9d8d7s,1,-126000
Ad9d8d7s,0.35,-126000
9c9d8d7s,1,-126000
Tc9d8d7s,1,-126000
Kc9d8d7s,1,-126000
Ac9d8d7s,0.35,-126000
JdTd8d7s,0.295,-126000
AdTd8d7s,1,-126000
7cTd8d7s,1,-126000
8cTd8d7s,1,-126000
9cTd8d7s,1,-126000
TcTd8d7s,1,-126000
JcTd8d7s,0.295,-126000
AcTd8d7s,1,-126000
AdJd8d7s,1,-126000
7cJd8d7s,0.74,-126000
8cJd8d7s,1,-126000
TcJd8d7s,0.295,-126000
AcJd8d7s,1,-126000
8cQd8d7s,1,-126000
7cKd8d7s,1,-126000
8cKd8d7s,1,-126000
9cKd8d7s,1,-126000
8cAd8d7s,0.615,-126000
9cAd8d7s,0.35,-126000
TcAd8d7s,1,-126000
JcAd8d7s,1,-126000
8c5c8d7s,0.96,-126000
Tc7c8d7s,1,-126000
Jc7c8d7s,1,-126000
Kc7c8d7s,1,-126000
Tc8c8d7s,1,-126000
Jc8c8d7s,1,-126000
Qc8c8d7s,1,-126000
Kc8c8d7s,1,-126000
Ac8c8d7s,0.615,-126000
Tc9c8d7s,1,-126000
Kc9c8d7s,1,-126000
Ac9c8d7s,0.35,-126000
JcTc8d7s,0.295,-126000
AcTc8d7s,1,-126000
AcJc8d7s,1,-126000
JdTd9d7s,1,-126000
AdTd9d7s,0.125,-126000
7cTd9d7s,1,-126000
8cTd9d7s,1,-126000
9cTd9d7s,1,-126000
JcTd9d7s,1,-126000
AcTd9d7s,0.125,-126000
AdJd9d7s,1,-126000
7cJd9d7s,1,-126000
9cJd9d7s,1,-126000
TcJd9d7s,1,-126000
AcJd9d7s,1,-126000
8cKd9d7s,1,-126000
7cAd9d7s,1,-126000
8cAd9d7s,0.35,-126000
9cAd9d7s,1,-126000
TcAd9d7s,0.125,-126000
JcAd9d7s,1,-126000
9c5c9d7s,0.725,-126000
Tc7c9d7s,1,-126000
Jc7c9d7s,1,-126000
Ac7c9d7s,1,-126000
9c8c9d7s,1,-126000
Tc8c9d7s,1,-126000
Kc8c9d7s,1,-126000
Ac8c9d7s,0.35,-126000
Tc9c9d7s,1,-126000
Jc9c9d7s,1,-126000
Ac9c9d7s,1,-126000
JcTc9d7s,1,-126000
AcTc9d7s,0.125,-126000
AcJc9d7s,1,-126000
8cJdTd7s,0.295,-126000
9cJdTd7s,1,-126000
8cAdTd7s,1,-126000
9cAdTd7s,0.125,-126000
8c7cTd7s,1,-126000
9c7cTd7s,1,-126000
9c8cTd7s,1,-126000
Tc8cTd7s,1,-126000
Jc8cTd7s,0.295,-126000
Ac8cTd7s,1,-126000
Jc9cTd7s,1,-126000
Ac9cTd7s,0.125,-126000
8cAdJd7s,1,-126000
9cAdJd7s,1,-126000
8c7cJd7s,0.81,-126000
9c7cJd7s,0.99,-126000
Tc8cJd7s,0.295,-126000
Ac8cJd7s,1,-126000
Tc9cJd7s,1,-126000
Ac9cJd7s,1,-126000
8c7cKd7s,0.99,-126000
9c8cKd7s,1,-126000
5c4cAd7s,1,-126000
7c5cAd7s,1,-126000
9c7cAd7s,1,-126000
9c8cAd7s,0.35,-126000
Tc8cAd7s,1,-126000
Jc8cAd7s,1,-126000
Tc9cAd7s,0.125,-126000
Jc9cAd7s,1,-126000
Ac5c4c7s,1,-126000
Ac7c5c7s,1,-126000
Tc8c7c7s,0.05,-126000
Kc8c7c7s,1,-126000
Ac9c7c7s,1,-126000
Tc9c8c7s,1,-126000
Kc9c8c7s,1,-126000
Ac9c8c7s,0.35,-126000
JcTc8c7s,0.295,-126000
AcTc8c7s,1,-126000
AcJc8c7s,1,-126000
JcTc9c7s,1,-126000
AcTc9c7s,0.125,-126000
AcJc9c7s,1,-126000
7h3hTs9s,0.6251,-126000
Th3hTs9s,1,-126000
Td3hTs9s,1,-126000
Tc3hTs9s,1,-126000
5h4hTs9s,0.0035,-126000
Th4hTs9s,1,-126000
Ah4hTs9s,1,-126000
Td4hTs9s,1,-126000
Tc4hTs9s,1,-126000
7h5hTs9s,0.29,-126000
Th5hTs9s,1,-126000
Td5hTs9s,0.2418,-126000
Tc5hTs9s,0.2418,-126000
2dThTs9s,1,-126000
5dThTs9s,0.1495,-126000
2cThTs9s,1,-126000
5cThTs9s,0.1495,-126000
Td2dTs9s,0.025,-126000
Ad2dTs9s,1,-126000
Tc2dTs9s,0.025,-126000
Td3dTs9s,1,-126000
Tc3dTs9s,1,-126000
5d4dTs9s,0.05,-126000
Td4dTs9s,1,-126000
Tc4dTs9s,1,-126000
Td5dTs9s,0.89,-126000
Tc5dTs9s,0.89,-126000
Td8dTs9s,0.0026,-126000
Tc8dTs9s,0.0026,-126000
2cTdTs9s,0.025,-126000
3cTdTs9s,1,-126000
4cTdTs9s,1,-126000
5cTdTs9s,0.89,-126000
8cTdTs9s,0.0026,-126000
Tc2cTs9s,0.025,-126000
Ac2cTs9s,1,-126000
Tc3cTs9s,1,-126000
5c4cTs9s,0.05,-126000
Tc4cTs9s,1,-126000
Tc5cTs9s,0.89,-126000
Tc8cTs9s,0.0026,-126000
8h5hAs9s,0.2784,-126002
4d9hAs9s,0.0182,0
4c9hAs9s,0.0182,0
3dAhAs9s,0.0709,-125995
3cAhAs9s,0.0709,-125995
7c6dAs9s,0.0015,0
TdTh3h9s,0.395,-126000
TcTh3h9s,0.395,-126000
TdJh3h9s,0.25,-126000
TcJh3h9s,0.25,-126000
5dAh3h9s,0.38,-126000
9dAh3h9s,1,-126000
5cAh3h9s,0.38,-126000
9cAh3h9s,1,-126000
Ad8d3h9s,0.0037,-126000
Ad9d3h9s,0.91,-126000
JdTd3h9s,1,-126000
Ac8c3h9s,0.0037,-126000
Ac9c3h9s,0.91,-126000
JcTc3h9s,1,-126000
TdTh4h9s,0.465,-126000
JdTh4h9s,0.1248,-126000
TcTh4h9s,0.465,-126000
JcTh4h9s,0.1248,-126000
TdJh4h9s,0.92,-126000
TcJh4h9s,0.92,-126000
5dAh4h9s,1,-126000
9dAh4h9s,1,-126000
5cAh4h9s,1,-126000
9cAh4h9s,1,-126000
9d4d4h9s,1,-126000
Ad5d4h9s,1,-126000
Ad9d4h9s,1,-126000
JdTd4h9s,0.99,-126000
9c4c4h9s,1,-126000
Ac5c4h9s,1,-126000
Ac9c4h9s,1,-126000
JcTc4h9s,0.99,-126000
9h6h5h9s,0.0006,-126000
9d7h5h9s,0.89,-126000
9c7h5h9s,0.89,-126000
Ah9h5h9s,1,-126000
Ad9h5h9s,1,-126000
7c9h5h9s,1,-126000
Ac9h5h9s,1,-126000
AhJh5h9s,0.685,-126000
9dJh5h9s,0.99,-126000
TdJh5h9s,1,-126000
AdJh5h9s,1,-126000
9cJh5h9s,0.99,-126000
TcJh5h9s,1,-126000
AcJh5h9s,1,-126000
9dQh5h9s,0.204,-126000
9cQh5h9s,0.204,-126000
4dAh5h9s,0.79,-126000
5dAh5h9s,1,-126000
9dAh5h9s,1,-126000
TdAh5h9s,0.315,-126000
JdAh5h9s,0.525,-126000
4cAh5h9s,0.79,-126000
5cAh5h9s,1,-126000
9cAh5h9s,1,-126000
TcAh5h9s,0.315,-126000
JcAh5h9s,0.525,-126000
Ad3d5h9s,0.38,-126000
Ad4d5h9s,1,-126000
Td9d5h9s,1,-126000
Jd9d5h9s,1,-126000
Qd9d5h9s,0.0037,-126000
Ad9d5h9s,1,-126000
JdTd5h9s,1,-126000
Ac3c5h9s,0.38,-126000
Ac4c5h9s,1,-126000
9c7c5h9s,1,-126000
Tc9c5h9s,1,-126000
Jc9c5h9s,1,-126000
Qc9c5h9s,0.0037,-126000
Ac9c5h9s,1,-126000
JcTc5h9s,1,-126000
JhTh6h9s,0.084,-126000
Kd5d6h9s,0.02,-126000
Kd8d6h9s,0.03,-126000
Kc5c6h9s,0.02,-126000
Kc8c6h9s,0.03,-126000
9h8h7h9s,1,-126000
Th8h7h9s,1,-126000
Jh8h7h9s,0.725,-126000
Kh8h7h9s,1,-126000
Ah8h7h9s,1,-126000
8d8h7h9s,1,-126000
9d8h7h9s,1,-126000
Jd8h7h9s,1,-126000
Kd8h7h9s,0.065,-126000
Ad8h7h9s,1,-126000
7c8h7h9s,1,-126000
8c8h7h9s,1,-126000
9c8h7h9s,1,-126000
Jc8h7h9s,1,-126000
Kc8h7h9s,0.065,-126000
Ac8h7h9s,1,-126000
Th9h7h9s,1,-126000
Jh9h7h9s,1,-126000
Ah9h7h9s,1,-126000
5d9h7h9s,1,-126000
8d9h7h9s,1,-126000
Td9h7h9s,1,-126000
Jd9h7h9s,1,-126000
Ad9h7h9s,1,-126000
5c9h7h9s,1,-126000
8c9h7h9s,1,-126000
Tc9h7h9s,1,-126000
Jc9h7h9s,1,-126000
Ac9h7h9s,1,-126000
9dTh7h9s,1,-126000
JdTh7h9s,1,-126000
AdTh7h9s,1,-126000
7cTh7h9s,1,-126000
9cTh7h9s,1,-126000
JcTh7h9s,1,-126000
AcTh7h9s,1,-126000
6dJh7h9s,0.115,-126000
9dJh7h9s,1,-126000
TdJh7h9s,0.51,-126000
AdJh7h9s,1,-126000
7cJh7h9s,1,-126000
9cJh7h9s,1,-126000
TcJh7h9s,0.51,-126000
AcJh7h9s,1,-126000
7cQh7h9s,1,-126000
8dKh7h9s,1,-126000
8cKh7h9s,1,-126000
8dAh7h9s,1,-126000
9dAh7h9s,1,-126000
7cAh7h9s,1,-126000
8cAh7h9s,1,-126000
9cAh7h9s,1,-126000
9d5d7h9s,1,-126000
9d8d7h9s,0.885,-126000
Td8d7h9s,0.905,-126000
Jd8d7h9s,1,-126000
Kd8d7h9s,1,-126000
Ad8d7h9s,0.975,-126000
Td9d7h9s,1,-126000
Jd9d7h9s,1,-126000
Ad9d7h9s,1,-126000
Tc9d7h9s,0.66,-126000
Ac9d7h9s,0.01,-126000
JdTd7h9s,1,-126000
9cTd7h9s,0.66,-126000
JcTd7h9s,0.13,-126000
AdJd7h9s,1,-126000
TcJd7h9s,0.13,-126000
9cAd7h9s,0.01,-126000
9c5c7h9s,1,-126000
8c7c7h9s,1,-126000
Tc7c7h9s,1,-126000
Jc7c7h9s,1,-126000
Ac7c7h9s,1,-126000
9c8c7h9s,0.885,-126000
Tc8c7h9s,0.905,-126000
Jc8c7h9s,1,-126000
Kc8c7h9s,1,-126000
Ac8c7h9s,0.975,-126000
Tc9c7h9s,1,-126000
Jc9c7h9s,1,-126000
Ac9c7h9s,1,-126000
JcTc7h9s,1,-126000
AcJc7h9s,1,-126000
Th9h8h9s,1,-126000
Jh9h8h9s,1,-126000
Kh9h8h9s,1,-126000
Ah9h8h9s,1,-126000
Td9h8h9s,1,-126000
Jd9h8h9s,1,-126000
Kd9h8h9s,0.615,-126000
Ad9h8h9s,1,-126000
7c9h8h9s,1,-126000
Tc9h8h9s,1,-126000
Jc9h8h9s,1,-126000
Kc9h8h9s,0.615,-126000
Ac9h8h9s,1,-126000
JhTh8h9s,1,-126000
AhTh8h9s,1,-126000
8dTh8h9s,1,-126000
9dTh8h9s,1,-126000
TdTh8h9s,1,-126000
JdTh8h9s,1,-126000
AdTh8h9s,1,-126000
8cTh8h9s,1,-126000
9cTh8h9s,1,-126000
TcTh8h9s,1,-126000
JcTh8h9s,1,-126000
AcTh8h9s,1,-126000
AhJh8h9s,1,-126000
5dJh8h9s,0.01,-126000
8dJh8h9s,1,-126000
9dJh8h9s,1,-126000
TdJh8h9s,1,-126000
JdJh8h9s,1,-126000
AdJh8h9s,1,-126000
5cJh8h9s,0.01,-126000
7cJh8h9s,0.215,-126000
8cJh8h9s,1,-126000
9cJh8h9s,1,-126000
TcJh8h9s,1,-126000
JcJh8h9s,1,-126000
AcJh8h9s,1,-126000
8dQh8h9s,1,-126000
8cQh8h9s,1,-126000
AhKh8h9s,0.0181,-126000
8dKh8h9s,0.04,-126000
9dKh8h9s,1,-126000
AdKh8h9s,0.845,-126000
7cKh8h9s,1,-126000
8cKh8h9s,0.04,-126000
9cKh8h9s,1,-126000
AcKh8h9s,0.845,-126000
3dAh8h9s,0.01,-126000
8dAh8h9s,1,-126000
9dAh8h9s,1,-126000
TdAh8h9s,1,-126000
JdAh8h9s,1,-126000
3cAh8h9s,0.01,-126000
7cAh8h9s,1,-126000
8cAh8h9s,1,-126000
9cAh8h9s,1,-126000
TcAh8h9s,1,-126000
JcAh8h9s,1,-126000
Kd6d8h9s,0.475,-126000
9d8d8h9s,1,-126000
Td8d8h9s,1,-126000
Jd8d8h9s,1,-126000
Qd8d8h9s,1,-126000
Kd8d8h9s,1,-126000
Ad8d8h9s,1,-126000
9c8d8h9s,1,-126000
Tc8d8h9s,0.38,-126000
Jc8d8h9s,0.01,-126000
Kc8d8h9s,0.27,-126000
Ac8d8h9s,1,-126000
Td9d8h9s,1,-126000
Jd9d8h9s,1,-126000
Kd9d8h9s,1,-126000
Ad9d8h9s,1,-126000
8c9d8h9s,1,-126000
Tc9d8h9s,1,-126000
Jc9d8h9s,1,-126000
Kc9d8h9s,1,-126000
Ac9d8h9s,1,-126000
JdTd8h9s,1,-126000
AdTd8h9s,1,-126000
8cTd8h9s,0.38,-126000
9cTd8h9s,1,-126000
TcTd8h9s,1,-126000
JcTd8h9s,1,-126000
AcTd8h9s,1,-126000
AdJd8h9s,1,-126000
8cJd8h9s,0.01,-126000
9cJd8h9s,1,-126000
TcJd8h9s,1,-126000
JcJd8h9s,1,-126000
AcJd8h9s,1,-126000
AdKd8h9s,0.0165,-126000
8cKd8h9s,0.27,-126000
9cKd8h9s,1,-126000
AcKd8h9s,0.0165,-126000
8cAd8h9s,1,-126000
9cAd8h9s,1,-126000
TcAd8h9s,1,-126000
JcAd8h9s,1,-126000
KcAd8h9s,0.0165,-126000
8c7c8h9s,1,-126000
9c7c8h9s,1,-126000
Tc7c8h9s,0.995,-126000
Jc7c8h9s,0.58,-126000
Kc7c8h9s,1,-126000
Ac7c8h9s,0.88,-126000
9c8c8h9s,1,-126000
Tc8c8h9s,1,-126000
Jc8c8h9s,1,-126000
Qc8c8h9s,1,-126000
Kc8c8h9s,1,-126000
Ac8c8h9s,1,-126000
Tc9c8h9s,1,-126000
Jc9c8h9s,1,-126000
Kc9c8h9s,1,-126000
Ac9c8h9s,1,-126000
JcTc8h9s,1,-126000
AcTc8h9s,1,-126000
AcJc8h9s,1,-126000
AcKc8h9s,0.0165,-126000
5dTh9h9s,0.995,-126000
6dTh9h9s,0.345,-126000
8dTh9h9s,1,-126000
5cTh9h9s,0.995,-126000
7cTh9h9s,1,-126000
8cTh9h9s,1,-126000
5dJh9h9s,1,-126000
8dJh9h9s,1,-126000
5cJh9h9s,1,-126000
7cJh9h9s,1,-126000
8cJh9h9s,1,-126000
5dQh9h9s,0.245,-126000
5cQh9h9s,0.245,-126000
7cQh9h9s,0.915,-126000
8dKh9h9s,1,-126000
8cKh9h9s,1,-126000
3dAh9h9s,1,-126000
4dAh9h9s,1,-126000
5dAh9h9s,1,-126000
8dAh9h9s,1,-126000
3cAh9h9s,1,-126000
4cAh9h9s,1,-126000
5cAh9h9s,1,-126000
7cAh9h9s,1,-126000
8cAh9h9s,1,-126000
Ad3d9h9s,1,-126000
Ad4d9h9s,0.945,-126000
Jd5d9h9s,0.99,-126000
Qd5d9h9s,0.2005,-126000
Ad5d9h9s,1,-126000
Td8d9h9s,1,-126000
Jd8d9h9s,1,-126000
Kd8d9h9s,1,-126000
Ad8d9h9s,0.0046,-126000
Tc8d9h9s,1,-126000
Jc8d9h9s,1,-126000
Kc8d9h9s,1,-126000
Ac8d9h9s,0.0046,-126000
7cTd9h9s,0.66,-126000
8cTd9h9s,1,-126000
8cJd9h9s,1,-126000
8cKd9h9s,1,-126000
8cAd9h9s,0.0046,-126000
Ac3c9h9s,1,-126000
Ac4c9h9s,0.945,-126000
7c5c9h9s,0.5963,-126000
Jc5c9h9s,0.99,-126000
Qc5c9h9s,0.2005,-126000
Ac5c9h9s,1,-126000
Tc7c9h9s,1,-126000
Jc7c9h9s,1,-126000
Tc8c9h9s,1,-126000
Jc8c9h9s,1,-126000
Kc8c9h9s,1,-126000
Ac8c9h9s,0.0046,-126000
2dJhTh9s,0.54,-126000
3dJhTh9s,1,-126000
4dJhTh9s,0.99,-126000
5dJhTh9s,1,-126000
8dJhTh9s,1,-126000
2cJhTh9s,0.54,-126000
3cJhTh9s,1,-126000
4cJhTh9s,0.99,-126000
5cJhTh9s,1,-126000
7cJhTh9s,1,-126000
8cJhTh9s,1,-126000
8dAhTh9s,1,-126000
8cAhTh9s,1,-126000
Td2dTh9s,0.0342,-126000
Jd3dTh9s,0.25,-126000
Td4dTh9s,0.355,-126000
Jd4dTh9s,0.92,-126000
Td5dTh9s,0.025,-126000
Jd5dTh9s,1,-126000
9d6dTh9s,0.365,-126000
9d8dTh9s,1,-126000
Td8dTh9s,1,-126000
Jd8dTh9s,1,-126000
Ad8dTh9s,0.655,-126000
8c8dTh9s,0.38,-126000
9c8dTh9s,1,-126000
Tc8dTh9s,1,-126000
Jc8dTh9s,1,-126000
Ac8dTh9s,0.655,-126000
7c9dTh9s,0.66,-126000
8c9dTh9s,1,-126000
8cTdTh9s,1,-126000
7cJdTh9s,0.13,-126000
8cJdTh9s,1,-126000
7cAdTh9s,1,-126000
8cAdTh9s,0.655,-126000
Tc2cTh9s,0.0342,-126000
Jc3cTh9s,0.25,-126000
Tc4cTh9s,0.355,-126000
Jc4cTh9s,0.92,-126000
Tc5cTh9s,0.025,-126000
Jc5cTh9s,1,-126000
8c7cTh9s,1,-126000
9c7cTh9s,1,-126000
Jc7cTh9s,1,-126000
Ac7cTh9s,1,-126000
9c8cTh9s,1,-126000
Tc8cTh9s,1,-126000
Jc8cTh9s,1,-126000
Ac8cTh9s,0.655,-126000
2dAhJh9s,0.03,-126000
5dAhJh9s,0.685,-126000
8dAhJh9s,1,-126000
2cAhJh9s,0.03,-126000
5cAhJh9s,0.685,-126000
7cAhJh9s,0.74,-126000
8cAhJh9s,1,-126000
Jd2dJh9s,1,-126000
Td4dJh9s,0.091,-126000
9d6dJh9s,0.0814,-126000
9d8dJh9s,1,-126000
Td8dJh9s,1,-126000
Jd8dJh9s,1,-126000
Ad8dJh9s,1,-126000
9c8dJh9s,1,-126000
Tc8dJh9s,1,-126000
Jc8dJh9s,1,-126000
Ac8dJh9s,1,-126000
8c9dJh9s,1,-126000
7cTdJh9s,0.13,-126000
8cTdJh9s,1,-126000
8cJdJh9s,1,-126000
8cAdJh9s,1,-126000
Jc2cJh9s,1,-126000
Tc4cJh9s,0.091,-126000
8c7cJh9s,0.315,-126000
9c7cJh9s,1,-126000
Tc7cJh9s,1,-126000
Ac7cJh9s,1,-126000
9c8cJh9s,1,-126000
Tc8cJh9s,1,-126000
Jc8cJh9s,1,-126000
Ac8cJh9s,1,-126000
9c7cQh9s,1,-126000
8dAhKh9s,0.42,-126000
8cAhKh9s,0.42,-126000
9d8dKh9s,1,-126000
Ad8dKh9s,0.585,-126000
8c8dKh9s,0.27,-126000
9c8dKh9s,1,-126000
Ac8dKh9s,0.585,-126000
8c9dKh9s,1,-126000
8cAdKh9s,0.585,-126000
8c7cKh9s,1,-126000
9c8cKh9s,1,-126000
Ac8cKh9s,0.585,-126000
9d5dAh9s,1,-126000
Td5dAh9s,0.882,-126000
Td6dAh9s,0.345,-126000
9d8dAh9s,1,-126000
Td8dAh9s,1,-126000
Jd8dAh9s,1,-126000
8c8dAh9s,1,-126000
9c8dAh9s,1,-126000
Tc8dAh9s,1,-126000
Jc8dAh9s,1,-126000
7c9dAh9s,0.01,-126000
8c9dAh9s,1,-126000
7cTdAh9s,1,-126000
8cTdAh9s,1,-126000
8cJdAh9s,1,-126000
9c5cAh9s,1,-126000
Tc5cAh9s,0.882,-126000
8c7cAh9s,1,-126000
9c7cAh9s,1,-126000
Tc7cAh9s,1,-126000
Jc7cAh9s,1,-126000
9c8cAh9s,1,-126000
Tc8cAh9s,1,-126000
Jc8cAh9s,1,-126000
JcJd2d9s,0.035,-126000
JcTc2d9s,0.54,-126000
TcJd3d9s,0.25,-126000
5cAd3d9s,0.38,-126000
JcTc3d9s,1,-126000
4c9d4d9s,0.308,-126000
JcTd4d9s,0.13,-126000
TcJd4d9s,0.92,-126000
5cAd4d9s,0.985,-126000
9cAd4d9s,1,-126000
9c4c4d9s,0.308,-126000
Ac5c4d9s,0.985,-126000
Ac9c4d9s,1,-126000
JcTc4d9s,0.99,-126000
Ad9d5d9s,1,-126000
7c9d5d9s,0.0046,-126000
Jc9d5d9s,0.01,-126000
Ac9d5d9s,1,-126000
9cJd5d9s,0.99,-126000
TcJd5d9s,1,-126000
4cAd5d9s,0.985,-126000
9cAd5d9s,1,-126000
Ac3c5d9s,0.38,-126000
Ac4c5d9s,0.985,-126000
9c7c5d9s,0.0046,-126000
Tc9c5d9s,1,-126000
Jc9c5d9s,1,-126000
Ac9c5d9s,1,-126000
JcTc5d9s,1,-126000
Td9d8d9s,1,-126000
Jd9d8d9s,1,-126000
Kd9d8d9s,1,-126000
7c9d8d9s,1,-126000
Tc9d8d9s,1,-126000
Jc9d8d9s,1,-126000
Kc9d8d9s,1,-126000
JdTd8d9s,1,-126000
AdTd8d9s,1,-126000
7cTd8d9s,0.21,-126000
8cTd8d9s,1,-126000
9cTd8d9s,1,-126000
TcTd8d9s,1,-126000
JcTd8d9s,1,-126000
AcTd8d9s,1,-126000
AdJd8d9s,1,-126000
7cJd8d9s,0.125,-126000
8cJd8d9s,1,-126000
9cJd8d9s,1,-126000
TcJd8d9s,1,-126000
JcJd8d9s,1,-126000
AcJd8d9s,1,-126000
8cQd8d9s,0.035,-126000
AdKd8d9s,0.925,-126000
7cKd8d9s,1,-126000
8cKd8d9s,1,-126000
9cKd8d9s,1,-126000
AcKd8d9s,0.925,-126000
7cAd8d9s,0.94,-126000
8cAd8d9s,1,-126000
TcAd8d9s,1,-126000
JcAd8d9s,1,-126000
KcAd8d9s,0.925,-126000
8c7c8d9s,1,-126000
9c7c8d9s,1,-126000
Tc7c8d9s,0.21,-126000
Jc7c8d9s,0.125,-126000
Kc7c8d9s,1,-126000
Ac7c8d9s,0.94,-126000
Tc8c8d9s,1,-126000
Jc8c8d9s,1,-126000
Qc8c8d9s,0.035,-126000
Kc8c8d9s,1,-126000
Ac8c8d9s,1,-126000
Tc9c8d9s,1,-126000
Jc9c8d9s,1,-126000
Kc9c8d9s,1,-126000
JcTc8d9s,1,-126000
AcTc8d9s,1,-126000
AcJc8d9s,1,-126000
AcKc8d9s,0.925,-126000
5cTd9d9s,1,-126000
7cTd9d9s,1,-126000
8cTd9d9s,1,-126000
5cJd9d9s,1,-126000
7cJd9d9s,1,-126000
8cJd9d9s,1,-126000
8cKd9d9s,1,-126000
4cAd9d9s,1,-126000
5cAd9d9s,1,-126000
Ac4c9d9s,1,-126000
7c5c9d9s,0.004,-126000
Jc5c9d9s,0.99,-126000
Ac5c9d9s,1,-126000
8c7c9d9s,1,-126000
Tc7c9d9s,1,-126000
Jc7c9d9s,1,-126000
Tc8c9d9s,1,-126000
Jc8c9d9s,1,-126000
Kc8c9d9s,1,-126000
2cJdTd9s,0.54,-126000
3cJdTd9s,1,-126000
4cJdTd9s,0.99,-126000
5cJdTd9s,1,-126000
7cJdTd9s,1,-126000
8cJdTd9s,1,-126000
7cAdTd9s,1,-126000
8cAdTd9s,1,-126000
Jc3cTd9s,0.25,-126000
Jc4cTd9s,0.92,-126000
Jc5cTd9s,1,-126000
8c7cTd9s,0.21,-126000
9c7cTd9s,1,-126000
Jc7cTd9s,1,-126000
Ac7cTd9s,1,-126000
9c8cTd9s,1,-126000
Tc8cTd9s,1,-126000
Jc8cTd9s,1,-126000
Ac8cTd9s,1,-126000
7cAdJd9s,1,-126000
8cAdJd9s,1,-126000
Jc2cJd9s,0.035,-126000
Tc4cJd9s,0.13,-126000
9c5cJd9s,0.01,-126000
8c7cJd9s,0.125,-126000
9c7cJd9s,1,-126000
Tc7cJd9s,1,-126000
Ac7cJd9s,1,-126000
9c8cJd9s,1,-126000
Tc8cJd9s,1,-126000
Jc8cJd9s,1,-126000
Ac8cJd9s,1,-126000
8cAdKd9s,0.925,-126000
8c7cKd9s,1,-126000
9c8cKd9s,1,-126000
Ac8cKd9s,0.925,-126000
9c5cAd9s,1,-126000
8c7cAd9s,0.94,-126000
Tc7cAd9s,1,-126000
Jc7cAd9s,1,-126000
Tc8cAd9s,1,-126000
Jc8cAd9s,1,-126000
Kc8cAd9s,0.925,-126000
Ac9c5c9s,1,-126000
9c8c7c9s,1,-126000
Tc8c7c9s,0.21,-126000
Jc8c7c9s,0.125,-126000
Kc8c7c9s,1,-126000
Ac8c7c9s,0.94,-126000
Tc9c7c9s,1,-126000
Jc9c7c9s,1,-126000
JcTc7c9s,1,-126000
AcTc7c9s,1,-126000
AcJc7c9s,1,-126000
Tc9c8c9s,1,-126000
Jc9c8c9s,1,-126000
Kc9c8c9s,1,-126000
JcTc8c9s,1,-126000
AcTc8c9s,1,-126000
AcJc8c9s,1,-126000
AcKc8c9s,0.925,-126000
3dThAsTs,0.0309,0
3cThAsTs,0.0309,0
5d2dAsTs,0.0192,-126000
5c2cAsTs,0.0192,-126000
Th9h3hTs,0.05,-126000
9dTh3hTs,0.2509,-126000
9cTh3hTs,0.2509,-126000
9dJh3hTs,0.1812,-126000
9cJh3hTs,0.1812,-126000
4dAh3hTs,0.6272,-126000
4cAh3hTs,0.6272,-126000
Ad4d3hTs,0.97,-126000
Ad5d3hTs,1,-126000
Jd9d3hTs,1,-126000
AdJd3hTs,0.445,-126000
Ac4c3hTs,0.97,-126000
Ac5c3hTs,1,-126000
Jc9c3hTs,1,-126000
AcJc3hTs,0.445,-126000
9dTh4hTs,1,-126000
9cTh4hTs,1,-126000
9dJh4hTs,0.92,-126000
9cJh4hTs,0.92,-126000
Ad3d4hTs,0.98,-126000
Ad5d4hTs,1,-126000
Td9d4hTs,0.525,-126000
Jd9d4hTs,1,-126000
Ac3c4hTs,0.98,-126000
Ac5c4hTs,1,-126000
Tc9c4hTs,0.525,-126000
Jc9c4hTs,1,-126000
Th7h5hTs,0.0035,-126000
Th8h5hTs,0.0012,-126000
9dTh5hTs,1,-126000
9cTh5hTs,1,-126000
9dJh5hTs,1,-126000
9cJh5hTs,1,-126000
Ad3d5hTs,1,-126000
Ad4d5hTs,1,-126000
Ad5d5hTs,0.705,-126000
Td9d5hTs,0.61,-126000
Jd9d5hTs,1,-126000
Ac3c5hTs,1,-126000
Ac4c5hTs,1,-126000
Ac5c5hTs,0.705,-126000
Tc9c5hTs,0.61,-126000
Jc9c5hTs,1,-126000
Jd7h6hTs,0.9254,-126000
Jc7h6hTs,0.9254,-126000
7cJh6hTs,1,-126000
Th8h7hTs,0.965,-126000
Jh8h7hTs,1,-126000
Kh8h7hTs,1,-126000
Ah8h7hTs,0.995,-126000
Jd8h7hTs,1,-126000
Kd8h7hTs,0.875,-126000
Ad8h7hTs,1,-126000
7c8h7hTs,1,-126000
Jc8h7hTs,1,-126000
Kc8h7hTs,0.875,-126000
Ac8h7hTs,1,-126000
Jh9h7hTs,0.855,-126000
9d9h7hTs,1,-126000
Jd9h7hTs,1,-126000
Ad9h7hTs,1,-126000
7c9h7hTs,1,-126000
9c9h7hTs,1,-126000
Jc9h7hTs,1,-126000
Ac9h7hTs,1,-126000
8dTh7hTs,1,-126000
8cTh7hTs,1,-126000
6dJh7hTs,1,-126000
8dJh7hTs,1,-126000
9dJh7hTs,1,-126000
7cJh7hTs,1,-126000
8cJh7hTs,1,-126000
9cJh7hTs,1,-126000
8dKh7hTs,1,-126000
8cKh7hTs,1,-126000
8dAh7hTs,1,-126000
9dAh7hTs,1,-126000
7cAh7hTs,0.655,-126000
8cAh7hTs,1,-126000
9cAh7hTs,1,-126000
Kd6d7hTs,0.0017,-126000
Kd8d7hTs,0.84,-126000
Ad8d7hTs,1,-126000
Ac8d7hTs,1,-126000
Jd9d7hTs,1,-126000
9c9d7hTs,0.66,-126000
Jc9d7hTs,0.13,-126000
9cJd7hTs,0.13,-126000
7cAd7hTs,0.01,-126000
8cAd7hTs,1,-126000
8c7c7hTs,1,-126000
9c7c7hTs,1,-126000
Jc7c7hTs,1,-126000
Ac7c7hTs,1,-126000
Kc8c7hTs,0.84,-126000
Ac8c7hTs,1,-126000
Jc9c7hTs,1,-126000
Th9h8hTs,1,-126000
Jh9h8hTs,0.365,-126000
Ah9h8hTs,1,-126000
9d9h8hTs,1,-126000
Td9h8hTs,1,-126000
Jd9h8hTs,1,-126000
Kd9h8hTs,0.535,-126000
Ad9h8hTs,1,-126000
9c9h8hTs,1,-126000
Tc9h8hTs,1,-126000
Jc9h8hTs,1,-126000
Kc9h8hTs,0.535,-126000
Ac9h8hTs,1,-126000
JhTh8hTs,1,-126000
8dTh8hTs,1,-126000
9dTh8hTs,1,-126000
JdTh8hTs,1,-126000
7cTh8hTs,1,-126000
8cTh8hTs,1,-126000
9cTh8hTs,1,-126000
JcTh8hTs,1,-126000
AhJh8hTs,1,-126000
8dJh8hTs,1,-126000
9dJh8hTs,1,-126000
TdJh8hTs,1,-126000
AdJh8hTs,1,-126000
7cJh8hTs,1,-126000
8cJh8hTs,1,-126000
9cJh8hTs,1,-126000
TcJh8hTs,1,-126000
AcJh8hTs,1,-126000
8dQh8hTs,0.015,-126000
8cQh8hTs,0.015,-126000
AhKh8hTs,0.14,-126000
5dKh8hTs,0.68,-126000
AdKh8hTs,0.58,-126000
5cKh8hTs,0.68,-126000
7cKh8hTs,1,-126000
AcKh8hTs,0.58,-126000
9dAh8hTs,1,-126000
JdAh8hTs,1,-126000
KdAh8hTs,0.585,-126000
7cAh8hTs,1,-126000
9cAh8hTs,1,-126000
JcAh8hTs,1,-126000
KcAh8hTs,0.585,-126000
Td8d8hTs,1,-126000
Jd8d8hTs,1,-126000
Kd8d8hTs,1,-126000
Tc8d8hTs,1,-126000
Jc8d8hTs,1,-126000
Kc8d8hTs,1,-126000
Td9d8hTs,1,-126000
Jd9d8hTs,1,-126000
Kd9d8hTs,1,-126000
Ad9d8hTs,1,-126000
9c9d8hTs,1,-126000
Tc9d8hTs,1,-126000
Jc9d8hTs,1,-126000
Kc9d8hTs,1,-126000
Ac9d8hTs,1,-126000
JdTd8hTs,1,-126000
AdTd8hTs,1,-126000
7cTd8hTs,0.6,-126000
8cTd8hTs,1,-126000
9cTd8hTs,1,-126000
JcTd8hTs,1,-126000
AcTd8hTs,1,-126000
AdJd8hTs,1,-126000
8cJd8hTs,1,-126000
9cJd8hTs,1,-126000
TcJd8hTs,1,-126000
AcJd8hTs,1,-126000
8cKd8hTs,1,-126000
9cKd8hTs,1,-126000
7cAd8hTs,1,-126000
9cAd8hTs,1,-126000
TcAd8hTs,1,-126000
JcAd8hTs,1,-126000
Tc7c8hTs,0.6,-126000
Kc7c8hTs,1,-126000
Ac7c8hTs,1,-126000
Tc8c8hTs,1,-126000
Jc8c8hTs,1,-126000
Kc8c8hTs,1,-126000
Tc9c8hTs,1,-126000
Jc9c8hTs,1,-126000
Kc9c8hTs,1,-126000
Ac9c8hTs,1,-126000
JcTc8hTs,1,-126000
AcTc8hTs,1,-126000
AcJc8hTs,1,-126000
8dTh9hTs,1,-126000
8cTh9hTs,1,-126000
2dJh9hTs,0.98,-126000
3dJh9hTs,0.495,-126000
4dJh9hTs,1,-126000
5dJh9hTs,1,-126000
8dJh9hTs,1,-126000
2cJh9hTs,0.98,-126000
3cJh9hTs,0.495,-126000
4cJh9hTs,1,-126000
5cJh9hTs,1,-126000
7cJh9hTs,1,-126000
8cJh9hTs,1,-126000
8dKh9hTs,1,-126000
8cKh9hTs,1,-126000
8dAh9hTs,1,-126000
7cAh9hTs,1,-126000
8cAh9hTs,1,-126000
Td2d9hTs,0.266,-126000
Jd3d9hTs,0.25,-126000
Jd4d9hTs,0.92,-126000
Jd5d9hTs,1,-126000
9d8d9hTs,1,-126000
Td8d9hTs,1,-126000
Jd8d9hTs,1,-126000
Kd8d9hTs,0.59,-126000
Ad8d9hTs,1,-126000
9c8d9hTs,1,-126000
Tc8d9hTs,1,-126000
Jc8d9hTs,1,-126000
Kc8d9hTs,0.59,-126000
Ac8d9hTs,1,-126000
7c9d9hTs,0.66,-126000
8c9d9hTs,1,-126000
8cTd9hTs,1,-126000
7cJd9hTs,0.13,-126000
8cJd9hTs,1,-126000
8cKd9hTs,0.59,-126000
7cAd9hTs,1,-126000
8cAd9hTs,1,-126000
Tc2c9hTs,0.266,-126000
Jc3c9hTs,0.25,-126000
Jc4c9hTs,0.92,-126000
Jc5c9hTs,1,-126000
9c7c9hTs,1,-126000
Jc7c9hTs,1,-126000
Ac7c9hTs,1,-126000
9c8c9hTs,1,-126000
Tc8c9hTs,1,-126000
Jc8c9hTs,1,-126000
Kc8c9hTs,0.59,-126000
Ac8c9hTs,1,-126000
2dJhThTs,1,-126000
6dJhThTs,1,-126000
8dJhThTs,1,-126000
2cJhThTs,1,-126000
8cJhThTs,1,-126000
Jd2dThTs,1,-126000
Jc2dThTs,0.04,-126000
9d3dThTs,0.0976,-126000
9d4dThTs,0.6313,-126000
9d5dThTs,0.585,-126000
5c5dThTs,0.505,-126000
9d8dThTs,1,-126000
Jd8dThTs,1,-126000
Ad8dThTs,1,-126000
9c8dThTs,1,-126000
Jc8dThTs,1,-126000
Ac8dThTs,1,-126000
8c9dThTs,1,-126000
2cJdThTs,0.04,-126000
8cJdThTs,1,-126000
8cAdThTs,1,-126000
Jc2cThTs,1,-126000
9c3cThTs,0.0976,-126000
9c4cThTs,0.6313,-126000
9c5cThTs,0.585,-126000
9c8cThTs,1,-126000
Jc8cThTs,1,-126000
Ac8cThTs,1,-126000
2dAhJhTs,1,-126000
8dAhJhTs,1,-126000
2cAhJhTs,1,-126000
8cAhJhTs,1,-126000
Td2dJhTs,1,-126000
Ad2dJhTs,1,-126000
Tc2dJhTs,0.04,-126000
9d8dJhTs,1,-126000
Td8dJhTs,1,-126000
Ad8dJhTs,1,-126000
8c8dJhTs,1,-126000
9c8dJhTs,1,-126000
Tc8dJhTs,1,-126000
Ac8dJhTs,1,-126000
7c9dJhTs,0.13,-126000
8c9dJhTs,1,-126000
9c9dJhTs,1,-126000
2cTdJhTs,0.04,-126000
8cTdJhTs,1,-126000
8cAdJhTs,1,-126000
Tc2cJhTs,1,-126000
Ac2cJhTs,1,-126000
8c7cJhTs,0.555,-126000
9c7cJhTs,1,-126000
9c8cJhTs,1,-126000
Tc8cJhTs,1,-126000
Ac8cJhTs,1,-126000
8c8dQhTs,1,-126000
8d6dKhTs,0.0011,-126000
8c7cKhTs,1,-126000
Jd2dAhTs,1,-126000
9d8dAhTs,0.995,-126000
Jd8dAhTs,1,-126000
7c8dAhTs,1,-126000
9c8dAhTs,0.995,-126000
Jc8dAhTs,1,-126000
7c9dAhTs,1,-126000
8c9dAhTs,0.995,-126000
8cJdAhTs,1,-126000
Jc2cAhTs,1,-126000
8c7cAhTs,1,-126000
9c7cAhTs,1,-126000
9c8cAhTs,0.995,-126000
Jc8cAhTs,1,-126000
JdTd2dTs,1,-126000
JcTd2dTs,1,-126000
AdJd2dTs,1,-126000
TcJd2dTs,1,-126000
AcJd2dTs,1,-126000
JcAd2dTs,1,-126000
JcTc2dTs,1,-126000
AcJc2dTs,1,-126000
AdJd3dTs,0.785,-126000
AcJd3dTs,0.785,-126000
4cAd3dTs,0.98,-126000
5cAd3dTs,1,-126000
JcAd3dTs,0.785,-126000
Ac4c3dTs,0.97,-126000
Ac5c3dTs,1,-126000
AcJc3dTs,0.785,-126000
AdJd4dTs,0.46,-126000
9cJd4dTs,0.92,-126000
AcJd4dTs,0.46,-126000
3cAd4dTs,0.97,-126000
5cAd4dTs,1,-126000
JcAd4dTs,0.46,-126000
Ac3c4dTs,0.98,-126000
Ac5c4dTs,1,-126000
Jc9c4dTs,1,-126000
AcJc4dTs,0.46,-126000
Td9d5dTs,0.0034,-126000
Tc9d5dTs,0.0042,-126000
9cTd5dTs,0.0042,-126000
9cJd5dTs,0.005,-126000
8cKd5dTs,0.48,-126000
3cAd5dTs,1,-126000
4cAd5dTs,1,-126000
5cAd5dTs,0.725,-126000
Ac3c5dTs,1,-126000
Ac4c5dTs,1,-126000
Ac5c5dTs,0.725,-126000
Kc8c5dTs,0.68,-126000
Tc9c5dTs,0.0042,-126000
Jc9c5dTs,0.005,-126000
4cKd6dTs,0.1133,-126000
Td9d8dTs,1,-126000
Jd9d8dTs,1,-126000
Ad9d8dTs,0.865,-126000
9c9d8dTs,1,-126000
Tc9d8dTs,1,-126000
Jc9d8dTs,1,-126000
Ac9d8dTs,0.865,-126000
JdTd8dTs,1,-126000
AdTd8dTs,1,-126000
7cTd8dTs,0.015,-126000
8cTd8dTs,1,-126000
9cTd8dTs,1,-126000
JcTd8dTs,1,-126000
AcTd8dTs,1,-126000
AdJd8dTs,1,-126000
7cJd8dTs,1,-126000
8cJd8dTs,1,-126000
9cJd8dTs,1,-126000
TcJd8dTs,1,-126000
AcJd8dTs,1,-126000
5cKd8dTs,0.68,-126000
7cKd8dTs,1,-126000
8cKd8dTs,1,-126000
7cAd8dTs,1,-126000
9cAd8dTs,0.865,-126000
TcAd8dTs,1,-126000
JcAd8dTs,1,-126000
Kc5c8dTs,0.48,-126000
Tc7c8dTs,0.015,-126000
Jc7c8dTs,1,-126000
Kc7c8dTs,1,-126000
Ac7c8dTs,1,-126000
Tc8c8dTs,1,-126000
Jc8c8dTs,1,-126000
Kc8c8dTs,1,-126000
Tc9c8dTs,1,-126000
Jc9c8dTs,1,-126000
Ac9c8dTs,0.865,-126000
JcTc8dTs,1,-126000
AcTc8dTs,1,-126000
AcJc8dTs,1,-126000
5cTd9dTs,0.0042,-126000
8cTd9dTs,1,-126000
4cJd9dTs,1,-126000
5cJd9dTs,0.005,-126000
7cJd9dTs,1,-126000
8cJd9dTs,1,-126000
9cJd9dTs,0.84,-126000
8cAd9dTs,0.865,-126000
Jc4c9dTs,0.92,-126000
Tc5c9dTs,0.0042,-126000
Jc5c9dTs,0.005,-126000
9c7c9dTs,1,-126000
Jc7c9dTs,1,-126000
9c8c9dTs,1,-126000
Tc8c9dTs,1,-126000
Jc8c9dTs,1,-126000
Ac8c9dTs,0.865,-126000
Jc9c9dTs,0.84,-126000
2cJdTdTs,1,-126000
8cJdTdTs,1,-126000
8cAdTdTs,1,-126000
Jc2cTdTs,1,-126000
9c5cTdTs,0.0042,-126000
8c7cTdTs,0.015,-126000
9c8cTdTs,1,-126000
Jc8cTdTs,1,-126000
Ac8cTdTs,1,-126000
2cAdJdTs,1,-126000
3cAdJdTs,0.785,-126000
4cAdJdTs,0.46,-126000
8cAdJdTs,1,-126000
Tc2cJdTs,1,-126000
Ac2cJdTs,1,-126000
Ac3cJdTs,0.785,-126000
Ac4cJdTs,0.46,-126000
8c7cJdTs,1,-126000
9c7cJdTs,1,-126000
9c8cJdTs,1,-126000
Tc8cJdTs,1,-126000
Ac8cJdTs,1,-126000
8c7cKdTs,1,-126000
Jc2cAdTs,1,-126000
Jc3cAdTs,0.785,-126000
Jc4cAdTs,0.46,-126000
8c7cAdTs,1,-126000
9c8cAdTs,0.865,-126000
Tc8cAdTs,1,-126000
Jc8cAdTs,1,-126000
JcTc2cTs,1,-126000
AcJc2cTs,1,-126000
AcJc3cTs,0.785,-126000
AcJc4cTs,0.46,-126000
Tc9c5cTs,0.0034,-126000
Tc8c7cTs,0.015,-126000
Jc8c7cTs,1,-126000
Kc8c7cTs,1,-126000
Ac8c7cTs,1,-126000
Jc9c7cTs,1,-126000
Tc9c8cTs,1,-126000
Jc9c8cTs,1,-126000
Ac9c8cTs,0.865,-126000
JcTc8cTs,1,-126000
AcTc8cTs,1,-126000
AcJc8cTs,1,-126000
2d8hAsJs,0.0047,0
2c8hAsJs,0.0047,0
8d2dAsJs,0.0049,0
8c2cAsJs,0.0049,0
Ad4d3hJs,1,-126000
Ad5d3hJs,1,-126000
Ac4c3hJs,1,-126000
Ac5c3hJs,1,-126000
Ah5h4hJs,1,-126000
9dTh4hJs,0.1255,-126000
9cTh4hJs,0.1255,-126000
5dQh4hJs,0.0002,-126001
5cQh4hJs,0.0002,-126001
3dAh4hJs,0.425,-126000
3cAh4hJs,0.425,-126000
Ad3d4hJs,1,-126000
Ad5d4hJs,1,-126000
Td9d4hJs,0.7,-126000
Ac3c4hJs,1,-126000
Ac5c4hJs,1,-126000
Tc9c4hJs,0.7,-126000
9d9h5hJs,0.0068,-126000
9c9h5hJs,0.0068,-126000
5dAh5hJs,0.105,-126000
5cAh5hJs,0.105,-126000
Ad3d5hJs,1,-126000
Ad4d5hJs,1,-126000
Ad5d5hJs,1,-126000
Td8d5hJs,0.0051,-126000
Td9d5hJs,0.78,-126000
Ac3c5hJs,1,-126000
Ac4c5hJs,1,-126000
Ac5c5hJs,1,-126000
Tc8c5hJs,0.0051,-126000
Tc9c5hJs,0.78,-126000
Td7h6hJs,0.93,-126000
Tc7h6hJs,0.93,-126000
7cTh6hJs,0.95,-126000
9h8h7hJs,0.46,-126000
Th8h7hJs,1,-126000
Jh8h7hJs,0.54,-126000
Ah8h7hJs,1,-126000
Td8h7hJs,1,-126000
Jd8h7hJs,1,-126000
Ad8h7hJs,1,-126000
7c8h7hJs,0.81,-126000
Tc8h7hJs,1,-126000
Jc8h7hJs,1,-126000
Ac8h7hJs,1,-126000
9d9h7hJs,1,-126000
Td9h7hJs,1,-126000
Ad9h7hJs,1,-126000
7c9h7hJs,0.99,-126000
9c9h7hJs,1,-126000
Tc9h7hJs,1,-126000
Ac9h7hJs,1,-126000
8dTh7hJs,1,-126000
9dTh7hJs,1,-126000
8cTh7hJs,1,-126000
9cTh7hJs,1,-126000
8dAh7hJs,1,-126000
9dAh7hJs,0.4956,-126000
7cAh7hJs,0.605,-126000
8cAh7hJs,1,-126000
9cAh7hJs,0.4956,-126000
Td6d7hJs,0.8075,-126000
Td8d7hJs,1,-126000
Ad8d7hJs,0.7,-126000
Td9d7hJs,1,-126000
Ad9d7hJs,1,-126000
Tc9d7hJs,0.13,-126000
9cTd7hJs,0.13,-126000
8c7c7hJs,0.81,-126000
9c7c7hJs,0.99,-126000
Tc7c7hJs,0.045,-126000
Ac7c7hJs,1,-126000
Tc8c7hJs,1,-126000
Ac8c7hJs,0.7,-126000
Tc9c7hJs,1,-126000
Ac9c7hJs,1,-126000
Th9h8hJs,1,-126000
Jh9h8hJs,0.775,-126000
Ah9h8hJs,1,-126000
9d9h8hJs,1,-126000
Td9h8hJs,1,-126000
Jd9h8hJs,1,-126000
Ad9h8hJs,1,-126000
9c9h8hJs,1,-126000
Tc9h8hJs,1,-126000
Jc9h8hJs,1,-126000
Ac9h8hJs,1,-126000
9dTh8hJs,1,-126000
AdTh8hJs,1,-126000
7cTh8hJs,1,-126000
9cTh8hJs,1,-126000
AcTh8hJs,1,-126000
9dJh8hJs,0.555,-126000
9cJh8hJs,0.555,-126000
9dAh8hJs,1,-126000
7cAh8hJs,1,-126000
9cAh8hJs,1,-126000
Jd3d8hJs,0.0077,-126000
Td9d8hJs,1,-126000
Jd9d8hJs,1,-126000
Ad9d8hJs,1,-126000
9c9d8hJs,1,-126000
Tc9d8hJs,1,-126000
Jc9d8hJs,1,-126000
Ac9d8hJs,1,-126000
AdTd8hJs,1,-126000
9cTd8hJs,1,-126000
AcTd8hJs,1,-126000
9cJd8hJs,1,-126000
9cAd8hJs,1,-126000
TcAd8hJs,1,-126000
Jc3c8hJs,0.0077,-126000
Tc7c8hJs,1,-126000
Ac7c8hJs,1,-126000
Tc9c8hJs,1,-126000
Jc9c8hJs,1,-126000
Ac9c8hJs,1,-126000
AcTc8hJs,1,-126000
2dTh9hJs,0.0025,-126000
4dTh9hJs,0.7,-126000
5dTh9hJs,0.78,-126000
8dTh9hJs,1,-126000
2cTh9hJs,0.0025,-126000
4cTh9hJs,0.7,-126000
5cTh9hJs,0.78,-126000
7cTh9hJs,1,-126000
8cTh9hJs,1,-126000
8dAh9hJs,1,-126000
7cAh9hJs,1,-126000
8cAh9hJs,1,-126000
Td4d9hJs,0.1053,-126000
9d5d9hJs,0.01,-126000
9d8d9hJs,1,-126000
Td8d9hJs,1,-126000
Jd8d9hJs,0.04,-126000
Ad8d9hJs,1,-126000
9c8d9hJs,1,-126000
Tc8d9hJs,1,-126000
Jc8d9hJs,0.04,-126000
Ac8d9hJs,1,-126000
8c9d9hJs,1,-126000
7cTd9hJs,0.13,-126000
8cTd9hJs,1,-126000
8cJd9hJs,0.04,-126000
8cAd9hJs,1,-126000
Tc4c9hJs,0.1053,-126000
9c5c9hJs,0.01,-126000
9c7c9hJs,1,-126000
Tc7c9hJs,1,-126000
Ac7c9hJs,0.345,-126000
9c8c9hJs,1,-126000
Tc8c9hJs,1,-126000
Jc8c9hJs,0.04,-126000
Ac8c9hJs,1,-126000
9d8dThJs,1,-126000
Ad8dThJs,1,-126000
9c8dThJs,1,-126000
Ac8dThJs,1,-126000
7c9dThJs,0.13,-126000
8c9dThJs,1,-126000
8cAdThJs,1,-126000
8c7cThJs,1,-126000
9c7cThJs,1,-126000
9c8cThJs,1,-126000
Ac8cThJs,1,-126000
9d2dJhJs,0.0551,-126000
9d8dJhJs,1,-126000
7c8dJhJs,0.6,-126000
9c8dJhJs,1,-126000
8c9dJhJs,1,-126000
9c2cJhJs,0.0551,-126000
8c7cJhJs,0.6,-126000
9c8cJhJs,1,-126000
9d8dAhJs,1,-126000
9c8dAhJs,1,-126000
8c9dAhJs,1,-126000
7c5cAhJs,0.2891,-126000
8c7cAhJs,1,-126000
9c7cAhJs,1,-126000
9c8cAhJs,1,-126000
AdTd2dJs,1,-126000
AcTd2dJs,1,-126000
TcAd2dJs,1,-126000
Tc9c2dJs,0.0097,-126000
AcTc2dJs,1,-126000
4cAd3dJs,1,-126000
5cAd3dJs,1,-126000
Ac4c3dJs,1,-126000
Ac5c3dJs,1,-126000
Ad5d4dJs,1,-126000
9cTd4dJs,0.1293,-126000
3cAd4dJs,1,-126000
5cAd4dJs,1,-126000
Ac3c4dJs,1,-126000
Ac5c4dJs,1,-126000
Tc9c4dJs,0.6965,-126000
9c9d5dJs,0.0048,-126000
3cAd5dJs,1,-126000
4cAd5dJs,1,-126000
Ac3c5dJs,1,-126000
Ac4c5dJs,1,-126000
Tc9c5dJs,0.78,-126000
7cTd6dJs,0.95,-126000
Tc7c6dJs,1,-126000
Td9d8dJs,1,-126000
Jd9d8dJs,1,-126000
Ad9d8dJs,0.9,-126000
9c9d8dJs,1,-126000
Tc9d8dJs,1,-126000
Jc9d8dJs,1,-126000
Ac9d8dJs,0.9,-126000
AdTd8dJs,1,-126000
7cTd8dJs,1,-126000
9cTd8dJs,1,-126000
AcTd8dJs,1,-126000
9cJd8dJs,1,-126000
7cAd8dJs,0.915,-126000
9cAd8dJs,0.9,-126000
TcAd8dJs,1,-126000
Tc7c8dJs,1,-126000
Ac7c8dJs,0.915,-126000
Tc9c8dJs,1,-126000
Jc9c8dJs,1,-126000
Ac9c8dJs,0.9,-126000
AcTc8dJs,1,-126000
2cTd9dJs,0.0097,-126000
4cTd9dJs,0.6965,-126000
5cTd9dJs,0.78,-126000
7cTd9dJs,1,-126000
8cTd9dJs,1,-126000
8cJd9dJs,1,-126000
7cAd9dJs,0.025,-126000
8cAd9dJs,0.9,-126000
9cAd9dJs,0.35,-126000
Tc4c9dJs,0.1293,-126000
9c5c9dJs,0.0048,-126000
9c7c9dJs,1,-126000
Tc7c9dJs,1,-126000
Ac7c9dJs,0.025,-126000
9c8c9dJs,1,-126000
Tc8c9dJs,1,-126000
Jc8c9dJs,1,-126000
Ac8c9dJs,0.9,-126000
Ac9c9dJs,0.35,-126000
2cAdTdJs,1,-126000
8cAdTdJs,1,-126000
Ac2cTdJs,1,-126000
8c7cTdJs,1,-126000
9c7cTdJs,1,-126000
9c8cTdJs,1,-126000
Ac8cTdJs,1,-126000
9c8cJdJs,1,-126000
Tc2cAdJs,1,-126000
8c7cAdJs,0.915,-126000
9c7cAdJs,0.025,-126000
9c8cAdJs,0.9,-126000
Tc8cAdJs,1,-126000
AcTc2cJs,1,-126000
Ac5c4cJs,1,-126000
Tc8c7cJs,1,-126000
Ac8c7cJs,0.915,-126000
Tc9c7cJs,1,-126000
Ac9c7cJs,0.025,-126000
Tc9c8cJs,1,-126000
Jc9c8cJs,1,-126000
Ac9c8cJs,0.9,-126000
AcTc8cJs,1,-126000
JhTh3hAs,0.0111,-126004
TdTh3hAs,0.0564,-125991
TcTh3hAs,0.0564,-125991
TdJh3hAs,0.67,-125999
JdJh3hAs,0.0042,0
TcJh3hAs,0.67,-125999
JcJh3hAs,0.0042,0
5dQh3hAs,1,-125999
5cQh3hAs,1,-125999
Qd5d3hAs,0.32,-125998
Qc5c3hAs,0.32,-125998
Qh5h4hAs,1,-125997
TdTh4hAs,1,-125998
JdTh4hAs,0.875,-126002
TcTh4hAs,1,-125998
JcTh4hAs,0.875,-126002
TdJh4hAs,0.735,-125997
TcJh4hAs,0.735,-125997
JdTd4hAs,1,-126000
TcTd4hAs,0.008,0
JcTd4hAs,0.99,-126000
TcJd4hAs,0.99,-126000
JcTc4hAs,1,-126000
JhTh5hAs,1,-125995
TdTh5hAs,1,-125994
JdTh5hAs,0.38,-126011
TcTh5hAs,1,-125994
JcTh5hAs,0.38,-126011
TdJh5hAs,1,-125999
TcJh5hAs,1,-125999
3dQh5hAs,0.285,-125992
3cQh5hAs,0.285,-125992
JdTd5hAs,0.095,-126001
TcTd5hAs,0.56,-125994
JcTd5hAs,0.095,-126001
TcJd5hAs,0.095,-126001
JcJd5hAs,0.8,-126000
JcTc5hAs,0.095,-126001
Kh8h7hAs,0.003,0
8d8h7hAs,0.17,-126002
7c8h7hAs,0.885,-126004
8c8h7hAs,0.17,-126002
7c9h7hAs,0.025,-125984
JhTh7hAs,1,-126003
JdTh7hAs,1,-126000
7cTh7hAs,1,-125998
JcTh7hAs,1,-126000
TdJh7hAs,1,-126002
7cJh7hAs,1,-125998
TcJh7hAs,1,-126002
8dKh7hAs,0.765,-125998
8cKh7hAs,0.765,-125998
Kd8d7hAs,1,-126000
Kc8d7hAs,1,-126000
9c9d7hAs,0.0039,0
JdTd7hAs,1,-125997
7cTd7hAs,0.01,-126001
TcTd7hAs,0.09,-126001
JcTd7hAs,1,-125997
TcJd7hAs,1,-125997
8cKd7hAs,1,-126000
8c7c7hAs,0.51,-125998
Tc7c7hAs,1,-126001
Jc7c7hAs,1,-126001
Kc8c7hAs,1,-126000
JcTc7hAs,1,-125997
Kh9h8hAs,0.4244,-126000
JhTh8hAs,1,-125998
TdTh8hAs,1,-126001
JdTh8hAs,1,-126001
TcTh8hAs,1,-126001
JcTh8hAs,1,-126001
TdJh8hAs,1,-126003
JdJh8hAs,0.0021,0
TcJh8hAs,1,-126003
JcJh8hAs,0.0021,0
8dQh8hAs,0.182,-126006
8cQh8hAs,0.182,-126006
AhKh8hAs,0.205,-125998
5dKh8hAs,0.45,-126001
8dKh8hAs,0.7,-125994
5cKh8hAs,0.45,-126001
7cKh8hAs,0.985,-126002
8cKh8hAs,0.7,-125994
8dAh8hAs,1,-126001
KdAh8hAs,1,-125999
8cAh8hAs,1,-126001
KcAh8hAs,1,-125999
Kd3d8hAs,0.0085,0
8d5d8hAs,0.0923,-126001
Td8d8hAs,0.485,-126001
Jd8d8hAs,0.43,-125998
Qd8d8hAs,0.0808,-126000
Kd8d8hAs,1,-126001
Tc8d8hAs,0.485,-126001
Jc8d8hAs,0.43,-125998
Qc8d8hAs,0.0808,-126000
Kc8d8hAs,1,-126001
JdTd8hAs,1,-126001
8cTd8hAs,0.485,-126001
TcTd8hAs,1,-125998
JcTd8hAs,1,-126001
8cJd8hAs,0.43,-125998
TcJd8hAs,1,-126001
JcJd8hAs,0.8,-126003
8cQd8hAs,0.0808,-126000
AdKd8hAs,0.6,-126003
8cKd8hAs,1,-126001
AcKd8hAs,0.6,-126003
KcAd8hAs,0.6,-126003
Kc3c8hAs,0.0085,0
8c5c8hAs,0.0923,-126001
Tc8c8hAs,0.485,-126001
Jc8c8hAs,0.43,-125998
Qc8c8hAs,0.0808,-126000
Kc8c8hAs,1,-126001
JcTc8hAs,1,-126001
AcKc8hAs,0.6,-126003
JhTh9hAs,1,-126001
9dTh9hAs,1,-125998
TdTh9hAs,1,-125999
JdTh9hAs,1,-126000
9cTh9hAs,1,-125998
TcTh9hAs,1,-125999
JcTh9hAs,1,-126000
9dJh9hAs,1,-126000
TdJh9hAs,1,-126003
9cJh9hAs,1,-126000
TcJh9hAs,1,-126003
8c8d9hAs,1,-126002
Td9d9hAs,1,-125999
Jd9d9hAs,1,-126003
Tc9d9hAs,1,-125999
Jc9d9hAs,1,-126003
JdTd9hAs,1,-126000
9cTd9hAs,1,-125999
TcTd9hAs,1,-126001
JcTd9hAs,1,-126000
9cJd9hAs,1,-126003
TcJd9hAs,1,-126000
Tc9c9hAs,1,-125999
Jc9c9hAs,1,-126003
JcTc9hAs,1,-126000
4dJhThAs,1,-125998
8dJhThAs,1,-125997
9dJhThAs,1,-125999
4cJhThAs,1,-125998
7cJhThAs,1,-126000
8cJhThAs,1,-125997
9cJhThAs,1,-125999
Td3dThAs,0.95,-125997
Td5dThAs,0.01,-125974
Jd5dThAs,0.52,-126002
Tc5dThAs,0.01,-125974
Jc5dThAs,0.52,-126002
Td8dThAs,1,-126004
Jd8dThAs,1,-125999
Tc8dThAs,1,-126004
Jc8dThAs,1,-125999
Td9dThAs,1,-125998
Jd9dThAs,1,-126000
9c9dThAs,1,-126000
Tc9dThAs,1,-125998
Jc9dThAs,1,-126000
5cTdThAs,0.01,-125974
7cTdThAs,1,-125999
8cTdThAs,1,-126004
9cTdThAs,1,-125998
5cJdThAs,0.52,-126002
7cJdThAs,1,-125999
8cJdThAs,1,-125999
9cJdThAs,1,-126000
Tc3cThAs,0.95,-125997
Tc5cThAs,0.01,-125974
Jc5cThAs,0.52,-126002
Tc7cThAs,1,-125999
Jc7cThAs,1,-125999
Tc8cThAs,1,-126004
Jc8cThAs,1,-125999
Tc9cThAs,1,-125998
Jc9cThAs,1,-126000
Td5dJhAs,1,-126000
Jd5dJhAs,0.0063,-126045
Tc5dJhAs,1,-126000
Jc5dJhAs,0.0063,-126045
Td8dJhAs,1,-125999
Jd8dJhAs,1,-126002
Tc8dJhAs,1,-125999
Jc8dJhAs,1,-126002
Td9dJhAs,1,-126001
9c9dJhAs,1,-126008
Tc9dJhAs,1,-126001
5cTdJhAs,1,-126000
7cTdJhAs,1,-125999
8cTdJhAs,1,-125999
9cTdJhAs,1,-126001
5cJdJhAs,0.0063,-126045
8cJdJhAs,1,-126002
Tc5cJhAs,1,-126000
Jc5cJhAs,0.0063,-126045
Tc7cJhAs,1,-125999
Tc8cJhAs,1,-125999
Jc8cJhAs,1,-126002
Tc9cJhAs,1,-126001
5d4dQhAs,1,-126003
5c4cQhAs,1,-126003
8dAhKhAs,1,-125999
8cAhKhAs,1,-125999
Ad8dKhAs,1,-126000
7c8dKhAs,0.785,-126000
Ac8dKhAs,1,-126000
8cAdKhAs,1,-126000
8c7cKhAs,0.785,-126000
Ac8cKhAs,1,-126000
Kd8dAhAs,1,-126000
Kc8dAhAs,1,-126000
8cKdAhAs,1,-126000
Kc8cAhAs,1,-126000
5cQd3dAs,0.86,-125999
8cKd3dAs,0.0905,-126002
Qc5c3dAs,0.86,-125999
Kc8c3dAs,0.0905,-126002
Kd8d4dAs,0.985,-126001
Kc8d4dAs,0.8767,-126001
5cJd4dAs,0.9452,-126001
8cKd4dAs,0.985,-126001
Jc5c4dAs,0.6269,-126001
Kc8c4dAs,0.985,-126001
Kd8d5dAs,0.7115,-126001
Kc8d5dAs,0.7115,-126001
JdTd5dAs,0.16,-126001
JcTd5dAs,0.16,-126001
4cJd5dAs,0.6269,-126001
TcJd5dAs,0.16,-126001
3cQd5dAs,0.86,-125999
8cKd5dAs,0.7115,-126001
Qc3c5dAs,0.86,-125999
Jc4c5dAs,0.9452,-126001
Kc8c5dAs,0.7115,-126001
JcTc5dAs,0.16,-126001
JdTd8dAs,1,-125999
8cTd8dAs,1,-126000
TcTd8dAs,1,-125999
JcTd8dAs,1,-125999
8cJd8dAs,1,-125995
TcJd8dAs,1,-125999
JcJd8dAs,1,-125995
AdKd8dAs,1,-125999
3cKd8dAs,0.0905,-126002
4cKd8dAs,0.985,-126001
5cKd8dAs,0.7115,-126001
7cKd8dAs,1,-126004
8cKd8dAs,0.175,-125999
AcKd8dAs,1,-125999
KcAd8dAs,1,-125999
Kc3c8dAs,0.0905,-126002
Kc4c8dAs,0.985,-126001
Kc5c8dAs,0.7115,-126001
8c7c8dAs,1,-125997
Kc7c8dAs,1,-126004
Tc8c8dAs,1,-126000
Jc8c8dAs,1,-125995
Kc8c8dAs,0.175,-125999
JcTc8dAs,1,-125999
AcKc8dAs,1,-125999
JdTd9dAs,1,-125999
9cTd9dAs,1,-126000
TcTd9dAs,0.98,-126000
JcTd9dAs,1,-125999
TcJd9dAs,1,-125999
Tc9c9dAs,1,-126000
JcTc9dAs,1,-125999
5cJdTdAs,0.16,-126001
7cJdTdAs,1,-126000
8cJdTdAs,1,-125999
9cJdTdAs,1,-125999
Jc5cTdAs,0.16,-126001
Tc7cTdAs,1,-126008
Jc7cTdAs,1,-126000
Tc8cTdAs,1,-125999
Jc8cTdAs,1,-125999
Tc9cTdAs,0.98,-126000
Jc9cTdAs,1,-125999
Tc5cJdAs,0.16,-126001
Tc7cJdAs,1,-126000
Tc8cJdAs,1,-125999
Jc8cJdAs,1,-125995
Tc9cJdAs,1,-125999
8cAdKdAs,1,-125999
8c4cKdAs,0.8767,-126001
8c5cKdAs,0.7115,-126001
8c7cKdAs,1,-126004
Ac8cKdAs,1,-125999
Kc8cAdAs,1,-125999
Kc8c4cAs,0.985,-126001
Kc8c5cAs,0.7115,-126001
JcTc5cAs,0.16,-126001
Kc8c7cAs,1,-126004
JcTc7cAs,1,-126000
JcTc8cAs,1,-125999
AcKc8cAs,1,-125999
JcTc9cAs,1,-125999
5d3d4h3h,1,-126000
5d4d4h3h,1,-126000
6d5d4h3h,1,-126000
Ad6d4h3h,0.76,-126000
5c3c4h3h,1,-126000
5c4c4h3h,1,-126000
7c5c4h3h,1,-126000
4d3d5h3h,1,-126000
6d3d5h3h,0.2013,-126000
5d4d5h3h,1,-126000
6d4d5h3h,0.52,-126000
9d6d5h3h,1,-126000
Jd6d5h3h,0.92,-126000
4c3c5h3h,1,-126000
5c4c5h3h,1,-126000
7c4c5h3h,1,-126000
8c7c5h3h,1,-126000
5d4d6h3h,1,-126000
Ad4d6h3h,0.585,-126000
9d5d6h3h,1,-126000
Td5d6h3h,0.0032,-126000
5c4c6h3h,1,-126000
7c4c6h3h,1,-126000
Ac4c6h3h,0.585,-126000
7c5c6h3h,1,-126000
9c5c6h3h,1,-126000
Tc5c6h3h,0.0032,-126000
6d4d7h3h,1,-126000
6d5d7h3h,1,-126000
8d5d7h3h,0.828,-126000
8c5c7h3h,0.828,-126000
8d6d8h3h,0.535,-126000
9d8d8h3h,0.6111,-126000
Ad8d8h3h,1,-126000
7c5c8h3h,0.94,-126000
9c8c8h3h,0.6111,-126000
Ac8c8h3h,1,-126000
6d5d9h3h,1,-126000
8c8dAh3h,0.0121,-126000
4c4d3d3h,1,-126000
4c3c4d3h,1,-126000
5cAd6d3h,1,-126000
Ac4c6d3h,0.0029,-126000
Ac5c6d3h,1,-126000
8cAd8d3h,1,-126000
Ac8c8d3h,1,-126000
4d3d5h4h,1,-126000
5d3d5h4h,0.71,-126000
6d3d5h4h,0.755,-126000
8d5d5h4h,0.8,-126000
7c6d5h4h,1,-126000
9d8d5h4h,1,-126000
4c3c5h4h,1,-126000
5c3c5h4h,0.71,-126000
7c3c5h4h,1,-126000
8c5c5h4h,0.8,-126000
8c7c5h4h,0.11,-126000
9c8c5h4h,1,-126000
5d3d6h4h,1,-126000
9d5d6h4h,0.335,-126000
7c5d6h4h,1,-126000
5c3c6h4h,1,-126000
7c3c6h4h,1,-126000
7c5c6h4h,1,-126000
9c5c6h4h,0.335,-126000
6d3d7h4h,1,-126000
6d5d7h4h,1,-126000
5c6d7h4h,1,-126000
8dAh8h4h,0.06,-126000
8cAh8h4h,0.06,-126000
9d5d8h4h,0.8696,-126000
7c5d8h4h,0.02,-126000
8d6d8h4h,1,-126000
8c6d8h4h,0.55,-126000
Td8d8h4h,1,-126000
Ad8d8h4h,1,-126000
7c5c8h4h,1,-126000
9c5c8h4h,0.8696,-126000
Tc8c8h4h,1,-126000
Ac8c8h4h,1,-126000
5d4d9h4h,0.001,-126000
8d5d9h4h,0.2619,-126000
5c4c9h4h,0.001,-126000
8c5c9h4h,0.2619,-126000
8c8dAh4h,1,-126000
3c4d3d4h,1,-126000
4c3c3d4h,1,-126000
7c6d5d4h,1,-126000
7c8d5d4h,0.1596,-126000
8c7c5d4h,0.7524,-126000
Ac3c6d4h,0.1858,-126000
7c5c6d4h,1,-126000
7c5c8d4h,0.0532,-126000
9d7h6h5h,0.0164,-126000
7c7h6h5h,0.025,-126000
9c7h6h5h,0.0164,-126000
8d8h6h5h,0.99,-126000
8c8h6h5h,0.99,-126000
4d3d6h5h,1,-126000
5d3d6h5h,0.26,-126000
9d3d6h5h,1,-126000
9d4d6h5h,0.255,-126000
7c4d6h5h,1,-126000
4c3c6h5h,1,-126000
5c3c6h5h,0.26,-126000
7c3c6h5h,1,-126000
9c3c6h5h,1,-126000
7c4c6h5h,1,-126000
9c4c6h5h,0.255,-126000
6d3d7h5h,1,-126000
6d4d7h5h,1,-126000
4c6d7h5h,1,-126000
7c6d7h5h,1,-126000
8dAh8h5h,1,-126000
8cAh8h5h,1,-126000
8d2d8h5h,1,-126000
8d3d8h5h,0.07,-126000
9d4d8h5h,0.98,-126000
7c4d8h5h,0.2089,-126000
8d6d8h5h,0.12,-126000
8c6d8h5h,0.12,-126000
Td8d8h5h,0.915,-126000
Ad8d8h5h,0.285,-126000
Ac8d8h5h,0.285,-126000
8cAd8h5h,0.285,-126000
8c2c8h5h,1,-126000
7c3c8h5h,0.9,-126000
8c3c8h5h,0.07,-126000
7c4c8h5h,0.995,-126000
9c4c8h5h,0.98,-126000
Tc8c8h5h,0.915,-126000
Ac8c8h5h,0.285,-126000
6d3d9h5h,1,-126000
6d4d9h5h,0.995,-126000
8d4d9h5h,0.3023,-126000
8c4c9h5h,0.3023,-126000
9d4dTh5h,0.0006,-126000
9c4cTh5h,0.0006,-126000
6d4dJh5h,0.26,-126000
8c8dAh5h,1,-126000
7c6d4d5h,1,-126000
7c8d4d5h,0.02,-126000
8c7c4d5h,0.99,-126000
3cAd6d5h,0.72,-126000
Ac3c6d5h,0.72,-126000
7c4c6d5h,1,-126000
7c4c8d5h,0.01,-126000
4d3d7h6h,1,-126000
5d3d7h6h,1,-126000
5d4d7h6h,1,-126000
5c4d7h6h,1,-126000
4c5d7h6h,1,-126000
4c3c7h6h,1,-126000
5c3c7h6h,1,-126000
5c4c7h6h,1,-126000
8dAh8h6h,1,-126000
8cAh8h6h,1,-126000
8d2d8h6h,1,-126000
8d3d8h6h,0.12,-126000
8d4d8h6h,0.68,-126000
8c4d8h6h,0.6732,-126000
Qd8d8h6h,0.925,-126000
4c8d8h6h,0.6732,-126000
8c2c8h6h,1,-126000
8c3c8h6h,0.12,-126000
8c4c8h6h,0.68,-126000
Qc8c8h6h,0.925,-126000
5d3d9h6h,1,-126000
5d4d9h6h,0.1733,-126000
5c3c9h6h,1,-126000
5c4c9h6h,0.1733,-126000
8c8dQh6h,0.87,-126000
4cAd3d6h,0.3746,-126000
Ac4c3d6h,0.0064,-126000
7c5d4d6h,0.97,-126000
3cAd4d6h,0.0064,-126000
Ac3c4d6h,0.3746,-126000
7c5c4d6h,0.97,-126000
7c4c5d6h,0.97,-126000
8dTh8h7h,1,-126000
8cTh8h7h,1,-126000
8dJh8h7h,1,-126000
8cJh8h7h,1,-126000
8dQh8h7h,0.54,-126000
8cQh8h7h,0.54,-126000
8dAh8h7h,0.11,-126000
8cAh8h7h,0.11,-126000
8d2d8h7h,0.99,-126000
5d3d8h7h,0.29,-126000
5d4d8h7h,0.135,-126000
5c4d8h7h,0.1337,-126000
4c5d8h7h,0.1337,-126000
Td8d8h7h,1,-126000
Jd8d8h7h,1,-126000
Qd8d8h7h,0.12,-126000
Tc8d8h7h,1,-126000
Jc8d8h7h,1,-126000
Qc8d8h7h,0.0768,-126000
8cTd8h7h,1,-126000
8cJd8h7h,1,-126000
8cQd8h7h,0.0768,-126000
8c2c8h7h,0.99,-126000
5c3c8h7h,0.29,-126000
5c4c8h7h,0.135,-126000
Tc8c8h7h,1,-126000
Jc8c8h7h,1,-126000
Qc8c8h7h,0.12,-126000
8c8dTh7h,1,-126000
8c8dJh7h,0.925,-126000
8c8dQh7h,1,-126000
8c8dAh7h,1,-126000
5c6d4d7h,1,-126000
4c6d5d7h,1,-126000
5c4c6d7h,1,-126000
8cTd8d7h,0.02,-126000
Tc8c8d7h,0.02,-126000
8dJh9h8h,0.625,-126000
8cJh9h8h,0.625,-126000
8dQh9h8h,1,-126000
8cQh9h8h,1,-126000
8dAh9h8h,1,-126000
8cAh9h8h,1,-126000
8d2d9h8h,1,-126000
5d4d9h8h,1,-126000
Qd8d9h8h,0.545,-126000
Qc8d9h8h,0.545,-126000
8cQd9h8h,0.545,-126000
8c2c9h8h,1,-126000
5c4c9h8h,1,-126000
Qc8c9h8h,0.545,-126000
8d4dTh8h,1,-126000
8d6dTh8h,1,-126000
8c6dTh8h,1,-126000
Qd8dTh8h,1,-126000
7c8dTh8h,1,-126000
Qc8dTh8h,1,-126000
8cQdTh8h,1,-126000
8c4cTh8h,1,-126000
8c7cTh8h,1,-126000
Qc8cTh8h,1,-126000
8d4dJh8h,1,-126000
8d5dJh8h,1,-126000
8d6dJh8h,0.98,-126000
7c8dJh8h,1,-126000
8c4cJh8h,1,-126000
8c5cJh8h,1,-126000
8c7cJh8h,1,-126000
8d6dQh8h,0.515,-126000
8c6dQh8h,0.515,-126000
9d8dQh8h,1,-126000
7c8dQh8h,0.325,-126000
9c8dQh8h,1,-126000
8c9dQh8h,1,-126000
8c7cQh8h,0.325,-126000
9c8cQh8h,1,-126000
8d3dAh8h,1,-126000
8c3dAh8h,1,-126000
8d4dAh8h,1,-126000
8c4dAh8h,1,-126000
3c8dAh8h,1,-126000
4c8dAh8h,1,-126000
8c3cAh8h,1,-126000
8c4cAh8h,1,-126000
8cAd3d8h,0.02,-126000
Ac8c3d8h,1,-126000
7c5c4d8h,0.07,-126000
7c4c5d8h,0.01,-126000
Kd9d8d8h,1,-126000
Kc9d8d8h,1,-126000
QdTd8d8h,1,-126000
TcTd8d8h,0.42,-126000
QcTd8d8h,1,-126000
QdJd8d8h,1,-126000
7cJd8d8h,1,-126000
QcJd8d8h,1,-126000
TcQd8d8h,1,-126000
JcQd8d8h,1,-126000
AdKd8d8h,1,-126000
9cKd8d8h,1,-126000
AcKd8d8h,1,-126000
3cAd8d8h,1,-126000
KcAd8d8h,1,-126000
Ac3c8d8h,0.02,-126000
Jc7c8d8h,1,-126000
Kc9c8d8h,1,-126000
QcTc8d8h,1,-126000
QcJc8d8h,1,-126000
AcKc8d8h,1,-126000
8cKd9d8h,1,-126000
Kc8c9d8h,1,-126000
8cQdTd8h,1,-126000
Tc8cTd8h,0.42,-126000
Qc8cTd8h,1,-126000
8cQdJd8h,1,-126000
8c7cJd8h,1,-126000
Qc8cJd8h,1,-126000
Tc8cQd8h,1,-126000
Jc8cQd8h,1,-126000
8cAdKd8h,1,-126000
9c8cKd8h,1,-126000
Ac8cKd8h,1,-126000
Kc8cAd8h,1,-126000
Jc8c7c8h,1,-126000
Kc9c8c8h,1,-126000
QcTc8c8h,1,-126000
QcJc8c8h,1,-126000
AcKc8c8h,1,-126000
8c8dQh9h,1,-126000
8cKd8d9h,0.445,-126000
Kc8c8d9h,0.445,-126000
8cTd8dTh,1,-126000
8cQd8dTh,1,-126000
8c7c8dTh,1,-126000
Tc8c8dTh,1,-126000
Qc8c8dTh,1,-126000
8cQd8dJh,1,-126000
8c7c8dJh,1,-126000
Qc8c8dJh,1,-126000
8c9d8dQh,1,-126000
8c7c8dQh,0.64,-126000
9c8c8dQh,1,-126000
8cKd8dAh,1,-126000
Kc8c8dAh,1,-126000
8c5c8d2d,1,-126000
8c7c8d2d,0.2277,-126000
9c8c8d2d,0.745,-126000
Ac8c8d2d,1,-126000
5c3c4d3d,1,-126000
5c4c4d3d,1,-126000
7c5c4d3d,1,-126000
4c3c5d3d,1,-126000
5c4c5d3d,1,-126000
7c4c5d3d,1,-126000
8c7c5d3d,1,-126000
5c4c6d3d,1,-126000
7c4c6d3d,1,-126000
Ac4c6d3d,1,-126000
7c5c6d3d,1,-126000
9c5c6d3d,1,-126000
Tc5c6d3d,0.0018,-126000
7c5c8d3d,0.94,-126000
Tc8c8d3d,0.0005,-126000
Ac8c8d3d,0.825,-126000
Tc3c9d3d,0.0004,-126000
9c3cTd3d,0.0004,-126000
4c3c5d4d,1,-126000
5c3c5d4d,1,-126000
7c3c5d4d,1,-126000
4c3c6d4d,0.335,-126000
5c3c6d4d,1,-126000
7c3c6d4d,1,-126000
Ac3c6d4d,1,-126000
Jc8c8d4d,0.0131,-126000
4c3c6d5d,1,-126000
7c3c6d5d,1,-126000
9c3c6d5d,1,-126000
8c2c8d5d,1,-126000
7c3c8d5d,0.9,-126000
5c3c9d6d,1,-126000
4c3cAd6d,1,-126000
8cKd9d8d,0.58,-126000
8c2c9d8d,0.745,-126000
Kc8c9d8d,0.58,-126000
8c3cTd8d,0.0005,-126000
8cQdJd8d,0.22,-126000
8c4cJd8d,0.0131,-126000
Qc8cJd8d,0.22,-126000
Jc8cQd8d,0.22,-126000
8cAdKd8d,1,-126000
9c8cKd8d,0.58,-126000
Ac8cKd8d,1,-126000
8c2cAd8d,1,-126000
8c3cAd8d,0.825,-126000
Kc8cAd8d,1,-126000
Kc9c8c8d,0.58,-126000
QcJc8c8d,0.22,-126000
AcKc8c8d,1,-126000