QhAs3s2s,1,424385
KhAs3s2s,1,423845
3dAs3s2s,0.515,425610
QdAs3s2s,1,424635
KdAs3s2s,1,423917
3cAs3s2s,0.515,425610
QcAs3s2s,1,424635
KcAs3s2s,1,423917
KhAs4s2s,0.865,424752
KdAs4s2s,1,424744
KcAs4s2s,1,424744
9hAs5s2s,0.02,425390
KhAs5s2s,0.1046,424703
6hAs6s2s,1,424090
6dAs6s2s,1,424641
7hAs7s2s,1,422516
8hAs7s2s,1,421431
9hAs7s2s,1,422605
QhAs7s2s,1,421665
KhAs7s2s,0.335,421442
9dAs7s2s,1,422949
KdAs7s2s,1,421707
7cAs7s2s,1,422806
9cAs7s2s,1,422949
KcAs7s2s,1,421707
7hAs9s2s,1,421447
8hAs9s2s,1,420233
9hAs9s2s,1,420319
ThAs9s2s,0.99,420485
JhAs9s2s,0.825,421371
QhAs9s2s,1,419518
KhAs9s2s,1,419382
5dAs9s2s,0.005,424352
8dAs9s2s,1,420256
9dAs9s2s,1,420957
TdAs9s2s,1,420699
JdAs9s2s,1,421334
QdAs9s2s,1,420066
KdAs9s2s,1,419635
5cAs9s2s,0.005,424352
7cAs9s2s,1,421813
8cAs9s2s,1,420256
9cAs9s2s,1,420957
TcAs9s2s,1,420699
JcAs9s2s,1,421334
QcAs9s2s,1,420066
KcAs9s2s,1,419635
9hAsTs2s,0.63,413533
ThAsTs2s,1,414918
TdAsTs2s,1,414649
QdAsTs2s,1,413013
TcAsTs2s,1,414649
QcAsTs2s,1,413013
8d6hAs2s,1,426150
8c6hAs2s,1,426150
8d7hAs2s,1,427221
8c7hAs2s,1,427221
6d8hAs2s,1,426160
8d8hAs2s,1,426451
9d8hAs2s,1,426291
7c8hAs2s,1,427185
8c8hAs2s,1,426451
9c8hAs2s,1,426291
8d9hAs2s,1,426259
8c9hAs2s,1,426259
8d5dAs2s,0.25,427038
8c5dAs2s,0.25,427038
8d6dAs2s,1,426359
8c6dAs2s,1,426359
9d8dAs2s,0.97,426444
5c8dAs2s,0.25,427038
7c8dAs2s,1,427003
8c8dAs2s,1,426210
9c8dAs2s,1,426444
8c9dAs2s,1,426444
8c5cAs2s,0.25,427038
8c7cAs2s,1,427003
9c8cAs2s,0.97,426444
3hAs4s3s,0.605,424547
5hAs4s3s,1,425091
6hAs4s3s,1,423641
7hAs4s3s,1,425434
8hAs4s3s,1,424115
9hAs4s3s,1,425113
QhAs4s3s,0.62,423855
3dAs4s3s,0.79,424817
5dAs4s3s,1,424798
6dAs4s3s,1,424006
8dAs4s3s,1,424144
9dAs4s3s,1,424618
3cAs4s3s,0.79,424817
5cAs4s3s,1,424798
7cAs4s3s,1,424841
8cAs4s3s,1,424144
9cAs4s3s,1,424618
3hAs5s3s,0.77,424497
4hAs5s3s,1,424939
5hAs5s3s,1,425561
6hAs5s3s,1,424454
7hAs5s3s,1,425894
8hAs5s3s,1,425213
9hAs5s3s,1,425166
KhAs5s3s,0.015,424234
3dAs5s3s,1,425404
4dAs5s3s,1,425024
5dAs5s3s,1,425633
6dAs5s3s,1,424493
8dAs5s3s,1,424643
9dAs5s3s,1,425334
TdAs5s3s,0.575,425126
3cAs5s3s,1,425404
4cAs5s3s,1,425024
5cAs5s3s,1,425633
7cAs5s3s,1,425489
8cAs5s3s,1,424643
9cAs5s3s,1,425334
TcAs5s3s,0.575,425126
AsJs6s3s,0.06,419288
3hAs6s3s,0.77,423711
4hAs6s3s,1,423808
5hAs6s3s,1,424081
6hAs6s3s,1,423425
8hAs6s3s,0.51,423254
ThAs6s3s,1,424073
JhAs6s3s,1,424383
QhAs6s3s,1,423091
3dAs6s3s,1,424338
4dAs6s3s,1,424329
5dAs6s3s,1,424057
6dAs6s3s,1,423738
8dAs6s3s,1,423553
TdAs6s3s,1,424066
JdAs6s3s,1,424318
QdAs6s3s,0.475,423625
3cAs6s3s,1,424338
4cAs6s3s,1,424329
5cAs6s3s,1,424057
7cAs6s3s,1,424613
8cAs6s3s,1,423553
TcAs6s3s,1,424066
JcAs6s3s,1,424318
QcAs6s3s,0.475,423625
AsTs7s3s,0.065,409442
3hAs7s3s,1,421110
4hAs7s3s,1,421152
5hAs7s3s,0.575,421494
6hAs7s3s,0.61,420118
7hAs7s3s,1,421305
8hAs7s3s,1,420496
ThAs7s3s,1,421447
JhAs7s3s,1,421820
QhAs7s3s,1,419717
KhAs7s3s,1,420373
3dAs7s3s,0.895,421850
4dAs7s3s,1,421351
5dAs7s3s,1,421047
6dAs7s3s,0.485,420957
8dAs7s3s,1,420728
TdAs7s3s,1,421092
JdAs7s3s,1,422209
QdAs7s3s,1,420891
3cAs7s3s,0.895,421850
4cAs7s3s,1,421351
5cAs7s3s,1,421047
7cAs7s3s,1,421577
8cAs7s3s,1,420728
TcAs7s3s,1,421092
JcAs7s3s,1,422209
QcAs7s3s,1,420891
4hAs9s3s,1,419667
5hAs9s3s,1,419471
8hAs9s3s,1,418618
9hAs9s3s,1,418841
ThAs9s3s,1,419356
JhAs9s3s,1,419840
QhAs9s3s,1,418481
KhAs9s3s,1,418361
4dAs9s3s,0.56,419991
5dAs9s3s,1,419474
9dAs9s3s,1,419183
TdAs9s3s,1,419215
JdAs9s3s,1,419841
QdAs9s3s,1,418503
KdAs9s3s,1,418508
4cAs9s3s,0.56,419991
5cAs9s3s,1,419474
7cAs9s3s,0.41,420788
9cAs9s3s,1,419183
TcAs9s3s,1,419215
JcAs9s3s,1,419841
QcAs9s3s,1,418503
KcAs9s3s,1,418508
3d4h9s3s,0.0002,48680
3c4h9s3s,0.0002,48680
7hAsTs3s,1,414527
8hAsTs3s,1,412774
9hAsTs3s,0.565,413357
ThAsTs3s,1,414778
QhAsTs3s,1,412750
KhAsTs3s,1,412836
6dAsTs3s,1,413617
8dAsTs3s,1,413143
9dAsTs3s,0.99,413160
TdAsTs3s,1,414687
QdAsTs3s,1,412867
KdAsTs3s,1,412428
7cAsTs3s,1,413338
8cAsTs3s,1,413143
9cAsTs3s,0.99,413160
TcAsTs3s,1,414687
QcAsTs3s,1,412867
KcAsTs3s,1,412428
8hAsJs3s,0.0039,421121
8d3hAs3s,1,425505
8c3hAs3s,1,425505
6h4hAs3s,0.915,425358
4d4hAs3s,1,426615
5d4hAs3s,1,426130
6d4hAs3s,1,425563
8d4hAs3s,1,425714
4c4hAs3s,1,426615
5c4hAs3s,1,426130
7c4hAs3s,0.43,426401
8c4hAs3s,1,425714
6h5hAs3s,0.295,425222
7h5hAs3s,0.1535,427432
8h5hAs3s,1,426417
9h5hAs3s,1,426915
3d5hAs3s,0.18,426707
4d5hAs3s,1,426735
5d5hAs3s,1,426582
6d5hAs3s,1,426054
8d5hAs3s,1,425846
9d5hAs3s,1,426417
Jd5hAs3s,0.785,426968
3c5hAs3s,0.18,426707
4c5hAs3s,1,426735
5c5hAs3s,1,426582
7c5hAs3s,1,427163
8c5hAs3s,1,425846
9c5hAs3s,1,426417
Jc5hAs3s,0.785,426968
7h6hAs3s,1,426029
8h6hAs3s,1,424758
4d6hAs3s,0.705,425824
5d6hAs3s,1,425756
6d6hAs3s,1,424884
8d6hAs3s,1,424968
Td6hAs3s,1,425621
Jd6hAs3s,1,426039
4c6hAs3s,0.705,425824
5c6hAs3s,1,425756
8c6hAs3s,1,424968
Tc6hAs3s,1,425621
Jc6hAs3s,1,426039
8h7hAs3s,1,425277
4d7hAs3s,0.645,427399
5d7hAs3s,1,426990
6d7hAs3s,1,426408
8d7hAs3s,1,426249
Td7hAs3s,1,427177
Jd7hAs3s,1,427371
4c7hAs3s,0.645,427399
5c7hAs3s,1,426990
7c7hAs3s,1,427000
8c7hAs3s,1,426249
Tc7hAs3s,1,427177
Jc7hAs3s,1,427371
9h8hAs3s,1,425463
3d8hAs3s,1,426180
4d8hAs3s,1,426283
5d8hAs3s,1,426018
6d8hAs3s,1,425569
8d8hAs3s,1,425006
9d8hAs3s,1,425134
Td8hAs3s,1,425755
Jd8hAs3s,1,425961
3c8hAs3s,1,426180
4c8hAs3s,1,426283
5c8hAs3s,1,426018
7c8hAs3s,1,426349
8c8hAs3s,1,425006
9c8hAs3s,1,425134
Tc8hAs3s,1,425755
Jc8hAs3s,1,425961
2d9hAs3s,0.223,425326
6d9hAs3s,0.495,425816
8d9hAs3s,1,425254
Td9hAs3s,1,426125
Jd9hAs3s,1,426323
2c9hAs3s,0.223,425326
8c9hAs3s,1,425254
Tc9hAs3s,1,426125
Jc9hAs3s,1,426323
4dThAs3s,1,426645
6dThAs3s,1,426289
8dThAs3s,1,426039
9dThAs3s,1,425946
TdThAs3s,1,426401
4cThAs3s,1,426645
7cThAs3s,1,426743
8cThAs3s,1,426039
9cThAs3s,1,425946
TcThAs3s,1,426401
4dJhAs3s,0.675,427143
5dJhAs3s,0.525,427346
6dJhAs3s,1,426186
8dJhAs3s,1,425805
9dJhAs3s,1,426646
JdJhAs3s,1,427131
4cJhAs3s,0.675,427143
5cJhAs3s,0.525,427346
7cJhAs3s,0.61,427497
8cJhAs3s,1,425805
9cJhAs3s,1,426646
JcJhAs3s,1,427131
4d3dAs3s,0.58,427119
5d3dAs3s,0.99,426963
6d3dAs3s,0.45,426218
8d3dAs3s,1,426198
4c3dAs3s,0.58,427119
5c3dAs3s,0.99,426963
8c3dAs3s,1,426198
5d4dAs3s,1,426458
6d4dAs3s,1,425889
8d4dAs3s,1,426203
3c4dAs3s,0.58,427119
4c4dAs3s,0.255,427559
5c4dAs3s,1,426458
8c4dAs3s,1,426203
6d5dAs3s,1,425973
8d5dAs3s,1,426098
9d5dAs3s,0.1,426581
3c5dAs3s,0.99,426963
4c5dAs3s,1,426458
7c5dAs3s,1,426955
8c5dAs3s,1,426098
9c5dAs3s,0.1,426581
8d6dAs3s,1,425521
Td6dAs3s,1,425724
Jd6dAs3s,1,426273
3c6dAs3s,0.45,426218
4c6dAs3s,1,425889
5c6dAs3s,1,425973
8c6dAs3s,1,425521
Tc6dAs3s,1,425724
Jc6dAs3s,1,426273
9d8dAs3s,1,425585
Td8dAs3s,0.41,425386
Jd8dAs3s,1,425889
3c8dAs3s,1,426198
4c8dAs3s,1,426203
5c8dAs3s,1,426098
7c8dAs3s,1,426224
8c8dAs3s,1,424989
9c8dAs3s,1,425585
Tc8dAs3s,1,425386
Jc8dAs3s,1,425889
Td9dAs3s,0.05,426205
Jd9dAs3s,0.03,426524
5c9dAs3s,0.1,426581
8c9dAs3s,1,425585
Tc9dAs3s,1,426205
Jc9dAs3s,1,426524
7cTdAs3s,1,427239
8cTdAs3s,1,425386
9cTdAs3s,1,426205
TcTdAs3s,1,426437
7cJdAs3s,1,427389
8cJdAs3s,1,425889
9cJdAs3s,1,426524
JcJdAs3s,1,427580
4c3cAs3s,0.58,427119
5c3cAs3s,0.99,426963
8c3cAs3s,1,426198
5c4cAs3s,1,426458
8c4cAs3s,1,426203
7c5cAs3s,0.99,426955
8c5cAs3s,1,426098
9c5cAs3s,0.1,426581
8c7cAs3s,1,426224
Tc7cAs3s,0.01,427239
Jc7cAs3s,0.96,427389
9c8cAs3s,1,425585
Tc8cAs3s,0.41,425386
Jc8cAs3s,1,425889
Tc9cAs3s,0.05,426205
Jc9cAs3s,0.03,426524
3hAs5s4s,1,425338
4hAs5s4s,0.565,425528
5hAs5s4s,1,426597
6hAs5s4s,1,425426
7hAs5s4s,1,426971
8hAs5s4s,1,425592
9hAs5s4s,1,427050
ThAs5s4s,1,426137
JhAs5s4s,0.14,427588
3dAs5s4s,1,425758
4dAs5s4s,0.725,426422
5dAs5s4s,1,426473
6dAs5s4s,1,424808
8dAs5s4s,1,425815
9dAs5s4s,1,426596
3cAs5s4s,1,425758
4cAs5s4s,0.725,426422
5cAs5s4s,1,426473
7cAs5s4s,1,426587
8cAs5s4s,1,425815
9cAs5s4s,1,426596
3hAs6s4s,1,424227
4hAs6s4s,1,424482
5hAs6s4s,1,425115
6hAs6s4s,1,423797
7hAs6s4s,0.4205,425410
8hAs6s4s,1,424288
ThAs6s4s,1,424771
JhAs6s4s,1,425561
3dAs6s4s,1,424448
4dAs6s4s,1,425210
5dAs6s4s,1,424641
6dAs6s4s,1,424297
8dAs6s4s,1,424183
TdAs6s4s,1,424752
JdAs6s4s,1,425098
3cAs6s4s,1,424448
4cAs6s4s,1,425210
5cAs6s4s,1,424641
7cAs6s4s,1,425478
8cAs6s4s,1,424183
TcAs6s4s,1,424752
JcAs6s4s,1,425098
AsTs7s4s,0.76,409789
3hAs7s4s,1,421647
4hAs7s4s,1,421765
5hAs7s4s,1,421959
6hAs7s4s,1,420903
7hAs7s4s,1,422099
8hAs7s4s,1,421510
ThAs7s4s,1,422346
JhAs7s4s,1,423204
3dAs7s4s,1,422240
4dAs7s4s,1,422278
5dAs7s4s,1,422001
6dAs7s4s,1,421794
8dAs7s4s,1,421607
9dAs7s4s,1,422533
TdAs7s4s,1,422353
JdAs7s4s,1,423096
3cAs7s4s,1,422240
4cAs7s4s,1,422278
5cAs7s4s,1,422001
7cAs7s4s,1,422305
8cAs7s4s,1,421607
9cAs7s4s,1,422533
TcAs7s4s,1,422353
JcAs7s4s,1,423096
5hAs9s4s,1,420053
9hAs9s4s,1,419209
ThAs9s4s,1,420336
JhAs9s4s,1,421124
QhAs9s4s,1,418990
KhAs9s4s,1,419018
3dAs9s4s,1,420137
4dAs9s4s,1,421092
5dAs9s4s,1,420094
8dAs9s4s,1,419710
9dAs9s4s,1,419858
TdAs9s4s,1,420348
JdAs9s4s,1,420695
QdAs9s4s,1,419327
3cAs9s4s,1,420137
4cAs9s4s,1,421092
5cAs9s4s,1,420094
8cAs9s4s,1,419710
9cAs9s4s,1,419858
TcAs9s4s,1,420348
JcAs9s4s,1,420695
QcAs9s4s,1,419327
7hAsTs4s,0.405,415081
8hAsTs4s,1,413722
ThAsTs4s,1,415240
QhAsTs4s,1,413067
KhAsTs4s,1,413213
6dAsTs4s,0.585,413742
8dAsTs4s,1,413863
9dAsTs4s,0.525,413410
TdAsTs4s,1,415202
QdAsTs4s,1,413550
KdAsTs4s,1,413448
7cAsTs4s,1,414821
8cAsTs4s,1,413863
9cAsTs4s,0.525,413410
TcAsTs4s,1,415202
QcAsTs4s,1,413550
KcAsTs4s,1,413448
7h3hAs4s,1,427520
8h3hAs4s,0.845,426122
9h3hAs4s,0.275,426713
3d3hAs4s,0.445,426699
5d3hAs4s,1,426512
6d3hAs4s,1,425708
8d3hAs4s,1,426057
Td3hAs4s,0.02,425887
3c3hAs4s,0.445,426699
5c3hAs4s,1,426512
7c3hAs4s,1,426713
8c3hAs4s,1,426057
Tc3hAs4s,0.02,425887
3d4hAs4s,1,426962
6d4hAs4s,1,426272
8d4hAs4s,1,426232
9d4hAs4s,0.5,427364
3c4hAs4s,1,426962
7c4hAs4s,1,427407
8c4hAs4s,1,426232
9c4hAs4s,0.5,427364
9h5hAs4s,0.86,427386
3d5hAs4s,1,426947
4d5hAs4s,0.935,427351
5d5hAs4s,1,427406
6d5hAs4s,1,427222
8d5hAs4s,1,426993
9d5hAs4s,1,427705
3c5hAs4s,1,426947
4c5hAs4s,0.935,427351
5c5hAs4s,1,427406
7c5hAs4s,1,428120
8c5hAs4s,1,426993
9c5hAs4s,1,427705
8h6hAs4s,0.29,426127
3d6hAs4s,1,426473
4d6hAs4s,0.715,426555
5d6hAs4s,1,426441
6d6hAs4s,0.155,425644
8d6hAs4s,1,425967
Td6hAs4s,1,426137
Jd6hAs4s,1,426809
3c6hAs4s,1,426473
4c6hAs4s,0.715,426555
5c6hAs4s,1,426441
7c6hAs4s,0.55,426468
8c6hAs4s,1,425967
Tc6hAs4s,1,426137
Jc6hAs4s,1,426809
9h7hAs4s,0.95,427299
3d7hAs4s,1,427519
4d7hAs4s,1,428467
5d7hAs4s,1,427756
6d7hAs4s,1,426990
8d7hAs4s,1,427014
9d7hAs4s,1,427658
Td7hAs4s,1,427428
Jd7hAs4s,1,428016
3c7hAs4s,1,427519
4c7hAs4s,1,428467
5c7hAs4s,1,427756
7c7hAs4s,1,427771
8c7hAs4s,1,427014
9c7hAs4s,1,427658
Tc7hAs4s,1,427428
Jc7hAs4s,1,428016
9h8hAs4s,0.98,426088
3d8hAs4s,1,426746
4d8hAs4s,1,427365
5d8hAs4s,1,426764
6d8hAs4s,1,426033
8d8hAs4s,1,426171
9d8hAs4s,1,426107
Td8hAs4s,1,426287
Jd8hAs4s,1,426880
3c8hAs4s,1,426746
4c8hAs4s,1,427365
5c8hAs4s,1,426764
7c8hAs4s,1,426481
8c8hAs4s,1,426171
9c8hAs4s,1,426107
Tc8hAs4s,1,426287
Jc8hAs4s,1,426880
3d9hAs4s,1,427283
8d9hAs4s,1,425939
Td9hAs4s,1,426954
Jd9hAs4s,1,427794
3c9hAs4s,1,427283
7c9hAs4s,0.32,427243
8c9hAs4s,1,425939
Tc9hAs4s,1,426954
Jc9hAs4s,1,427794
3dThAs4s,1,427179
6dThAs4s,1,426615
8dThAs4s,1,426476
9dThAs4s,1,426874
TdThAs4s,1,427134
3cThAs4s,1,427179
7cThAs4s,1,427356
8cThAs4s,1,426476
9cThAs4s,1,426874
TcThAs4s,1,427134
3dJhAs4s,1,427703
6dJhAs4s,1,427150
8dJhAs4s,1,426805
9dJhAs4s,1,427441
JdJhAs4s,1,428427
3cJhAs4s,1,427703
7cJhAs4s,1,427936
8cJhAs4s,1,426805
9cJhAs4s,1,427441
JcJhAs4s,1,428427
4d3dAs4s,0.33,427553
5d3dAs4s,1,426954
6d3dAs4s,1,426446
8d3dAs4s,1,426583
4c3dAs4s,0.33,427553
5c3dAs4s,1,426954
7c3dAs4s,1,427755
8c3dAs4s,1,426583
5d4dAs4s,0.3031,427377
6d4dAs4s,0.25,427087
8d4dAs4s,1,427110
3c4dAs4s,0.33,427553
5c4dAs4s,0.705,427377
7c4dAs4s,1,428093
8c4dAs4s,1,427110
3c5dAs4s,1,426954
4c5dAs4s,0.705,427377
5c5dAs4s,1,427097
8c5dAs4s,1,426388
Tc5dAs4s,0.43,426989
Jc5dAs4s,0.56,427768
8d6dAs4s,0.29,426150
Jd6dAs4s,0.7326,426932
3c6dAs4s,1,426446
4c6dAs4s,0.25,427087
5c6dAs4s,1,426632
7c6dAs4s,1,426763
8c6dAs4s,1,426150
Tc6dAs4s,1,426812
Jc6dAs4s,0.74,426932
9d8dAs4s,0.98,426254
3c8dAs4s,1,426583
4c8dAs4s,1,427110
5c8dAs4s,1,426388
7c8dAs4s,1,426880
8c8dAs4s,1,426030
9c8dAs4s,1,426254
Tc8dAs4s,1,426278
Jc8dAs4s,1,426961
Jd9dAs4s,0.1194,427284
8c9dAs4s,1,426254
Tc9dAs4s,1,427128
Jc9dAs4s,0.995,427284
5cTdAs4s,0.43,426989
7cTdAs4s,1,427731
8cTdAs4s,1,426278
9cTdAs4s,1,427128
TcTdAs4s,1,427142
5cJdAs4s,0.56,427768
7cJdAs4s,1,428147
8cJdAs4s,1,426961
9cJdAs4s,0.995,427284
JcJdAs4s,1,428452
4c3cAs4s,0.33,427553
5c3cAs4s,1,426954
7c3cAs4s,1,427755
8c3cAs4s,1,426583
5c4cAs4s,0.3031,427377
7c4cAs4s,1,428093
8c4cAs4s,1,427110
9c8cAs4s,0.98,426254
Jc9cAs4s,0.1194,427284
Qh7h4h4s,0.0017,-34273
AsJs6s5s,0.18,422770
3hAs6s5s,1,424312
4hAs6s5s,1,424794
5hAs6s5s,1,425572
6hAs6s5s,1,424564
8hAs6s5s,1,425069
9hAs6s5s,0.855,426151
ThAs6s5s,1,425442
JhAs6s5s,1,425665
3dAs6s5s,1,425368
4dAs6s5s,1,424942
5dAs6s5s,1,425235
6dAs6s5s,1,424608
8dAs6s5s,1,424947
9dAs6s5s,1,425747
TdAs6s5s,1,425429
JdAs6s5s,1,425827
3cAs6s5s,1,425368
4cAs6s5s,1,424942
5cAs6s5s,1,425235
7cAs6s5s,1,426356
8cAs6s5s,1,424947
9cAs6s5s,1,425747
TcAs6s5s,1,425429
JcAs6s5s,1,425827
AsTs7s5s,1,409619
3hAs7s5s,1,422239
4hAs7s5s,1,421842
5hAs7s5s,1,423168
6hAs7s5s,1,421468
7hAs7s5s,1,422714
8hAs7s5s,1,422395
9hAs7s5s,0.76,423878
ThAs7s5s,1,422921
JhAs7s5s,1,424175
3dAs7s5s,1,423043
4dAs7s5s,1,422134
5dAs7s5s,1,422746
6dAs7s5s,1,421942
8dAs7s5s,1,422348
9dAs7s5s,1,423380
TdAs7s5s,1,422970
JdAs7s5s,1,423496
3cAs7s5s,1,423043
4cAs7s5s,1,422134
5cAs7s5s,1,422746
7cAs7s5s,1,422775
8cAs7s5s,1,422348
9cAs7s5s,1,423380
TcAs7s5s,1,422970
JcAs7s5s,1,423496
4hAs9s5s,1,420276
5hAs9s5s,1,420716
7hAs9s5s,1,420673
8hAs9s5s,0.125,418746
9hAs9s5s,1,420370
ThAs9s5s,1,420566
JhAs9s5s,1,420977
QhAs9s5s,1,419238
KhAs9s5s,0.955,418769
3dAs9s5s,1,420986
4dAs9s5s,1,420695
5dAs9s5s,1,420511
6dAs9s5s,1,420208
8dAs9s5s,1,419901
9dAs9s5s,1,420553
TdAs9s5s,1,420436
JdAs9s5s,1,420831
QdAs9s5s,1,419629
3cAs9s5s,1,420986
4cAs9s5s,1,420695
5cAs9s5s,1,420511
7cAs9s5s,1,421212
8cAs9s5s,1,419901
9cAs9s5s,1,420553
TcAs9s5s,1,420436
JcAs9s5s,1,420831
QcAs9s5s,1,419629
6hAsTs5s,1,413748
7hAsTs5s,0.005,406360
8hAsTs5s,0.285,414312
ThAsTs5s,1,415819
QhAsTs5s,1,413294
KhAsTs5s,1,413095
6dAsTs5s,1,414121
8dAsTs5s,1,413872
9dAsTs5s,0.625,413774
TdAsTs5s,1,415191
QdAsTs5s,0.815,413565
KdAsTs5s,0.98,413372
7cAsTs5s,0.975,414544
8cAsTs5s,1,413872
9cAsTs5s,0.625,413774
TcAsTs5s,1,415191
QcAsTs5s,0.815,413565
KcAsTs5s,0.98,413372
8hAsJs5s,0.04,424106
8dAsJs5s,0.0682,425729
8cAsJs5s,0.0682,425729
Kh4hJs5s,0.0004,104877
6h3hAs5s,1,426372
8h3hAs5s,1,427105
9h3hAs5s,0.71,427397
3d3hAs5s,0.225,426667
4d3hAs5s,1,426523
6d3hAs5s,1,426088
8d3hAs5s,1,426603
9d3hAs5s,1,427299
3c3hAs5s,0.225,426667
4c3hAs5s,1,426523
7c3hAs5s,1,427309
8c3hAs5s,1,426603
9c3hAs5s,1,427299
9h4hAs5s,1,427735
3d4hAs5s,1,427317
4d4hAs5s,1,427309
6d4hAs5s,1,426358
8d4hAs5s,1,427027
9d4hAs5s,1,427541
3c4hAs5s,1,427317
4c4hAs5s,1,427309
7c4hAs5s,1,427753
8c4hAs5s,1,427027
9c4hAs5s,1,427541
6h5hAs5s,0.0051,427644
3d5hAs5s,1,427550
4d5hAs5s,1,427360
6d5hAs5s,1,426890
8d5hAs5s,1,427587
9d5hAs5s,1,428225
3c5hAs5s,1,427550
4c5hAs5s,1,427360
7c5hAs5s,1,428461
8c5hAs5s,1,427587
9c5hAs5s,1,428225
3d6hAs5s,1,426751
4d6hAs5s,1,426556
5d6hAs5s,1,427225
6d6hAs5s,0.77,426209
8d6hAs5s,1,426458
Td6hAs5s,1,427060
Jd6hAs5s,1,427450
3c6hAs5s,1,426751
4c6hAs5s,1,426556
5c6hAs5s,1,427225
7c6hAs5s,1,427492
8c6hAs5s,1,426458
Tc6hAs5s,1,427060
Jc6hAs5s,1,427450
3d7hAs5s,1,428655
4d7hAs5s,1,427988
5d7hAs5s,1,428478
6d7hAs5s,1,427364
8d7hAs5s,1,427718
9d7hAs5s,1,428489
Td7hAs5s,1,428415
Jd7hAs5s,1,428994
3c7hAs5s,1,428655
4c7hAs5s,1,427988
5c7hAs5s,1,428478
7c7hAs5s,1,428433
8c7hAs5s,1,427718
9c7hAs5s,1,428489
Tc7hAs5s,1,428415
Jc7hAs5s,1,428994
3d8hAs5s,1,427207
4d8hAs5s,1,427414
5d8hAs5s,1,427602
6d8hAs5s,1,426907
8d8hAs5s,1,427021
9d8hAs5s,1,427257
Td8hAs5s,1,426977
Jd8hAs5s,1,427858
3c8hAs5s,1,427207
4c8hAs5s,1,427414
5c8hAs5s,1,427602
7c8hAs5s,1,427644
8c8hAs5s,1,427021
9c8hAs5s,1,427257
Tc8hAs5s,1,426977
Jc8hAs5s,1,427858
3d9hAs5s,0.25,428198
5d9hAs5s,1,428152
8d9hAs5s,1,427078
Td9hAs5s,1,427921
Jd9hAs5s,1,428480
3c9hAs5s,0.25,428198
5c9hAs5s,1,428152
7c9hAs5s,1,428088
8c9hAs5s,1,427078
Tc9hAs5s,1,427921
Jc9hAs5s,1,428480
3dThAs5s,0.445,428139
6dThAs5s,1,426741
8dThAs5s,1,427434
9dThAs5s,1,427794
TdThAs5s,1,428154
3cThAs5s,0.445,428139
7cThAs5s,1,428233
8cThAs5s,1,427434
9cThAs5s,1,427794
TcThAs5s,1,428154
4dJhAs5s,0.24,428890
6dJhAs5s,1,427866
8dJhAs5s,1,427949
9dJhAs5s,1,428595
JdJhAs5s,1,429682
4cJhAs5s,0.24,428890
7cJhAs5s,1,428866
8cJhAs5s,1,427949
9cJhAs5s,1,428595
JcJhAs5s,1,429682
4d3dAs5s,1,427423
5d3dAs5s,1,427751
6d3dAs5s,1,427076
8d3dAs5s,1,427364
9d3dAs5s,1,428000
Td3dAs5s,1,427923
Jd3dAs5s,0.42,428571
4c3dAs5s,1,427423
5c3dAs5s,1,427751
7c3dAs5s,1,428171
8c3dAs5s,1,427364
9c3dAs5s,1,428000
Tc3dAs5s,1,427923
Jc3dAs5s,1,428571
5d4dAs5s,0.03,427423
9d4dAs5s,0.49,427949
3c4dAs5s,1,427423
4c4dAs5s,0.87,427652
5c4dAs5s,1,427423
7c4dAs5s,1,428261
8c4dAs5s,1,427349
9c4dAs5s,0.49,427949
6d5dAs5s,0.02,426927
8d5dAs5s,0.8,427770
9d5dAs5s,1,428361
3c5dAs5s,1,427751
4c5dAs5s,1,427423
7c5dAs5s,1,428065
8c5dAs5s,1,427770
9c5dAs5s,1,428361
Td6dAs5s,0.03,427123
3c6dAs5s,1,427076
4c6dAs5s,1,426530
5c6dAs5s,1,426927
7c6dAs5s,0.56,427260
8c6dAs5s,1,426701
Tc6dAs5s,1,427123
Jc6dAs5s,1,427441
3c8dAs5s,1,427364
4c8dAs5s,1,427349
5c8dAs5s,1,427770
7c8dAs5s,1,427379
8c8dAs5s,1,426860
9c8dAs5s,1,427124
Tc8dAs5s,1,427056
Jc8dAs5s,1,427823
3c9dAs5s,1,428000
4c9dAs5s,0.49,427949
5c9dAs5s,1,428361
7c9dAs5s,1,428522
8c9dAs5s,1,427124
Tc9dAs5s,1,427940
Jc9dAs5s,0.6,428472
3cTdAs5s,1,427923
7cTdAs5s,1,428113
8cTdAs5s,1,427056
9cTdAs5s,1,427940
TcTdAs5s,1,428026
3cJdAs5s,1,428571
7cJdAs5s,1,428967
8cJdAs5s,1,427823
9cJdAs5s,0.6,428472
JcJdAs5s,1,429396
4c3cAs5s,1,427423
5c3cAs5s,1,427751
7c3cAs5s,0.63,428171
8c3cAs5s,1,427364
9c3cAs5s,1,428000
Tc3cAs5s,1,427923
Jc3cAs5s,0.42,428571
5c4cAs5s,0.03,427423
9c4cAs5s,0.49,427949
8c5cAs5s,0.8,427770
9c5cAs5s,1,428361
AsTs7s6s,1,408294
AsJs7s6s,0.5525,419634
4hAs7s6s,1,421269
5hAs7s6s,1,421835
6hAs7s6s,1,420734
7hAs7s6s,1,422076
8hAs7s6s,1,420820
ThAs7s6s,1,421339
JhAs7s6s,1,422300
KhAs7s6s,0.0058,422621
3dAs7s6s,1,421864
4dAs7s6s,1,421475
5dAs7s6s,1,421450
6dAs7s6s,1,420950
8dAs7s6s,1,421228
9dAs7s6s,1,422272
TdAs7s6s,1,421542
JdAs7s6s,1,422606
3cAs7s6s,1,421864
4cAs7s6s,1,421475
5cAs7s6s,1,421450
7cAs7s6s,1,422444
8cAs7s6s,1,421228
9cAs7s6s,1,422272
TcAs7s6s,1,421542
JcAs7s6s,1,422606
6hAs9s6s,1,420170
7hAs9s6s,1,421168
8hAs9s6s,1,419733
9hAs9s6s,1,420281
ThAs9s6s,1,420127
JhAs9s6s,1,421167
QhAs9s6s,1,419276
KhAs9s6s,0.545,419178
6dAs9s6s,1,420950
8dAs9s6s,1,419928
9dAs9s6s,1,420398
TdAs9s6s,1,420320
JdAs9s6s,1,420567
QdAs9s6s,1,419662
7cAs9s6s,1,422050
8cAs9s6s,1,419928
9cAs9s6s,1,420398
TcAs9s6s,1,420320
JcAs9s6s,1,420567
QcAs9s6s,1,419662
5hAsTs6s,1,413388
6hAsTs6s,0.5,412178
7hAsTs6s,1,413598
8hAsTs6s,1,412595
9hAsTs6s,0.735,413159
ThAsTs6s,1,414372
QhAsTs6s,1,411979
KhAsTs6s,1,411961
4dAsTs6s,1,413386
5dAsTs6s,1,412938
8dAsTs6s,1,412469
9dAsTs6s,1,412731
TdAsTs6s,1,414048
QdAsTs6s,1,411748
KdAsTs6s,0.65,411701
4cAsTs6s,1,413386
5cAsTs6s,1,412938
7cAsTs6s,1,413546
8cAsTs6s,1,412469
9cAsTs6s,1,412731
TcAsTs6s,1,414048
QcAsTs6s,1,411748
KcAsTs6s,0.65,411701
8hAsJs6s,0.015,422139
8h3hAs6s,1,425590
3d3hAs6s,0.54,426179
6d3hAs6s,0.73,425627
8d3hAs6s,1,425679
Td3hAs6s,1,425896
Jd3hAs6s,1,426741
3c3hAs6s,0.54,426179
8c3hAs6s,1,425679
Tc3hAs6s,1,425896
Jc3hAs6s,1,426741
8h4hAs6s,1,426033
4d4hAs6s,1,426558
5d4hAs6s,0.305,426071
8d4hAs6s,1,426088
Td4hAs6s,1,426136
Jd4hAs6s,1,426927
4c4hAs6s,1,426558
5c4hAs6s,0.305,426071
8c4hAs6s,1,426088
Tc4hAs6s,1,426136
Jc4hAs6s,1,426927
9h5hAs6s,0.0495,427450
3d5hAs6s,1,426893
4d5hAs6s,1,426594
5d5hAs6s,1,426853
6d5hAs6s,0.42,425859
8d5hAs6s,1,426180
Td5hAs6s,1,426504
Jd5hAs6s,1,427209
3c5hAs6s,1,426893
4c5hAs6s,1,426594
5c5hAs6s,1,426853
8c5hAs6s,1,426180
Tc5hAs6s,1,426504
Jc5hAs6s,1,427209
8h6hAs6s,1,425404
8d6hAs6s,1,425088
Td6hAs6s,1,425218
Jd6hAs6s,1,426253
8c6hAs6s,1,425088
Tc6hAs6s,1,425218
Jc6hAs6s,1,426253
8d7hAs6s,1,426389
Td7hAs6s,1,427025
Jd7hAs6s,1,427708
8c7hAs6s,1,426389
Tc7hAs6s,1,427025
Jc7hAs6s,1,427708
3d8hAs6s,1,426196
4d8hAs6s,1,426141
5d8hAs6s,1,426004
6d8hAs6s,1,425344
8d8hAs6s,1,425261
9d8hAs6s,1,425356
Td8hAs6s,1,425657
Jd8hAs6s,1,426276
3c8hAs6s,1,426196
4c8hAs6s,1,426141
5c8hAs6s,1,426004
7c8hAs6s,1,427047
8c8hAs6s,1,425261
9c8hAs6s,1,425356
Tc8hAs6s,1,425657
Jc8hAs6s,1,426276
8d9hAs6s,1,425529
Td9hAs6s,1,425935
Jd9hAs6s,0.595,426408
8c9hAs6s,1,425529
Tc9hAs6s,1,425935
Jc9hAs6s,0.595,426408
3dThAs6s,1,426543
4dThAs6s,1,426573
5dThAs6s,1,426466
6dThAs6s,0.12,426035
8dThAs6s,1,425542
9dThAs6s,1,426148
TdThAs6s,1,426072
3cThAs6s,1,426543
4cThAs6s,1,426573
5cThAs6s,1,426466
7cThAs6s,1,426854
8cThAs6s,1,425542
9cThAs6s,1,426148
TcThAs6s,1,426072
3dJhAs6s,1,427246
4dJhAs6s,1,427523
5dJhAs6s,1,427153
6dJhAs6s,1,426356
8dJhAs6s,1,426061
9dJhAs6s,1,426465
JdJhAs6s,1,427512
3cJhAs6s,1,427246
4cJhAs6s,1,427523
5cJhAs6s,1,427153
7cJhAs6s,0.825,427469
8cJhAs6s,1,426061
9cJhAs6s,1,426465
JcJhAs6s,1,427512
8d2dAs6s,0.275,424328
8c2dAs6s,0.275,424328
8d3dAs6s,1,426258
Td3dAs6s,1,426344
Jd3dAs6s,1,427207
3c3dAs6s,0.62,426963
8c3dAs6s,1,426258
Tc3dAs6s,1,426344
Jc3dAs6s,1,427207
8d4dAs6s,1,426196
Jd4dAs6s,0.84,427292
8c4dAs6s,1,426196
Tc4dAs6s,1,426523
Jc4dAs6s,1,427292
6d5dAs6s,0.0158,425925
8c5dAs6s,1,425801
Tc5dAs6s,1,426023
Jc5dAs6s,1,426934
8d6dAs6s,1,425322
Td6dAs6s,1,425762
Jd6dAs6s,1,426125
5c6dAs6s,0.315,425925
8c6dAs6s,1,425322
Tc6dAs6s,1,425762
Jc6dAs6s,1,426125
2c8dAs6s,0.275,424328
3c8dAs6s,1,426258
4c8dAs6s,1,426196
5c8dAs6s,1,425801
7c8dAs6s,1,426283
8c8dAs6s,1,425479
9c8dAs6s,1,425503
Tc8dAs6s,1,425570
Jc8dAs6s,1,426180
8c9dAs6s,1,425503
Tc9dAs6s,1,425670
Jc9dAs6s,0.385,426762
3cTdAs6s,1,426344
4cTdAs6s,1,426523
5cTdAs6s,1,426023
7cTdAs6s,0.99,426768
8cTdAs6s,1,425570
9cTdAs6s,1,425670
TcTdAs6s,1,425531
3cJdAs6s,1,427207
4cJdAs6s,1,427292
5cJdAs6s,1,426934
8cJdAs6s,1,426180
9cJdAs6s,0.385,426762
JcJdAs6s,1,427520
8c2cAs6s,0.275,424328
8c3cAs6s,1,426258
Tc3cAs6s,1,426344
Jc3cAs6s,1,427207
8c4cAs6s,1,426196
Jc4cAs6s,0.84,427292
5hAs9s7s,1,416240
6hAs9s7s,1,415522
7hAs9s7s,1,416835
8hAs9s7s,1,415406
9hAs9s7s,1,416240
ThAs9s7s,1,416323
JhAs9s7s,1,416908
QhAs9s7s,1,415060
KhAs9s7s,1,414957
2dAs9s7s,1,415543
3dAs9s7s,0.085,415361
6dAs9s7s,1,416806
8dAs9s7s,1,416071
9dAs9s7s,1,416779
TdAs9s7s,1,415940
JdAs9s7s,1,417385
QdAs9s7s,1,416123
KdAs9s7s,0.57,414771
2cAs9s7s,1,415543
3cAs9s7s,0.085,415361
7cAs9s7s,1,416964
8cAs9s7s,1,416071
9cAs9s7s,1,416779
TcAs9s7s,1,415940
JcAs9s7s,1,417385
QcAs9s7s,1,416123
KcAs9s7s,0.57,414771
9h6h9s7s,0.0022,-4617
3c3d9s7s,0.0001,-33748
5hAsTs7s,0.57,411196
6hAsTs7s,1,410216
7hAsTs7s,1,411581
8hAsTs7s,1,410232
9hAsTs7s,1,411096
ThAsTs7s,1,412025
QhAsTs7s,1,410495
KhAsTs7s,0.71,410042
3dAsTs7s,1,411506
5dAsTs7s,0.645,411386
6dAsTs7s,1,410746
8dAsTs7s,1,410605
9dAsTs7s,1,411224
TdAsTs7s,1,412405
QdAsTs7s,1,410486
KdAsTs7s,0.71,410000
3cAsTs7s,1,411506
5cAsTs7s,0.645,411386
7cAsTs7s,1,410722
8cAsTs7s,1,410605
9cAsTs7s,1,411224
TcAsTs7s,1,412405
QcAsTs7s,1,410486
KcAsTs7s,0.71,410000
8hAsJs7s,1,423002
6h3hAs7s,1,422846
8h3hAs7s,1,423011
9h3hAs7s,0.5494,424325
3d3hAs7s,1,423928
4d3hAs7s,1,423731
5d3hAs7s,1,423681
6d3hAs7s,0.75,423355
8d3hAs7s,1,423040
9d3hAs7s,0.635,424354
Td3hAs7s,1,423576
Jd3hAs7s,1,425056
3c3hAs7s,1,423928
4c3hAs7s,1,423731
5c3hAs7s,1,423681
7c3hAs7s,1,424029
8c3hAs7s,1,423040
9c3hAs7s,0.635,424354
Tc3hAs7s,1,423576
Jc3hAs7s,1,425056
9h4hAs7s,0.96,424469
3d4hAs7s,1,424178
4d4hAs7s,1,423917
5d4hAs7s,1,423827
6d4hAs7s,1,423586
8d4hAs7s,1,423463
9d4hAs7s,1,424385
Td4hAs7s,1,424207
Jd4hAs7s,1,424980
3c4hAs7s,1,424178
4c4hAs7s,1,423917
5c4hAs7s,1,423827
7c4hAs7s,1,424768
8c4hAs7s,1,423463
9c4hAs7s,1,424385
Tc4hAs7s,1,424207
Jc4hAs7s,1,424980
3d5hAs7s,1,424443
4d5hAs7s,1,424019
5d5hAs7s,1,423925
6d5hAs7s,1,423638
8d5hAs7s,1,423995
9d5hAs7s,1,424616
Td5hAs7s,1,423835
Jd5hAs7s,1,425103
3c5hAs7s,1,424443
4c5hAs7s,1,424019
5c5hAs7s,1,423925
7c5hAs7s,1,424432
8c5hAs7s,1,423995
9c5hAs7s,1,424616
Tc5hAs7s,1,423835
Jc5hAs7s,1,425103
3d6hAs7s,1,423438
4d6hAs7s,1,423157
5d6hAs7s,1,423194
8d6hAs7s,1,422762
Td6hAs7s,1,423022
Jd6hAs7s,1,423990
3c6hAs7s,1,423438
4c6hAs7s,1,423157
5c6hAs7s,1,423194
7c6hAs7s,1,423512
8c6hAs7s,1,422762
Tc6hAs7s,1,423022
Jc6hAs7s,1,423990
9h7hAs7s,0.1536,424738
3d7hAs7s,0.92,424793
4d7hAs7s,0.49,424401
5d7hAs7s,1,424388
8d7hAs7s,1,423929
Td7hAs7s,1,424391
Jd7hAs7s,1,425249
3c7hAs7s,0.92,424793
4c7hAs7s,0.49,424401
5c7hAs7s,1,424388
8c7hAs7s,1,423929
Tc7hAs7s,1,424391
Jc7hAs7s,1,425249
3d8hAs7s,1,423890
4d8hAs7s,1,423547
5d8hAs7s,1,423382
6d8hAs7s,1,423100
8d8hAs7s,1,422996
9d8hAs7s,1,423275
Jd8hAs7s,0.19,423771
3c8hAs7s,1,423890
4c8hAs7s,1,423547
5c8hAs7s,1,423382
7c8hAs7s,1,423736
8c8hAs7s,1,422996
9c8hAs7s,1,423275
Jc8hAs7s,0.19,423771
2d9hAs7s,1,422630
3d9hAs7s,1,424594
4d9hAs7s,1,424689
5d9hAs7s,1,424499
8d9hAs7s,1,423066
Td9hAs7s,1,424177
Jd9hAs7s,1,424678
2c9hAs7s,1,422630
3c9hAs7s,1,424594
4c9hAs7s,1,424689
5c9hAs7s,1,424499
7c9hAs7s,1,424311
8c9hAs7s,1,423066
Tc9hAs7s,1,424177
Jc9hAs7s,1,424678
3dThAs7s,1,424475
4dThAs7s,1,424249
5dThAs7s,1,424120
6dThAs7s,1,423730
9dThAs7s,1,424517
TdThAs7s,1,424231
3cThAs7s,1,424475
4cThAs7s,1,424249
5cThAs7s,1,424120
7cThAs7s,1,424407
9cThAs7s,1,424517
TcThAs7s,1,424231
3dJhAs7s,1,425544
4dJhAs7s,1,425023
5dJhAs7s,1,425210
6dJhAs7s,1,424801
8dJhAs7s,0.19,424328
9dJhAs7s,1,425671
JdJhAs7s,0.99,425997
3cJhAs7s,1,425544
4cJhAs7s,1,425023
5cJhAs7s,1,425210
7cJhAs7s,1,425439
8cJhAs7s,0.19,424328
9cJhAs7s,1,425671
JcJhAs7s,0.99,425997
8dQhAs7s,0.35,422647
8cQhAs7s,0.35,422647
7c2dAs7s,1,422944
4d3dAs7s,1,424644
5d3dAs7s,0.05,424221
6d3dAs7s,1,423936
8d3dAs7s,1,424059
Td3dAs7s,0.14,424584
Jd3dAs7s,0.93,425385
3c3dAs7s,1,424528
4c3dAs7s,1,424644
5c3dAs7s,1,424221
7c3dAs7s,1,424977
8c3dAs7s,1,424059
Tc3dAs7s,1,424584
Jc3dAs7s,1,425385
6d4dAs7s,0.01,423432
9d4dAs7s,0.1536,424906
3c4dAs7s,1,424644
4c4dAs7s,1,424485
5c4dAs7s,1,423590
7c4dAs7s,1,424613
8c4dAs7s,1,423532
9c4dAs7s,0.16,424906
Tc4dAs7s,1,424357
Jc4dAs7s,1,425422
3c5dAs7s,1,424221
4c5dAs7s,1,423590
5c5dAs7s,1,423800
7c5dAs7s,1,424478
8c5dAs7s,1,423745
9c5dAs7s,1,424555
Tc5dAs7s,1,424127
Jc5dAs7s,1,424963
3c6dAs7s,1,423936
4c6dAs7s,1,423432
5c6dAs7s,1,423374
7c6dAs7s,0.885,424010
8c6dAs7s,1,423359
Tc6dAs7s,1,423708
Jc6dAs7s,1,424614
3c8dAs7s,1,424059
4c8dAs7s,1,423532
5c8dAs7s,1,423745
7c8dAs7s,1,423852
8c8dAs7s,1,423140
9c8dAs7s,1,423311
Jc8dAs7s,0.19,423889
4c9dAs7s,0.16,424906
5c9dAs7s,1,424555
7c9dAs7s,1,424843
8c9dAs7s,1,423311
Tc9dAs7s,1,424522
Jc9dAs7s,1,425272
3cTdAs7s,1,424584
4cTdAs7s,1,424357
5cTdAs7s,1,424127
7cTdAs7s,1,424180
9cTdAs7s,1,424522
TcTdAs7s,1,424226
3cJdAs7s,1,425385
4cJdAs7s,1,425422
5cJdAs7s,1,424963
7cJdAs7s,1,425300
8cJdAs7s,0.19,423889
9cJdAs7s,1,425272
JcJdAs7s,0.99,426039
7c2cAs7s,1,422944
4c3cAs7s,1,424644
5c3cAs7s,0.05,424221
7c3cAs7s,1,424977
8c3cAs7s,1,424059
Tc3cAs7s,0.14,424584
Jc3cAs7s,0.93,425385
7c4cAs7s,1,424613
9c4cAs7s,0.1536,424906
9c7cAs7s,0.32,424843
Jc7cAs7s,0.01,425300
5hAsTs9s,0.395,408330
6hAsTs9s,1,409135
7hAsTs9s,0.035,408190
8hAsTs9s,0.795,407846
9hAsTs9s,1,408308
ThAsTs9s,1,409838
3dAsTs9s,0.505,409581
6dAsTs9s,0.035,407110
8dAsTs9s,1,408627
9dAsTs9s,1,408014
TdAsTs9s,1,409512
3cAsTs9s,0.505,409581
7cAsTs9s,1,409742
8cAsTs9s,1,408627
9cAsTs9s,1,408014
TcAsTs9s,1,409512
8dAsJs9s,0.425,419341
8cAsJs9s,0.425,419341
4h3hAs9s,0.575,422477
5h3hAs9s,1,422756
6h3hAs9s,1,422201
7h3hAs9s,1,423433
8h3hAs9s,1,421507
9h3hAs9s,1,421982
Jh3hAs9s,0.1342,422452
2d3hAs9s,0.94,421334
3d3hAs9s,1,422979
4d3hAs9s,1,422604
5d3hAs9s,1,422639
6d3hAs9s,1,422165
8d3hAs9s,1,421975
9d3hAs9s,1,422278
Td3hAs9s,1,422154
Jd3hAs9s,1,423294
2c3hAs9s,0.94,421334
3c3hAs9s,1,422979
4c3hAs9s,1,422604
5c3hAs9s,1,422639
7c3hAs9s,1,422990
8c3hAs9s,1,421975
9c3hAs9s,1,422278
Tc3hAs9s,1,422154
Jc3hAs9s,1,423294
5h4hAs9s,1,422765
6h4hAs9s,1,422443
7h4hAs9s,1,422946
8h4hAs9s,1,422013
9h4hAs9s,1,422173
2d4hAs9s,0.13,421138
3d4hAs9s,1,423112
4d4hAs9s,1,423183
5d4hAs9s,1,422608
6d4hAs9s,1,422381
8d4hAs9s,1,422098
9d4hAs9s,1,422188
Td4hAs9s,1,422136
Jd4hAs9s,1,423040
2c4hAs9s,0.13,421138
3c4hAs9s,1,423112
4c4hAs9s,1,423183
5c4hAs9s,1,422608
7c4hAs9s,1,423611
8c4hAs9s,1,422098
9c4hAs9s,1,422188
Tc4hAs9s,1,422136
Jc4hAs9s,1,423040
6h5hAs9s,0.68,422715
3d5hAs9s,1,423070
4d5hAs9s,1,422793
5d5hAs9s,1,422807
6d5hAs9s,1,422320
8d5hAs9s,1,422044
9d5hAs9s,1,421924
Td5hAs9s,1,422048
Jd5hAs9s,1,422804
Qd5hAs9s,0.005,421794
3c5hAs9s,1,423070
4c5hAs9s,1,422793
5c5hAs9s,1,422807
7c5hAs9s,1,422970
8c5hAs9s,1,422044
9c5hAs9s,1,421924
Tc5hAs9s,1,422048
Jc5hAs9s,1,422804
Qc5hAs9s,0.005,421794
2d6hAs9s,1,421194
3d6hAs9s,1,422692
4d6hAs9s,1,422216
5d6hAs9s,1,421929
6d6hAs9s,1,422199
8d6hAs9s,1,421562
9d6hAs9s,1,421699
Td6hAs9s,1,421801
Jd6hAs9s,1,422487
2c6hAs9s,1,421194
3c6hAs9s,1,422692
4c6hAs9s,1,422216
5c6hAs9s,1,421929
7c6hAs9s,1,422406
8c6hAs9s,1,421562
9c6hAs9s,1,421699
Tc6hAs9s,1,421801
Jc6hAs9s,1,422487
2d7hAs9s,1,421789
3d7hAs9s,1,423682
4d7hAs9s,1,423514
5d7hAs9s,1,423302
6d7hAs9s,1,422825
8d7hAs9s,1,422259
9d7hAs9s,1,422629
Td7hAs9s,1,422460
Jd7hAs9s,1,423964
Qd7hAs9s,1,422236
2c7hAs9s,1,421789
3c7hAs9s,1,423682
4c7hAs9s,1,423514
5c7hAs9s,1,423302
7c7hAs9s,1,423629
8c7hAs9s,1,422259
9c7hAs9s,1,422629
Tc7hAs9s,1,422460
Jc7hAs9s,1,423964
Qc7hAs9s,1,422236
2d8hAs9s,1,420867
3d8hAs9s,1,422359
4d8hAs9s,1,422267
5d8hAs9s,1,421873
6d8hAs9s,1,421861
8d8hAs9s,1,421496
9d8hAs9s,1,420920
2c8hAs9s,1,420867
3c8hAs9s,1,422359
4c8hAs9s,1,422267
5c8hAs9s,1,421873
7c8hAs9s,1,422599
8c8hAs9s,1,421496
9c8hAs9s,1,420920
2d9hAs9s,1,421181
3d9hAs9s,1,422788
4d9hAs9s,1,422721
5d9hAs9s,1,422295
6d9hAs9s,1,422321
8d9hAs9s,1,421236
Td9hAs9s,0.185,421133
Jd9hAs9s,1,422177
2c9hAs9s,1,421181
3c9hAs9s,1,422788
4c9hAs9s,1,422721
5c9hAs9s,1,422295
7c9hAs9s,1,422547
8c9hAs9s,1,421236
Tc9hAs9s,0.185,421133
Jc9hAs9s,1,422177
3dThAs9s,1,422777
4dThAs9s,1,423002
5dThAs9s,1,422605
6dThAs9s,1,422119
9dThAs9s,0.27,422009
TdThAs9s,0.37,421897
3cThAs9s,1,422777
4cThAs9s,1,423002
5cThAs9s,1,422605
7cThAs9s,1,422967
9cThAs9s,0.27,422009
TcThAs9s,0.37,421897
3dJhAs9s,1,423558
4dJhAs9s,1,423618
5dJhAs9s,1,423054
6dJhAs9s,1,422852
9dJhAs9s,1,422586
JdJhAs9s,0.47,423453
3cJhAs9s,1,423558
4cJhAs9s,1,423618
5cJhAs9s,1,423054
7cJhAs9s,1,424166
9cJhAs9s,1,422586
JcJhAs9s,0.47,423453
3d2dAs9s,1,421884
4d2dAs9s,0.6,422085
6d2dAs9s,1,421379
8d2dAs9s,1,420828
9d2dAs9s,1,420986
Jd2dAs9s,0.14,421604
3c2dAs9s,1,421884
4c2dAs9s,0.6,422085
7c2dAs9s,1,422046
8c2dAs9s,1,420828
9c2dAs9s,1,420986
Jc2dAs9s,0.14,421604
4d3dAs9s,1,423558
5d3dAs9s,1,423061
6d3dAs9s,1,422957
8d3dAs9s,1,422549
9d3dAs9s,1,422609
Jd3dAs9s,0.61,423698
Qd3dAs9s,1,422312
2c3dAs9s,1,421884
3c3dAs9s,1,423726
4c3dAs9s,1,423558
5c3dAs9s,1,423061
7c3dAs9s,1,423879
8c3dAs9s,1,422549
9c3dAs9s,1,422609
Tc3dAs9s,1,422667
Jc3dAs9s,1,423698
Qc3dAs9s,1,422312
5d4dAs9s,1,422990
6d4dAs9s,1,422967
8d4dAs9s,1,422714
9d4dAs9s,1,422942
Qd4dAs9s,0.0018,421715
2c4dAs9s,0.6,422085
3c4dAs9s,1,423558
4c4dAs9s,1,423545
5c4dAs9s,1,422990
7c4dAs9s,1,423598
8c4dAs9s,1,422714
9c4dAs9s,1,422942
Tc4dAs9s,1,422817
Jc4dAs9s,1,423426
Qc4dAs9s,0.175,421715
6d5dAs9s,0.68,422443
3c5dAs9s,1,423061
4c5dAs9s,1,422990
5c5dAs9s,1,422936
7c5dAs9s,1,423035
8c5dAs9s,1,422282
9c5dAs9s,1,422387
Tc5dAs9s,1,422383
Jc5dAs9s,1,423065
Jd6dAs9s,0.01,422618
2c6dAs9s,1,421379
3c6dAs9s,1,422957
4c6dAs9s,1,422967
5c6dAs9s,1,422443
7c6dAs9s,1,422948
8c6dAs9s,1,421967
9c6dAs9s,1,421982
Tc6dAs9s,1,422199
Jc6dAs9s,1,422618
2c8dAs9s,1,420828
3c8dAs9s,1,422549
4c8dAs9s,1,422714
5c8dAs9s,1,422282
7c8dAs9s,1,422488
8c8dAs9s,1,421650
9c8dAs9s,1,421352
2c9dAs9s,1,420986
3c9dAs9s,1,422609
4c9dAs9s,1,422942
5c9dAs9s,1,422387
7c9dAs9s,1,422964
8c9dAs9s,1,421352
Tc9dAs9s,0.27,421232
Jc9dAs9s,1,422498
3cTdAs9s,1,422667
4cTdAs9s,1,422817
5cTdAs9s,1,422383
7cTdAs9s,1,422861
9cTdAs9s,0.27,421232
TcTdAs9s,0.37,421758
2cJdAs9s,0.14,421604
3cJdAs9s,1,423698
4cJdAs9s,1,423426
5cJdAs9s,1,423065
7cJdAs9s,1,423942
9cJdAs9s,1,422498
JcJdAs9s,0.47,424260
3cQdAs9s,1,422312
4cQdAs9s,0.175,421715
3c2cAs9s,1,421884
4c2cAs9s,0.6,422085
7c2cAs9s,1,422046
8c2cAs9s,1,420828
9c2cAs9s,1,420986
Jc2cAs9s,0.14,421604
4c3cAs9s,1,423558
5c3cAs9s,1,423061
7c3cAs9s,1,423879
8c3cAs9s,1,422549
9c3cAs9s,1,422609
Jc3cAs9s,0.61,423698
Qc3cAs9s,1,422312
5c4cAs9s,1,422990
7c4cAs9s,1,423598
8c4cAs9s,1,422714
9c4cAs9s,1,422942
Qc4cAs9s,0.0018,421715
8d3hAsTs,1,414712
Td3hAsTs,0.325,416103
8c3hAsTs,1,414712
Tc3hAsTs,0.325,416103
8d4hAsTs,1,414637
Td4hAsTs,0.02,416504
8c4hAsTs,1,414637
Tc4hAsTs,0.02,416504
6d5hAsTs,0.99,415145
8d5hAsTs,1,414908
Td5hAsTs,1,416519
8c5hAsTs,1,414908
Tc5hAsTs,1,416519
8d6hAsTs,1,414481
8c6hAsTs,1,414481
5d7hAsTs,0.565,415920
5c7hAsTs,0.565,415920
3d8hAsTs,1,414865
4d8hAsTs,0.89,415402
5d8hAsTs,1,414988
6d8hAsTs,1,414819
8d8hAsTs,1,414403
3c8hAsTs,1,414865
4c8hAsTs,0.89,415402
5c8hAsTs,1,414988
7c8hAsTs,0.0031,413519
8c8hAsTs,1,414403
3dThAsTs,1,416619
4dThAsTs,0.09,416676
5dThAsTs,1,416456
6dThAsTs,0.38,415990
3cThAsTs,1,416619
4cThAsTs,0.09,416676
5cThAsTs,1,416456
8d3dAsTs,0.66,415037
8c3dAsTs,1,415037
8c4dAsTs,1,414925
8c5dAsTs,1,414941
Tc5dAsTs,1,416204
8c6dAsTs,1,414667
3c8dAsTs,1,415037
4c8dAsTs,1,414925
5c8dAsTs,1,414941
8c8dAsTs,1,414236
5cTdAsTs,1,416204
8c3cAsTs,0.66,415037
Jd7h3hAs,0.0014,8705
Jc7h3hAs,0.0014,8705
JhTh3hAs,0.98,-40568
JdTh3hAs,1,-36400
JcTh3hAs,1,-36400
TdJh3hAs,1,-37632
TcJh3hAs,1,-37632
JdTd3hAs,1,-37043
JcTd3hAs,1,-37043
TcJd3hAs,1,-37043
JcTc3hAs,1,-37043
Td5h4hAs,1,-35321
Tc5h4hAs,1,-35321
Jd8h4hAs,1,-32225
Jc8h4hAs,1,-32225
JhTh4hAs,0.39,-41794
3dTh4hAs,0.145,-33289
5dTh4hAs,0.085,-32469
8dTh4hAs,1,-26697
TdTh4hAs,0.405,-22971
JdTh4hAs,1,-38698
3cTh4hAs,0.145,-33289
5cTh4hAs,0.085,-32469
7cTh4hAs,1,-36144
8cTh4hAs,1,-26697
TcTh4hAs,0.405,-22971
JcTh4hAs,1,-38698
5dJh4hAs,0.57,-40292
8dJh4hAs,0.19,-28313
TdJh4hAs,1,-37217
5cJh4hAs,0.57,-40292
8cJh4hAs,0.19,-28313
TcJh4hAs,1,-37217
JdTd4hAs,1,-39547
JcTd4hAs,1,-39547
TcJd4hAs,1,-39547
JcTc4hAs,1,-39547
Jd6h5hAs,0.72,-31862
Jc6h5hAs,0.72,-31862
Td7h5hAs,0.82,-37802
Tc7h5hAs,0.82,-37802
Th8h5hAs,0.1827,-28206
Td8h5hAs,1,-30648
Jd8h5hAs,1,-34334
Tc8h5hAs,1,-30648
Jc8h5hAs,1,-34334
JhTh5hAs,1,-40449
3dTh5hAs,0.61,-34561
5dTh5hAs,1,-37519
8dTh5hAs,1,-31931
TdTh5hAs,1,-21403
JdTh5hAs,1,-40212
3cTh5hAs,0.61,-34561
5cTh5hAs,1,-37519
8cTh5hAs,1,-31931
TcTh5hAs,1,-21403
JcTh5hAs,1,-40212
4dJh5hAs,0.2266,-41594
5dJh5hAs,0.55,-41579
6dJh5hAs,0.4,-37773
8dJh5hAs,1,-34010
TdJh5hAs,1,-38749
4cJh5hAs,0.2266,-41594
5cJh5hAs,0.55,-41579
8cJh5hAs,1,-34010
TcJh5hAs,1,-38749
JdTd5hAs,1,-40728
JcTd5hAs,1,-40728
TcJd5hAs,1,-40728
JcTc5hAs,1,-40728
Kh9h6hAs,0.565,-10452
Jd9h6hAs,0.175,-29497
Kd9h6hAs,0.995,-11237
Jc9h6hAs,0.175,-29497
Kc9h6hAs,0.995,-11237
JdTh6hAs,1,-33120
JcTh6hAs,1,-33120
TdJh6hAs,1,-32473
7cJh6hAs,1,-35547
TcJh6hAs,1,-32473
5dKh6hAs,1,-6832
5cKh6hAs,1,-6832
7cKh6hAs,0.0364,-17284
Td6d6hAs,0.0527,-16703
JdTd6hAs,1,-32112
JcTd6hAs,1,-32112
TcJd6hAs,1,-32112
7cKd6hAs,0.885,-13159
Kc7c6hAs,0.2036,-13159
JcTc6hAs,1,-32112
Jd8h7hAs,0.245,-30807
Jc8h7hAs,0.245,-30807
JhTh7hAs,0.59,-41028
5dTh7hAs,1,-36807
TdTh7hAs,0.515,-24409
JdTh7hAs,0.235,-42644
5cTh7hAs,1,-36807
7cTh7hAs,1,-36582
TcTh7hAs,0.515,-24409
JcTh7hAs,0.235,-42644
6dJh7hAs,1,-36697
8dJh7hAs,1,-36790
TdJh7hAs,1,-41379
7cJh7hAs,1,-39519
8cJh7hAs,1,-36790
TcJh7hAs,1,-41379
6dKh7hAs,0.0552,-16009
7cKh7hAs,0.78,-25518
JdTd7hAs,0.99,-40727
7cTd7hAs,1,-36931
JcTd7hAs,1,-40727
7cJd7hAs,0.048,-42087
TcJd7hAs,1,-40727
7cKd7hAs,1,-23813
Tc7c7hAs,1,-36931
Jc7c7hAs,0.12,-42087
Kc7c7hAs,0.78,-23813
JcTc7hAs,0.99,-40727
Kh9h8hAs,0.99,-8723
Jd9h8hAs,0.312,-24078
Kd9h8hAs,0.8138,-10204
Jc9h8hAs,0.312,-24078
Kc9h8hAs,0.8138,-10204
JhTh8hAs,1,-29322
5dTh8hAs,0.19,-27771
TdTh8hAs,0.2487,-10871
5cTh8hAs,0.19,-27771
7cTh8hAs,0.0312,-34598
TcTh8hAs,0.2487,-10871
4dJh8hAs,0.2745,-37699
5dJh8hAs,1,-35245
4cJh8hAs,0.2745,-37699
5cJh8hAs,1,-35245
7cJh8hAs,1,-36589
8dQh8hAs,0.03,-7183
8cQh8hAs,0.03,-7183
4dKh8hAs,1,-13231
4cKh8hAs,1,-13231
Td8d8hAs,1,-11982
Tc8d8hAs,1,-11982
Kc8d8hAs,0.3,-7030
8cTd8hAs,1,-11982
JcTd8hAs,1,-28596
TcJd8hAs,1,-28596
7cKd8hAs,1,-14777
8cKd8hAs,0.3,-7030
Tc8c8hAs,1,-11982
JhTh9hAs,0.97,-35265
9dTh9hAs,0.78,-24865
TdTh9hAs,0.0028,-28239
9cTh9hAs,0.78,-24865
TcTh9hAs,0.0028,-28239
8dJh9hAs,0.6,-27593
9dJh9hAs,1,-28430
7cJh9hAs,0.1038,-39539
8cJh9hAs,0.6,-27593
9cJh9hAs,1,-28430
6dKh9hAs,1,-14634
Kd2d9hAs,0.205,-4634
Jd9d9hAs,0.025,-30406
Jc9d9hAs,0.025,-30406
JcTd9hAs,1,-31253
9cJd9hAs,0.025,-30406
TcJd9hAs,1,-31253
Kc2c9hAs,0.205,-4634
Jc9c9hAs,0.025,-30406
3dJhThAs,0.505,-41689
3cJhThAs,0.505,-41689
7cJhThAs,0.0891,-42483
Jd2dThAs,1,-28933
Jc2dThAs,1,-28933
Jd3dThAs,0.15,-42281
Jc3dThAs,0.15,-42281
Jd5dThAs,1,-40089
Jc5dThAs,1,-40089
Jd6dThAs,1,-36418
Jc6dThAs,1,-36418
8c8dThAs,0.43,-15382
Jc8dThAs,1,-32028
Jc9dThAs,1,-33994
2cJdThAs,1,-28933
3cJdThAs,0.15,-42281
5cJdThAs,1,-40089
7cJdThAs,1,-40125
8cJdThAs,1,-32028
9cJdThAs,1,-33994
Jc2cThAs,1,-28933
Jc3cThAs,0.15,-42281
Jc5cThAs,1,-40089
Jc7cThAs,1,-40125
Td2dJhAs,1,-28721
Tc2dJhAs,1,-28721
Td3dJhAs,1,-41345
Tc3dJhAs,1,-41345
Td5dJhAs,1,-39617
Tc5dJhAs,1,-39617
Td6dJhAs,1,-33343
Tc6dJhAs,1,-33343
Tc8dJhAs,1,-30079
9c9dJhAs,0.21,-32850
Tc9dJhAs,1,-33206
2cTdJhAs,1,-28721
3cTdJhAs,1,-41345
5cTdJhAs,1,-39617
8cTdJhAs,1,-30079
9cTdJhAs,1,-33206
Tc2cJhAs,1,-28721
Tc3cJhAs,1,-41345
Tc5cJhAs,1,-39617
3dKhQhAs,0.0129,1540
3cKhQhAs,0.0129,1540
7cKdQhAs,1,-10013
8d4dKhAs,0.04,-12956
8c4dKhAs,0.0396,-12956
9d6dKhAs,0.45,-15887
7c6dKhAs,1,-14529
9c6dKhAs,0.45,-15887
9d8dKhAs,0.93,-11730
4c8dKhAs,0.0396,-12956
7c8dKhAs,1,-15936
8c8dKhAs,1,-8507
9c8dKhAs,1,-11730
8c9dKhAs,1,-11730
8c4cKhAs,0.04,-12956
8c7cKhAs,0.66,-15936
9c8cKhAs,0.93,-11730
2c5d2dAs,0.0305,4790
2c9d2dAs,0.65,-4671
JdTd2dAs,1,-26898
JcTd2dAs,1,-26898
TcJd2dAs,1,-26898
5c2c2dAs,0.0305,4790
9c2c2dAs,0.65,-4671
JcTc2dAs,1,-26898
JdTd3dAs,0.08,-41857
JcTd3dAs,0.08,-41857
TcJd3dAs,0.08,-41857
JcTc3dAs,0.08,-41857
JdTd4dAs,0.825,-41414
JcTd4dAs,0.825,-41414
TcJd4dAs,0.825,-41414
JcTc4dAs,0.825,-41414
JdTd5dAs,1,-39713
JcTd5dAs,1,-39713
5cJd5dAs,0.42,-39501
TcJd5dAs,1,-39713
Jc5c5dAs,0.42,-39501
JcTc5dAs,1,-39713
JdTd6dAs,1,-34708
JcTd6dAs,1,-34708
TcJd6dAs,1,-34708
JcTc6dAs,1,-34708
JdTd8dAs,1,-28829
8cTd8dAs,1,-13910
Tc8c8dAs,1,-13910
JdTd9dAs,0.97,-31286
9cJd9dAs,1,-28811
Jc9c9dAs,1,-28811
2cJdTdAs,1,-26898
3cJdTdAs,0.08,-41857
4cJdTdAs,0.825,-41414
5cJdTdAs,1,-39713
7cJdTdAs,0.99,-40802
Jc2cTdAs,1,-26898
Jc3cTdAs,0.08,-41857
Jc4cTdAs,0.825,-41414
Jc5cTdAs,1,-39713
Jc7cTdAs,1,-40802
Tc2cJdAs,1,-26898
Tc3cJdAs,0.08,-41857
Tc4cJdAs,0.825,-41414
Tc5cJdAs,1,-39713
Tc7cJdAs,1,-40802
9c7cKdAs,1,-23174
JcTc2cAs,1,-26898
JcTc3cAs,0.08,-41857
JcTc4cAs,0.825,-41414
JcTc5cAs,1,-39713
Kc9c7cAs,1,-23174
JcTc7cAs,1,-40802
JcTc8cAs,1,-28829
JcTc9cAs,0.97,-31286