AhAs3s2s,1,239719
AdAs3s2s,0.985,238877
AcAs3s2s,0.985,238877
AhAs5s2s,0.75,236178
AdAs5s2s,1,235863
AcAs5s2s,1,235863
JhJs9s2s,0.97,187591
JdJs9s2s,0.97,187951
JcJs9s2s,0.97,187951
TdAs9s2s,0.023,237557
TcAs9s2s,0.023,237557
Ah3hTs2s,1,143001
Ah4hTs2s,0.565,142827
Ah5hTs2s,1,141505
Ah7hTs2s,1,143012
9h8hTs2s,1,138652
Th8hTs2s,1,134407
Qh8hTs2s,0.985,135790
Ah8hTs2s,1,138473
Th9hTs2s,0.405,137329
Ah9hTs2s,1,142107
Ad4dTs2s,0.91,143406
Ad5dTs2s,1,142871
Td6dTs2s,0.0059,135882
9d8dTs2s,1,140113
Td8dTs2s,1,136106
Qd8dTs2s,0.64,136990
Ad8dTs2s,1,140961
Ad9dTs2s,1,142996
Ac4cTs2s,0.91,143406
Ac5cTs2s,1,142871
Ac7cTs2s,1,144290
9c8cTs2s,1,140113
Tc8cTs2s,1,136106
Qc8cTs2s,0.64,136990
Ac8cTs2s,1,140961
Ac9cTs2s,1,142996
Jh3hJs2s,1,193403
Ah3hJs2s,1,192470
Jh4hJs2s,1,193456
Qh4hJs2s,0.95,188854
Ah4hJs2s,0.995,191948
Jh5hJs2s,1,193270
Qh5hJs2s,0.93,189017
Ah5hJs2s,0.42,191899
Jh7hJs2s,1,192922
Ah7hJs2s,1,191644
9h8hJs2s,0.87,189761
Jh8hJs2s,1,191510
Qh8hJs2s,0.8673,187632
Ah8hJs2s,1,190404
Ah9hJs2s,1,192087
Jd3dJs2s,1,194213
Ad3dJs2s,0.62,193879
Jd4dJs2s,1,193260
Qd4dJs2s,0.95,189396
Ad4dJs2s,0.03,190807
Jd5dJs2s,1,193328
Qd5dJs2s,0.93,189100
Ad5dJs2s,1,192245
9d8dJs2s,0.87,190948
Jd8dJs2s,1,192174
Qd8dJs2s,0.98,188031
Ad8dJs2s,1,191351
Ad9dJs2s,1,192159
Jc3cJs2s,1,194213
Ac3cJs2s,0.62,193879
Jc4cJs2s,1,193260
Qc4cJs2s,0.95,189396
Ac4cJs2s,0.03,190807
Jc5cJs2s,1,193328
Qc5cJs2s,0.93,189100
Ac5cJs2s,1,192245
Jc7cJs2s,1,193442
Ac7cJs2s,1,192255
9c8cJs2s,0.87,190948
Jc8cJs2s,1,192174
Qc8cJs2s,0.98,188031
Ac8cJs2s,1,191351
Ac9cJs2s,1,192159
4h3hAs2s,0.97,246537
5h3hAs2s,1,246128
7h4hAs2s,0.54,246626
8h4hAs2s,1,245742
7h5hAs2s,1,246296
8h5hAs2s,1,245579
9h5hAs2s,1,246786
8h7hAs2s,1,245264
9h7hAs2s,1,246888
9h8hAs2s,1,245683
Th8hAs2s,0.605,249138
Td8hAs2s,0.885,248881
Tc8hAs2s,0.885,248881
Th9hAs2s,0.91,249849
Jh9hAs2s,0.56,249856
9d9hAs2s,1,246747
Td9hAs2s,0.215,249513
9c9hAs2s,1,246747
Tc9hAs2s,0.215,249513
AdAhAs2s,0.505,252314
AcAhAs2s,0.505,252314
4d3dAs2s,0.97,245954
5d3dAs2s,0.29,246013
5d4dAs2s,0.515,245902
8d4dAs2s,1,245544
8d5dAs2s,1,245143
9d5dAs2s,1,246207
9d8dAs2s,1,245478
9c9dAs2s,1,246774
AcAdAs2s,1,251443
4c3cAs2s,0.97,245954
5c3cAs2s,0.29,246013
5c4cAs2s,0.515,245902
7c4cAs2s,0.54,246417
8c4cAs2s,1,245544
7c5cAs2s,1,246224
8c5cAs2s,1,245143
9c5cAs2s,1,246207
8c7cAs2s,1,245684
9c7cAs2s,1,246224
9c8cAs2s,1,245478
KhAs4s3s,0.48,226830
AhAs4s3s,1,225521
KdAs4s3s,1,227414
AdAs4s3s,1,225014
KcAs4s3s,1,227414
AcAs4s3s,1,225014
AhAs5s3s,0.365,225252
QdAs5s3s,1,221892
KdAs5s3s,1,226537
AdAs5s3s,0.425,224810
QcAs5s3s,1,221892
KcAs5s3s,1,226537
AcAs5s3s,0.425,224810
KhAs7s3s,0.145,226691
AhAs7s3s,1,225773
AdAs7s3s,1,225179
AcAs7s3s,1,225179
TdTs9s3s,0.05,140372
TcTs9s3s,0.05,140372
JdJs9s3s,1,184540
JcJs9s3s,1,184540
ThAs9s3s,1,226023
KhAs9s3s,0.96,227576
AhAs9s3s,1,225988
TdAs9s3s,1,225870
AdAs9s3s,1,225750
TcAs9s3s,1,225870
AcAs9s3s,1,225750
ThJsTs3s,0.05,171993
9hAsTs3s,1,222840
9dAsTs3s,1,222553
9cAsTs3s,1,222553
9h3hTs3s,0.0058,144174
Th3hTs3s,1,137555
Qh3hTs3s,1,139295
Kh3hTs3s,1,132986
Ah3hTs3s,1,142413
Td3hTs3s,1,138075
Tc3hTs3s,1,138075
Th4hTs3s,0.58,136157
Qh4hTs3s,0.99,138172
Kh4hTs3s,1,132322
Ah4hTs3s,1,141210
Th5hTs3s,0.875,136419
Qh5hTs3s,1,137687
Kh5hTs3s,0.96,132080
Ah5hTs3s,1,140955
9h6hTs3s,0.505,140370
9h7hTs3s,1,142630
Th7hTs3s,1,137187
Jh7hTs3s,1,141101
Kh7hTs3s,1,132839
Ah7hTs3s,1,141830
9h8hTs3s,1,137842
Th8hTs3s,0.34,132947
Jh8hTs3s,1,136733
Qh8hTs3s,1,135038
Ah8hTs3s,1,137760
Th9hTs3s,1,136991
Ah9hTs3s,1,142098
Td9hTs3s,1,137034
Tc9hTs3s,1,137034
QhThTs3s,1,133619
AhThTs3s,1,136643
3dThTs3s,1,138824
9dThTs3s,1,137540
QdThTs3s,0.445,133854
AdThTs3s,1,136616
3cThTs3s,1,138824
9cThTs3s,1,137540
QcThTs3s,0.445,133854
AcThTs3s,1,136616
TdAhTs3s,1,137013
TcAhTs3s,1,137013
Ad2dTs3s,1,138447
Td3dTs3s,1,139155
Ad3dTs3s,1,143464
Tc3dTs3s,1,139155
Kd4dTs3s,1,132703
Ad4dTs3s,1,142477
Kd5dTs3s,1,132372
Ad5dTs3s,1,141869
9d6dTs3s,0.605,141785
9d8dTs3s,0.675,140768
Jd8dTs3s,1,138627
Ad8dTs3s,0.005,137909
Td9dTs3s,1,137664
Ad9dTs3s,0.545,142948
Tc9dTs3s,1,137664
QdTdTs3s,0.26,133978
AdTdTs3s,1,137222
3cTdTs3s,1,139155
9cTdTs3s,1,137664
QcTdTs3s,0.26,133978
AcTdTs3s,1,137222
TcQdTs3s,0.26,133978
TcAdTs3s,1,137222
Ac2cTs3s,1,138447
Tc3cTs3s,1,139155
Ac3cTs3s,1,143464
Kc4cTs3s,1,132703
Ac4cTs3s,1,142477
Kc5cTs3s,1,132372
Ac5cTs3s,1,141869
9c7cTs3s,1,143608
Jc7cTs3s,1,142718
Kc7cTs3s,0.93,133232
Ac7cTs3s,0.0093,142473
9c8cTs3s,0.675,140768
Jc8cTs3s,1,138627
Ac8cTs3s,0.005,137909
Tc9cTs3s,1,137664
Ac9cTs3s,0.545,142948
QcTcTs3s,0.26,133978
AcTcTs3s,1,137222
Jh3hJs3s,1,187628
Qh3hJs3s,1,185048
Kh3hJs3s,1,185186
Ah3hJs3s,1,188487
Jd3hJs3s,1,187951
Jc3hJs3s,1,187951
Jh4hJs3s,0.3,187116
Qh4hJs3s,1,184746
Kh4hJs3s,1,184073
Ah4hJs3s,1,187248
7h5hJs3s,0.0061,187627
9h5hJs3s,0.7,187136
Jh5hJs3s,0.495,187646
Qh5hJs3s,1,184458
Kh5hJs3s,1,184016
Ah5hJs3s,1,186941
9h7hJs3s,0.99,187742
Th7hJs3s,1,187192
Jh7hJs3s,0.11,187726
Kh7hJs3s,1,184119
Ah7hJs3s,1,187553
9h8hJs3s,1,185253
Th8hJs3s,1,184555
Qh8hJs3s,1,182884
Kh8hJs3s,0.637,182458
Ah8hJs3s,1,185581
Jh9hJs3s,1,187513
Ah9hJs3s,1,188084
Jd9hJs3s,1,187556
Jc9hJs3s,1,187556
QhJhJs3s,1,184829
KhJhJs3s,1,185102
AhJhJs3s,1,187534
3dJhJs3s,1,188847
9dJhJs3s,1,187318
QdJhJs3s,1,184637
AdJhJs3s,1,187865
3cJhJs3s,1,188847
9cJhJs3s,1,187318
QcJhJs3s,1,184637
AcJhJs3s,1,187865
JdAhJs3s,1,187904
JcAhJs3s,1,187904
Jd2dJs3s,0.64,185921
Ad2dJs3s,1,186195
Jd3dJs3s,1,189227
Qd3dJs3s,1,186390
Kd3dJs3s,0.36,185741
Ad3dJs3s,1,189433
Jc3dJs3s,1,189227
Qd4dJs3s,1,184750
Kd4dJs3s,1,184382
Ad4dJs3s,1,187950
9d5dJs3s,0.7,187771
Td5dJs3s,0.24,186238
Qd5dJs3s,1,184591
Kd5dJs3s,1,183913
Ad5dJs3s,1,188201
9d8dJs3s,1,186161
Td8dJs3s,0.71,185250
Kd8dJs3s,0.65,182692
Ad8dJs3s,0.12,186461
Jd9dJs3s,1,187416
Jc9dJs3s,1,187416
QdJdJs3s,0.55,184833
KdJdJs3s,1,184353
AdJdJs3s,1,188079
3cJdJs3s,1,189227
9cJdJs3s,1,187416
QcJdJs3s,0.55,184833
KcJdJs3s,1,184353
AcJdJs3s,1,188079
JcQdJs3s,0.55,184833
JcKdJs3s,1,184353
JcAdJs3s,1,188079
Jc2cJs3s,0.64,185921
Ac2cJs3s,1,186195
Jc3cJs3s,1,189227
Qc3cJs3s,1,186390
Kc3cJs3s,0.36,185741
Ac3cJs3s,1,189433
Qc4cJs3s,1,184750
Kc4cJs3s,1,184382
Ac4cJs3s,1,187950
7c5cJs3s,0.007,187401
9c5cJs3s,0.7,187771
Tc5cJs3s,0.24,186238
Qc5cJs3s,1,184591
Kc5cJs3s,1,183913
Ac5cJs3s,1,188201
9c7cJs3s,0.99,188272
Tc7cJs3s,1,187579
Kc7cJs3s,1,184468
Ac7cJs3s,0.195,187859
9c8cJs3s,1,186161
Tc8cJs3s,0.71,185250
Kc8cJs3s,0.65,182692
Ac8cJs3s,0.12,186461
Jc9cJs3s,1,187416
QcJcJs3s,0.55,184833
KcJcJs3s,1,184353
AcJcJs3s,1,188079
4h3hAs3s,1,236279
5h3hAs3s,1,236015
7h3hAs3s,1,236128
8h3hAs3s,0.34,235045
9h3hAs3s,1,236597
Th3hAs3s,1,239129
Jh3hAs3s,1,238698
Qh3hAs3s,1,235505
Kh3hAs3s,0.94,240863
4d3hAs3s,1,235973
5d3hAs3s,1,235778
6d3hAs3s,0.0234,236533
Td3hAs3s,1,238923
Jd3hAs3s,1,238757
Qd3hAs3s,0.87,235139
4c3hAs3s,1,235973
5c3hAs3s,1,235778
7c3hAs3s,0.0026,231847
Tc3hAs3s,1,238923
Jc3hAs3s,1,238757
Qc3hAs3s,0.87,235139
5h4hAs3s,1,235764
6h4hAs3s,1,236435
7h4hAs3s,1,236002
8h4hAs3s,1,234595
9h4hAs3s,0.415,236114
Th4hAs3s,1,238538
Jh4hAs3s,1,238554
Qh4hAs3s,1,235030
3d4hAs3s,1,236220
4d4hAs3s,0.98,235881
5d4hAs3s,1,235850
Td4hAs3s,0.98,238590
Jd4hAs3s,1,238403
Qd4hAs3s,1,235067
3c4hAs3s,1,236220
4c4hAs3s,0.98,235881
5c4hAs3s,1,235850
7c4hAs3s,0.355,235241
Tc4hAs3s,0.98,238590
Jc4hAs3s,1,238403
Qc4hAs3s,1,235067
6h5hAs3s,1,236347
7h5hAs3s,1,235645
8h5hAs3s,1,234713
9h5hAs3s,0.575,236261
Th5hAs3s,1,238985
Jh5hAs3s,1,238646
Qh5hAs3s,1,235007
3d5hAs3s,1,236039
4d5hAs3s,1,235563
5d5hAs3s,1,235774
6d5hAs3s,0.93,236042
Td5hAs3s,1,238604
Jd5hAs3s,1,238568
Qd5hAs3s,1,234934
3c5hAs3s,1,236039
4c5hAs3s,1,235563
5c5hAs3s,1,235774
7c5hAs3s,0.56,235720
Tc5hAs3s,1,238604
Jc5hAs3s,1,238568
Qc5hAs3s,1,234934
8h7hAs3s,0.83,234696
9h7hAs3s,1,236311
Th7hAs3s,1,238767
Jh7hAs3s,1,238712
Qh7hAs3s,1,234794
4d7hAs3s,0.48,235716
5d7hAs3s,0.015,235675
6d7hAs3s,0.0224,236312
9d7hAs3s,0.05,236404
Td7hAs3s,1,238875
Jd7hAs3s,0.93,238453
Qd7hAs3s,1,234918
4c7hAs3s,0.48,235716
5c7hAs3s,0.015,235675
9c7hAs3s,0.05,236404
Tc7hAs3s,1,238875
Jc7hAs3s,0.93,238453
Qc7hAs3s,1,234918
9h8hAs3s,1,235091
Th8hAs3s,1,238013
Jh8hAs3s,1,237548
Qh8hAs3s,1,233931
8d8hAs3s,0.0022,233074
9d8hAs3s,0.3191,234662
Td8hAs3s,1,237639
Jd8hAs3s,0.275,237329
Qd8hAs3s,1,233644
8c8hAs3s,0.0022,233074
9c8hAs3s,0.3191,234662
Tc8hAs3s,1,237639
Jc8hAs3s,0.275,237329
Qc8hAs3s,1,233644
Th9hAs3s,1,238914
Jh9hAs3s,1,238993
Qh9hAs3s,1,235434
Ah9hAs3s,0.06,238739
8d9hAs3s,0.382,235545
Td9hAs3s,1,239225
Jd9hAs3s,1,238929
Qd9hAs3s,1,235357
8c9hAs3s,0.382,235545
Tc9hAs3s,1,239225
Jc9hAs3s,1,238929
Qc9hAs3s,1,235357
3dThAs3s,1,238659
4dThAs3s,0.98,238475
5dThAs3s,1,238392
8dThAs3s,1,237641
9dThAs3s,1,238741
TdThAs3s,1,242388
3cThAs3s,1,238659
4cThAs3s,0.98,238475
5cThAs3s,1,238392
7cThAs3s,1,238615
8cThAs3s,1,237641
9cThAs3s,1,238741
TcThAs3s,1,242388
3dJhAs3s,1,238749
4dJhAs3s,1,238108
5dJhAs3s,1,238282
8dJhAs3s,0.89,237551
9dJhAs3s,1,238576
JdJhAs3s,1,242474
3cJhAs3s,1,238749
4cJhAs3s,1,238108
5cJhAs3s,1,238282
7cJhAs3s,0.93,238464
8cJhAs3s,0.89,237551
9cJhAs3s,1,238576
JcJhAs3s,1,242474
3dQhAs3s,1,235456
5dQhAs3s,0.57,235191
8dQhAs3s,0.55,233935
9dQhAs3s,0.15,235419
3cQhAs3s,1,235456
5cQhAs3s,0.57,235191
8cQhAs3s,0.55,233935
9cQhAs3s,0.15,235419
9dAhAs3s,0.325,238834
9cAhAs3s,0.325,238834
4d2dAs3s,1,236823
5d2dAs3s,1,236873
4d3dAs3s,1,235801
5d3dAs3s,1,235885
Td3dAs3s,1,239065
Jd3dAs3s,1,238862
Qd3dAs3s,1,234841
4c3dAs3s,1,235801
5c3dAs3s,1,235885
Tc3dAs3s,1,239065
Jc3dAs3s,1,238862
Qc3dAs3s,1,234841
5d4dAs3s,1,235648
6d4dAs3s,1,235949
9d4dAs3s,0.02,236020
Td4dAs3s,1,238578
Jd4dAs3s,1,238274
Qd4dAs3s,1,234772
3c4dAs3s,1,235801
4c4dAs3s,0.98,235149
5c4dAs3s,1,235648
7c4dAs3s,1,235729
Tc4dAs3s,0.98,238578
Jc4dAs3s,1,238274
Qc4dAs3s,1,234772
6d5dAs3s,1,235944
9d5dAs3s,1,235882
Td5dAs3s,1,238462
Jd5dAs3s,1,238407
Qd5dAs3s,1,234642
3c5dAs3s,1,235885
4c5dAs3s,1,235648
5c5dAs3s,1,235713
7c5dAs3s,0.42,235561
9c5dAs3s,0.38,235882
Tc5dAs3s,1,238462
Jc5dAs3s,1,238407
Qc5dAs3s,1,234642
4c6dAs3s,0.59,235949
5c6dAs3s,1,235944
9d8dAs3s,0.5278,234826
Td8dAs3s,1,237712
Jd8dAs3s,1,237649
Qd8dAs3s,1,233884
9c8dAs3s,0.2111,234826
Tc8dAs3s,1,237712
Jc8dAs3s,1,237649
Qc8dAs3s,1,233884
Td9dAs3s,1,238838
Jd9dAs3s,1,238651
Qd9dAs3s,1,235052
5c9dAs3s,0.38,235882
7c9dAs3s,0.22,235751
8c9dAs3s,0.2111,234826
9c9dAs3s,0.265,236526
Tc9dAs3s,1,238838
Jc9dAs3s,1,238651
Qc9dAs3s,1,235052
3cTdAs3s,1,239065
4cTdAs3s,0.98,238578
5cTdAs3s,1,238462
7cTdAs3s,1,238535
8cTdAs3s,1,237712
9cTdAs3s,1,238838
TcTdAs3s,1,242598
3cJdAs3s,1,238862
4cJdAs3s,1,238274
5cJdAs3s,1,238407
7cJdAs3s,0.93,238413
8cJdAs3s,1,237649
9cJdAs3s,1,238651
JcJdAs3s,1,242466
3cQdAs3s,1,234841
4cQdAs3s,1,234772
5cQdAs3s,1,234642
7cQdAs3s,1,234827
8cQdAs3s,1,233884
9cQdAs3s,1,235052
4c2cAs3s,1,236823
5c2cAs3s,1,236873
4c3cAs3s,1,235801
5c3cAs3s,1,235885
Tc3cAs3s,1,239065
Jc3cAs3s,1,238862
Qc3cAs3s,1,234841
5c4cAs3s,1,235648
7c4cAs3s,1,235729
9c4cAs3s,0.02,236020
Tc4cAs3s,1,238578
Jc4cAs3s,1,238274
Qc4cAs3s,1,234772
7c5cAs3s,0.42,235561
9c5cAs3s,1,235882
Tc5cAs3s,1,238462
Jc5cAs3s,1,238407
Qc5cAs3s,1,234642
9c7cAs3s,0.44,235751
Tc7cAs3s,1,238535
Jc7cAs3s,1,238413
Qc7cAs3s,1,234827
9c8cAs3s,0.5278,234826
Tc8cAs3s,1,237712
Jc8cAs3s,1,237649
Qc8cAs3s,1,233884
Tc9cAs3s,1,238838
Jc9cAs3s,1,238651
Qc9cAs3s,1,235052
4d4h3h3s,1,1434
4c4h3h3s,1,1434
4c4d3h3s,1,1979
4d3d4h3s,1,1746
4c3d4h3s,1,1746
3c4d4h3s,1,1746
4c3c4h3s,1,1746
5d3d5h3s,1,1429
5c3d5h3s,1,1429
3c5d5h3s,1,1429
5c3c5h3s,1,1429
9dAh8h3s,0.0035,2703
9cAh8h3s,0.0035,2703
4c4d3d3s,0.075,1423
5c5d3d3s,1,1716
4c3c4d3s,0.075,1423
5c3c5d3s,1,1716
JhJs5s4s,0.99,176510
JdJs5s4s,0.99,177001
JcJs5s4s,0.99,177001
4hAs5s4s,1,220514
5hAs5s4s,1,220331
6hAs5s4s,0.385,220687
7hAs5s4s,1,220297
8hAs5s4s,0.0553,218579
JhAs5s4s,1,222087
QhAs5s4s,0.34,219068
4dAs5s4s,1,220142
5dAs5s4s,1,220481
8dAs5s4s,0.1872,218858
JdAs5s4s,1,221980
QdAs5s4s,1,219156
4cAs5s4s,1,220142
5cAs5s4s,1,220481
7cAs5s4s,1,220348
8cAs5s4s,0.1872,218858
JcAs5s4s,1,221980
QcAs5s4s,1,219156
JhJs6s4s,0.01,186758
5hAs6s4s,0.545,231974
7cAs6s4s,0.0396,232368
JhJs7s4s,0.95,178650
JdJs7s4s,0.95,179015
JcJs7s4s,0.95,179015
5hAs7s4s,1,220625
ThAs7s4s,0.96,223071
JhAs7s4s,0.52,223069
QhAs7s4s,0.2862,219728
AhAs7s4s,1,222835
5dAs7s4s,1,220850
TdAs7s4s,0.96,222916
JdAs7s4s,0.52,222507
QdAs7s4s,1,219495
AdAs7s4s,1,222450
5cAs7s4s,1,220850
TcAs7s4s,0.96,222916
JcAs7s4s,0.52,222507
QcAs7s4s,1,219495
AcAs7s4s,1,222450
TdTs9s4s,0.015,142628
TcTs9s4s,0.015,142628
JhJs9s4s,1,180454
JdJs9s4s,1,180652
JcJs9s4s,1,180652
ThAs9s4s,1,223398
JhAs9s4s,0.97,222620
QhAs9s4s,0.16,218974
AhAs9s4s,0.92,223189
TdAs9s4s,1,223002
JdAs9s4s,0.97,222511
QdAs9s4s,0.0223,219376
AdAs9s4s,1,222721
TcAs9s4s,1,223002
JcAs9s4s,0.97,222511
QcAs9s4s,0.0223,219376
AcAs9s4s,1,222721
Td5d9s4s,0.0015,133278
Tc5c9s4s,0.0015,133278
7hAsTs4s,0.51,219846
8hAsTs4s,1,218972
9hAsTs4s,1,220311
8dAsTs4s,1,219448
9dAsTs4s,1,220048
7cAsTs4s,0.51,219750
8cAsTs4s,1,219448
9cAsTs4s,1,220048
Th3hTs4s,1,134098
Jh3hTs4s,0.245,138485
Qh3hTs4s,1,136474
Ah3hTs4s,1,139671
5h4hTs4s,1,138487
6h4hTs4s,0.1786,137182
7h4hTs4s,0.0495,139394
9h4hTs4s,0.47,138908
Th4hTs4s,1,134216
Jh4hTs4s,1,137781
Qh4hTs4s,1,136843
Ah4hTs4s,1,139714
Td4hTs4s,1,134939
Tc4hTs4s,1,134939
7h5hTs4s,1,139314
Th5hTs4s,1,134404
Qh5hTs4s,1,136049
Ah5hTs4s,1,138627
9h6hTs4s,1,138119
8h7hTs4s,0.0645,137681
9h7hTs4s,1,139783
Th7hTs4s,0.215,134743
Jh7hTs4s,1,138490
Qh7hTs4s,1,136644
Ah7hTs4s,1,140060
9h8hTs4s,0.3124,135320
Jh8hTs4s,0.99,134736
Ah8hTs4s,1,135281
Ad8hTs4s,0.58,135350
Ac8hTs4s,0.58,135350
Th9hTs4s,1,133767
Ah9hTs4s,1,139482
Td9hTs4s,1,134923
Ad9hTs4s,0.279,138964
Tc9hTs4s,1,134923
Ac9hTs4s,0.279,138964
AhThTs4s,1,134822
4dThTs4s,1,135794
8dThTs4s,0.0368,134596
9dThTs4s,1,134889
AdThTs4s,1,134226
4cThTs4s,1,135794
8cThTs4s,0.0368,134596
9cThTs4s,1,134889
AcThTs4s,1,134226
8dAhTs4s,0.4147,137306
TdAhTs4s,1,134902
8cAhTs4s,0.4147,137306
TcAhTs4s,1,134902
Ad2dTs4s,1,136504
Td3dTs4s,0.205,136981
Ad3dTs4s,1,140573
5d4dTs4s,1,140646
6d4dTs4s,0.2209,140985
8d4dTs4s,0.0011,141053
9d4dTs4s,0.47,140953
Td4dTs4s,1,136007
Jd4dTs4s,1,139621
Ad4dTs4s,1,140598
Tc4dTs4s,1,136007
9d5dTs4s,0.0002,137112
Ad5dTs4s,1,140134
9d6dTs4s,0.57,140535
9d8dTs4s,1,137888
Jd8dTs4s,1,136892
Ad8dTs4s,1,137436
Ac8dTs4s,0.58,137436
Td9dTs4s,1,135675
Ad9dTs4s,1,140583
Tc9dTs4s,1,135675
Ac9dTs4s,0.36,140583
AdTdTs4s,1,134895
4cTdTs4s,1,136007
9cTdTs4s,1,135675
AcTdTs4s,1,134895
8cAdTs4s,0.58,137436
9cAdTs4s,0.36,140583
TcAdTs4s,1,134895
Ac2cTs4s,1,136504
Tc3cTs4s,0.205,136981
Ac3cTs4s,1,140573
5c4cTs4s,1,140646
7c4cTs4s,0.0283,144320
8c4cTs4s,0.0011,141053
9c4cTs4s,0.47,140953
Tc4cTs4s,1,136007
Jc4cTs4s,1,139621
Ac4cTs4s,1,140598
7c5cTs4s,0.43,141555
9c5cTs4s,0.0002,137112
Ac5cTs4s,1,140134
9c7cTs4s,1,141199
Jc7cTs4s,1,140234
Ac7cTs4s,0.65,140889
9c8cTs4s,1,137888
Jc8cTs4s,1,136892
Ac8cTs4s,1,137436
Tc9cTs4s,1,135675
Ac9cTs4s,1,140583
AcTcTs4s,1,134895
4hAsJs4s,0.47,217222
5hAsJs4s,1,216924
8hAsJs4s,0.97,215675
9hAsJs4s,0.59,217161
4dAsJs4s,0.47,217198
5dAsJs4s,1,216958
8dAsJs4s,0.97,215979
9dAsJs4s,0.59,217048
4cAsJs4s,0.47,217198
5cAsJs4s,1,216958
8cAsJs4s,0.97,215979
9cAsJs4s,0.59,217048
Th3hJs4s,0.235,183185
Jh3hJs4s,0.34,182158
Qh3hJs4s,1,181211
Kh3hJs4s,1,179913
Ah3hJs4s,1,183788
5h4hJs4s,1,183481
6h4hJs4s,0.031,180645
Th4hJs4s,0.45,183494
Jh4hJs4s,1,183481
Qh4hJs4s,1,181426
Kh4hJs4s,1,180354
Ah4hJs4s,1,183517
Jd4hJs4s,1,184180
Jc4hJs4s,1,184180
6h5hJs4s,1,182430
7h5hJs4s,0.58,182822
8h5hJs4s,1,180849
9h5hJs4s,1,183471
Qh5hJs4s,1,180649
Ah5hJs4s,1,183217
Ad5hJs4s,0.95,183279
Ac5hJs4s,0.95,183279
8h7hJs4s,0.7,180858
9h7hJs4s,0.99,183708
Th7hJs4s,1,182993
Jh7hJs4s,1,183543
Qh7hJs4s,1,181016
Kh7hJs4s,0.77,179557
Ah7hJs4s,1,183951
9h8hJs4s,1,181543
Th8hJs4s,1,180851
Jh8hJs4s,1,181706
Qh8hJs4s,1,178758
Kh8hJs4s,1,177692
Ah8hJs4s,1,181334
Jd8hJs4s,0.0036,183722
Jc8hJs4s,0.0036,183722
Jh9hJs4s,1,183606
Ah9hJs4s,1,183704
Jd9hJs4s,1,183909
Jc9hJs4s,1,183909
QhJhJs4s,1,180828
KhJhJs4s,1,180659
AhJhJs4s,1,183373
4dJhJs4s,1,184006
8dJhJs4s,0.49,182000
9dJhJs4s,1,183543
AdJhJs4s,1,184062
4cJhJs4s,1,184006
8cJhJs4s,0.49,182000
9cJhJs4s,1,183543
AcJhJs4s,1,184062
JdQhJs4s,0.2686,181383
JcQhJs4s,0.2686,181383
5dAhJs4s,0.95,184131
JdAhJs4s,1,183708
5cAhJs4s,0.95,184131
JcAhJs4s,1,183708
Jd2dJs4s,1,182375
Qd2dJs4s,0.43,179749
Ad2dJs4s,1,182377
Kd3dJs4s,1,180811
Ad3dJs4s,1,185056
5d4dJs4s,1,184625
6d4dJs4s,0.0356,184472
Jd4dJs4s,1,184578
Qd4dJs4s,1,182109
Kd4dJs4s,1,180890
Ad4dJs4s,1,184874
Jc4dJs4s,1,184578
9d5dJs4s,1,184174
Qd5dJs4s,0.92,181364
Kd5dJs4s,0.215,179876
Ad5dJs4s,1,184225
Ac5dJs4s,0.95,184225
9d8dJs4s,1,182799
Td8dJs4s,1,181966
Jd8dJs4s,1,182771
Kd8dJs4s,1,178786
Ad8dJs4s,0.74,182796
Jc8dJs4s,1,182771
Jd9dJs4s,1,183777
Jc9dJs4s,1,183777
QdJdJs4s,1,180800
KdJdJs4s,0.405,179817
AdJdJs4s,1,184040
4cJdJs4s,1,184578
7cJdJs4s,0.115,183684
8cJdJs4s,1,182771
9cJdJs4s,1,183777
QcJdJs4s,1,180800
KcJdJs4s,0.405,179817
AcJdJs4s,1,184040
JcQdJs4s,1,180800
JcKdJs4s,0.405,179817
5cAdJs4s,0.95,184225
JcAdJs4s,1,184040
Jc2cJs4s,1,182375
Qc2cJs4s,0.43,179749
Ac2cJs4s,1,182377
Kc3cJs4s,1,180811
Ac3cJs4s,1,185056
5c4cJs4s,1,184625
Jc4cJs4s,1,184578
Qc4cJs4s,1,182109
Kc4cJs4s,1,180890
Ac4cJs4s,1,184874
7c5cJs4s,0.89,184492
9c5cJs4s,1,184174
Qc5cJs4s,0.92,181364
Kc5cJs4s,0.215,179876
Ac5cJs4s,1,184225
9c7cJs4s,0.99,184202
Tc7cJs4s,1,183775
Jc7cJs4s,0.115,183684
Kc7cJs4s,1,180210
Ac7cJs4s,1,183969
9c8cJs4s,1,182799
Tc8cJs4s,1,181966
Jc8cJs4s,1,182771
Kc8cJs4s,1,178786
Ac8cJs4s,0.74,182796
Jc9cJs4s,1,183777
QcJcJs4s,1,180800
KcJcJs4s,0.405,179817
AcJcJs4s,1,184040
4h3hAs4s,1,233326
5h3hAs4s,1,233211
6h3hAs4s,0.5445,233819
7h3hAs4s,1,233318
8h3hAs4s,1,231811
9h3hAs4s,0.635,233071
Th3hAs4s,1,235536
Jh3hAs4s,1,235103
Qh3hAs4s,0.995,232263
3d3hAs4s,1,232784
4d3hAs4s,1,232902
5d3hAs4s,1,233046
Td3hAs4s,0.97,235841
Jd3hAs4s,1,235430
Qd3hAs4s,1,232235
3c3hAs4s,1,232784
4c3hAs4s,1,232902
5c3hAs4s,1,233046
Tc3hAs4s,0.97,235841
Jc3hAs4s,1,235430
Qc3hAs4s,1,232235
5h4hAs4s,1,233417
6h4hAs4s,1,233958
7h4hAs4s,1,233807
8h4hAs4s,1,231912
9h4hAs4s,1,234021
Th4hAs4s,1,236036
Jh4hAs4s,1,236082
Qh4hAs4s,1,232509
3d4hAs4s,1,233404
5d4hAs4s,1,233453
6d4hAs4s,1,233698
8d4hAs4s,1,232230
Td4hAs4s,1,236259
Jd4hAs4s,1,235870
Qd4hAs4s,1,232629
3c4hAs4s,1,233404
5c4hAs4s,1,233453
7c4hAs4s,1,233514
8c4hAs4s,1,232230
Tc4hAs4s,1,236259
Jc4hAs4s,1,235870
Qc4hAs4s,1,232629
7h5hAs4s,1,233246
8h5hAs4s,1,231915
9h5hAs4s,1,233738
Th5hAs4s,1,235684
Jh5hAs4s,1,235564
3d5hAs4s,1,233045
4d5hAs4s,1,233215
5d5hAs4s,1,233105
8d5hAs4s,0.1,232322
9d5hAs4s,0.94,233434
Td5hAs4s,1,235942
Jd5hAs4s,1,235571
3c5hAs4s,1,233045
4c5hAs4s,1,233215
5c5hAs4s,1,233105
8c5hAs4s,0.1,232322
9c5hAs4s,0.94,233434
Tc5hAs4s,1,235942
Jc5hAs4s,1,235571
3d6hAs4s,0.0002,241948
4d6hAs4s,1,233912
3c6hAs4s,0.0002,241948
4c6hAs4s,1,233912
Th7hAs4s,1,235933
Jh7hAs4s,1,235828
Qh7hAs4s,1,232031
3d7hAs4s,0.5364,232938
4d7hAs4s,1,233386
8d7hAs4s,0.27,232521
Td7hAs4s,1,236113
Jd7hAs4s,1,235931
Qd7hAs4s,1,232089
3c7hAs4s,0.5364,232938
4c7hAs4s,1,233386
7c7hAs4s,0.975,233626
8c7hAs4s,0.27,232521
Tc7hAs4s,1,236113
Jc7hAs4s,1,235931
Qc7hAs4s,1,232089
9h8hAs4s,0.04,231917
Th8hAs4s,1,234630
Jh8hAs4s,1,234382
Qh8hAs4s,1,230946
4d8hAs4s,1,231959
5d8hAs4s,0.26,231456
9d8hAs4s,0.1438,232215
Td8hAs4s,0.76,234824
Jd8hAs4s,0.605,234338
Qd8hAs4s,1,230658
4c8hAs4s,1,231959
5c8hAs4s,0.26,231456
9c8hAs4s,0.1438,232215
Tc8hAs4s,0.76,234824
Jc8hAs4s,0.605,234338
Qc8hAs4s,1,230658
Th9hAs4s,1,236244
Jh9hAs4s,1,235917
Qh9hAs4s,1,232538
8d9hAs4s,0.1724,232854
Td9hAs4s,1,236248
Jd9hAs4s,1,235844
Qd9hAs4s,1,232485
8c9hAs4s,0.1724,232854
Tc9hAs4s,1,236248
Jc9hAs4s,1,235844
Qc9hAs4s,1,232485
3dThAs4s,0.97,235697
4dThAs4s,1,236064
5dThAs4s,1,236001
8dThAs4s,1,234882
9dThAs4s,1,236193
TdThAs4s,1,239774
3cThAs4s,0.97,235697
4cThAs4s,1,236064
5cThAs4s,1,236001
7cThAs4s,1,236022
8cThAs4s,1,234882
9cThAs4s,1,236193
TcThAs4s,1,239774
3dJhAs4s,1,235417
4dJhAs4s,1,235700
5dJhAs4s,1,235543
9dJhAs4s,1,235694
JdJhAs4s,1,238993
3cJhAs4s,1,235417
4cJhAs4s,1,235700
5cJhAs4s,1,235543
7cJhAs4s,1,235686
9cJhAs4s,1,235694
JcJhAs4s,1,238993
4dQhAs4s,1,232545
8dQhAs4s,0.805,231171
9dQhAs4s,1,232698
4cQhAs4s,1,232545
7cQhAs4s,1,232517
8cQhAs4s,0.805,231171
9cQhAs4s,1,232698
9dAhAs4s,0.055,236874
9cAhAs4s,0.055,236874
3d2dAs4s,0.68,233977
4d3dAs4s,1,233179
5d3dAs4s,1,233037
6d3dAs4s,1,233360
9d3dAs4s,0.95,233079
Td3dAs4s,1,235890
Jd3dAs4s,1,235625
Qd3dAs4s,1,231925
3c3dAs4s,1,233107
4c3dAs4s,1,233179
5c3dAs4s,1,233037
7c3dAs4s,0.72,233126
Tc3dAs4s,0.97,235890
Jc3dAs4s,1,235625
Qc3dAs4s,1,231925
5d4dAs4s,1,233333
6d4dAs4s,0.98,233698
8d4dAs4s,1,231954
9d4dAs4s,1,233304
Td4dAs4s,1,236056
Jd4dAs4s,1,235619
Qd4dAs4s,1,232262
Kd4dAs4s,0.38,237617
3c4dAs4s,1,233179
5c4dAs4s,1,233333
7c4dAs4s,1,233503
8c4dAs4s,1,231954
Tc4dAs4s,1,236056
Jc4dAs4s,1,235619
Qc4dAs4s,1,232262
Kc4dAs4s,0.38,237617
8d5dAs4s,1,231953
9d5dAs4s,0.71,233328
Td5dAs4s,1,235963
Jd5dAs4s,1,235512
3c5dAs4s,1,233037
4c5dAs4s,1,233333
5c5dAs4s,1,233087
7c5dAs4s,0.69,233171
8c5dAs4s,1,231953
9c5dAs4s,0.71,233328
Tc5dAs4s,1,235963
Jc5dAs4s,1,235512
3c6dAs4s,0.01,233360
4c6dAs4s,0.98,233698
Td8dAs4s,1,234900
Jd8dAs4s,1,234806
Qd8dAs4s,1,230996
4c8dAs4s,1,231954
5c8dAs4s,1,231953
Tc8dAs4s,1,234900
Jc8dAs4s,1,234806
Qc8dAs4s,1,230996
Td9dAs4s,1,236162
Jd9dAs4s,1,235757
Qd9dAs4s,1,232411
5c9dAs4s,0.71,233328
Tc9dAs4s,1,236162
Jc9dAs4s,1,235757
Qc9dAs4s,1,232411
3cTdAs4s,0.97,235890
4cTdAs4s,1,236056
5cTdAs4s,1,235963
7cTdAs4s,1,236159
8cTdAs4s,1,234900
9cTdAs4s,1,236162
TcTdAs4s,1,240037
3cJdAs4s,1,235625
4cJdAs4s,1,235619
5cJdAs4s,1,235512
7cJdAs4s,1,235686
8cJdAs4s,1,234806
9cJdAs4s,1,235757
JcJdAs4s,1,239052
3cQdAs4s,1,231925
4cQdAs4s,1,232262
7cQdAs4s,1,232175
8cQdAs4s,1,230996
9cQdAs4s,1,232411
4cKdAs4s,0.38,237617
3c2cAs4s,0.68,233977
4c3cAs4s,1,233179
5c3cAs4s,1,233037
7c3cAs4s,1,233126
9c3cAs4s,0.95,233079
Tc3cAs4s,1,235890
Jc3cAs4s,1,235625
Qc3cAs4s,1,231925
5c4cAs4s,1,233333
7c4cAs4s,1,233503
8c4cAs4s,1,231954
9c4cAs4s,1,233304
Tc4cAs4s,1,236056
Jc4cAs4s,1,235619
Qc4cAs4s,1,232262
Kc4cAs4s,0.38,237617
7c5cAs4s,0.69,233171
8c5cAs4s,1,231953
9c5cAs4s,0.71,233328
Tc5cAs4s,1,235963
Jc5cAs4s,1,235512
Tc7cAs4s,1,236159
Jc7cAs4s,1,235686
Qc7cAs4s,1,232175
Tc8cAs4s,1,234900
Jc8cAs4s,1,234806
Qc8cAs4s,1,230996
Tc9cAs4s,1,236162
Jc9cAs4s,1,235757
Qc9cAs4s,1,232411
3d4h3h4s,0.405,5854
3c4h3h4s,0.405,5854
3dAh3h4s,1,943
4dAh3h4s,0.3675,-99
3cAh3h4s,1,943
4cAh3h4s,0.3675,-99
4d3d3h4s,1,6325
Ad3d3h4s,1,1194
4c3d3h4s,1,6325
Ad4d3h4s,1,537
3c4d3h4s,1,6325
Ad5d3h4s,1,153
4c3c3h4s,1,6325
Ac3c3h4s,1,1194
Ac4c3h4s,1,537
Ac5c3h4s,1,153
Ac7c3h4s,0.63,997
7c7h4h4s,1,5050
9d9h4h4s,1,3157
9c9h4h4s,1,3157
3dAh4h4s,1,82
8dAh4h4s,0.695,1653
3cAh4h4s,1,82
8cAh4h4s,0.695,1653
Ad3d4h4s,0.98,233
3c3d4h4s,1,6556
Ac3c4h4s,0.98,233
7c6h5h4s,1,4344
6d7h5h4s,1,4779
8d7h5h4s,0.048,7367
7c7h5h4s,1,5282
8c7h5h4s,0.048,7367
Ah8h5h4s,0.004,1104
7c8h5h4s,0.21,7805
3dAh5h4s,1,129
8dAh5h4s,0.465,1546
3cAh5h4s,1,129
8cAh5h4s,0.465,1546
Ad3d5h4s,1,201
6d4d5h4s,0.3386,5844
6d5d5h4s,0.875,5717
Ad8d5h4s,1,2808
Ac3c5h4s,1,201
8c7c5h4s,0.9751,7955
Ac8c5h4s,1,2808
5d7h6h4s,1,4429
5c7h6h4s,1,4429
7c5c6h4s,1,3770
5d8h7h4s,0.99,7876
5c8h7h4s,0.99,7876
Ad3d7h4s,0.79,39
6d5d7h4s,1,5195
8d5d7h4s,0.0483,6721
Ac3c7h4s,0.79,39
7c5c7h4s,1,4950
8c5c7h4s,0.0483,6721
7c5c8h4s,0.0375,10489
3c4d3d4s,1,6328
3cAd3d4s,1,1382
4cAd3d4s,0.98,725
5cAd3d4s,1,279
7cAd3d4s,1,538
4c3c3d4s,1,6328
Ac3c3d4s,1,1382
Ac4c3d4s,1,725
Ac5c3d4s,1,279
Ac7c3d4s,0.63,538
5c5d4d4s,1,5421
5c6d4d4s,0.2455,4316
3cAd4d4s,1,725
Ac3c4d4s,0.98,725
5c6d5d4s,1,4967
7c6d5d4s,1,5068
7c8d5d4s,0.21,8312
3cAd5d4s,1,279
Ac3c5d4s,1,279
5c4c5d4s,1,5421
8c7c5d4s,0.99,8312
Ac3c6d4s,0.59,483
5c4c6d4s,0.2308,4316
7c5c6d4s,1,5068
7c5c8d4s,0.07,8312
5hAs6s5s,1,231417
5dAs6s5s,1,231259
5cAs6s5s,1,231259
JhJs7s5s,1,178651
AhJs7s5s,0.99,179208
JdJs7s5s,1,178522
AdJs7s5s,0.99,179460
JcJs7s5s,1,178522
AcJs7s5s,0.99,179460
4hAs7s5s,1,220521
5hAs7s5s,1,220662
7hAs7s5s,1,220230
ThAs7s5s,1,222569
JhAs7s5s,1,222461
QhAs7s5s,1,219237
AhAs7s5s,1,222750
4dAs7s5s,1,220545
5dAs7s5s,1,220601
TdAs7s5s,1,222694
JdAs7s5s,1,222331
QdAs7s5s,1,219200
AdAs7s5s,1,222478
4cAs7s5s,1,220545
5cAs7s5s,1,220601
7cAs7s5s,1,220587
TcAs7s5s,1,222694
JcAs7s5s,1,222331
QcAs7s5s,1,219200
AcAs7s5s,1,222478
AsTs9s5s,0.01,207533
AsJs9s5s,0.01,206854
JhJs9s5s,1,180616
AhJs9s5s,0.95,181382
JdJs9s5s,1,180582
AdJs9s5s,0.95,181619
JcJs9s5s,1,180582
AcJs9s5s,0.95,181619
9hAs9s5s,1,221093
ThAs9s5s,1,222673
JhAs9s5s,1,222380
AhAs9s5s,1,223259
9dAs9s5s,1,221206
TdAs9s5s,1,222987
JdAs9s5s,1,222442
QdAs9s5s,0.81,219574
KdAs9s5s,0.58,224313
AdAs9s5s,1,222807
9cAs9s5s,1,221206
TcAs9s5s,1,222987
JcAs9s5s,1,222442
QcAs9s5s,0.81,219574
KcAs9s5s,0.58,224313
AcAs9s5s,1,222807
5hAsTs5s,0.57,219104
7hAsTs5s,1,219346
8hAsTs5s,1,218481
9hAsTs5s,1,219454
5dAsTs5s,0.57,219444
8dAsTs5s,1,219161
9dAsTs5s,1,219682
5cAsTs5s,0.57,219444
7cAsTs5s,1,219725
8cAsTs5s,1,219161
9cAsTs5s,1,219682
6h3hTs5s,0.01,136722
Qh3hTs5s,1,135652
Ah3hTs5s,1,139414
5h4hTs5s,1,138022
8h4hTs5s,0.58,135798
9h4hTs5s,0.0037,136059
Qh4hTs5s,1,135634
Ah4hTs5s,1,138731
7h5hTs5s,0.99,138672
9h5hTs5s,0.18,138470
Jh5hTs5s,1,136196
Ah5hTs5s,1,138149
9h6hTs5s,0.66,137133
9h7hTs5s,1,138944
Jh7hTs5s,1,138009
Qh7hTs5s,1,135785
Ah7hTs5s,1,138725
Td7hTs5s,1,133909
Ad7hTs5s,1,138927
Tc7hTs5s,1,133909
Ac7hTs5s,1,138927
Ah8hTs5s,1,135236
Ad8hTs5s,1,134973
Ac8hTs5s,1,134973
Ah9hTs5s,1,138763
Td9hTs5s,1,133970
Ad9hTs5s,0.0245,138354
Tc9hTs5s,1,133970
Ac9hTs5s,0.0245,138354
AhThTs5s,1,133472
5dThTs5s,1,133922
9dThTs5s,0.09,133746
AdThTs5s,1,133297
5cThTs5s,1,133922
7cThTs5s,1,134595
9cThTs5s,0.09,133746
AcThTs5s,1,133297
8dAhTs5s,1,136527
9dAhTs5s,0.98,138754
TdAhTs5s,1,133624
7cAhTs5s,1,139287
8cAhTs5s,1,136527
9cAhTs5s,0.98,138754
TcAhTs5s,1,133624
Ad2dTs5s,1,135572
6d3dTs5s,0.0086,138734
Ad3dTs5s,1,140205
5d4dTs5s,1,140230
Qd4dTs5s,0.475,136860
Ad4dTs5s,1,139984
8d5dTs5s,0.97,137496
9d5dTs5s,0.18,140063
Td5dTs5s,1,134542
Jd5dTs5s,1,138691
Ad5dTs5s,1,139160
Tc5dTs5s,1,134542
9d8dTs5s,1,137334
Jd8dTs5s,1,135812
Ad8dTs5s,1,136777
Ac8dTs5s,1,136777
Td9dTs5s,1,134561
Ad9dTs5s,1,139151
Tc9dTs5s,1,134561
Ac9dTs5s,0.98,139151
AdTdTs5s,1,134096
5cTdTs5s,1,134542
7cTdTs5s,0.31,134859
9cTdTs5s,1,134561
AcTdTs5s,1,134096
7cAdTs5s,1,139758
8cAdTs5s,1,136777
9cAdTs5s,0.98,139151
TcAdTs5s,1,134096
Ac2cTs5s,1,135572
Ac3cTs5s,1,140205
5c4cTs5s,1,140230
Qc4cTs5s,0.475,136860
Ac4cTs5s,1,139984
7c5cTs5s,0.99,140844
8c5cTs5s,0.97,137496
9c5cTs5s,0.18,140063
Tc5cTs5s,1,134542
Jc5cTs5s,1,138691
Ac5cTs5s,1,139160
9c7cTs5s,1,140066
Tc7cTs5s,0.31,134859
Jc7cTs5s,1,139403
Ac7cTs5s,1,139758
9c8cTs5s,1,137334
Jc8cTs5s,1,135812
Ac8cTs5s,1,136777
Tc9cTs5s,1,134561
Ac9cTs5s,1,139151
AcTcTs5s,1,134096
4hAsJs5s,0.97,216630
5hAsJs5s,1,216011
7hAsJs5s,1,216067
8hAsJs5s,1,214722
9hAsJs5s,1,215954
4dAsJs5s,0.97,216314
5dAsJs5s,1,216208
8dAsJs5s,1,215139
9dAsJs5s,1,216282
4cAsJs5s,0.97,216314
5cAsJs5s,1,216208
7cAsJs5s,1,215950
8cAsJs5s,1,215139
9cAsJs5s,1,216282
9h3hJs5s,0.89,183144
Th3hJs5s,0.04,178741
Jh3hJs5s,1,182531
Qh3hJs5s,1,180434
Kh3hJs5s,1,179404
Ah3hJs5s,1,183036
5h4hJs5s,1,182921
6h4hJs5s,0.3,182788
7h4hJs5s,1,183063
8h4hJs5s,1,180453
9h4hJs5s,0.98,183169
Jh4hJs5s,1,182756
Qh4hJs5s,1,179924
Ah4hJs5s,1,183716
Ad4hJs5s,0.63,183573
Ac4hJs5s,0.63,183573
6h5hJs5s,1,181989
7h5hJs5s,1,182568
8h5hJs5s,1,180857
9h5hJs5s,1,182526
Th5hJs5s,1,182023
Jh5hJs5s,1,182630
Qh5hJs5s,1,180330
Kh5hJs5s,1,179050
Ah5hJs5s,1,182906
Jd5hJs5s,1,183069
Ad5hJs5s,1,182810
Jc5hJs5s,1,183069
Ac5hJs5s,1,182810
7h6hJs5s,0.728,182390
9h6hJs5s,1,182333
8h7hJs5s,0.415,181200
9h7hJs5s,1,182725
Th7hJs5s,1,182141
Qh7hJs5s,1,180187
Kh7hJs5s,1,178649
Ah7hJs5s,1,183346
Ad7hJs5s,1,183493
Ac7hJs5s,1,183493
9h8hJs5s,1,181113
Th8hJs5s,1,179624
Jh8hJs5s,0.88,180702
Qh8hJs5s,1,177901
Kh8hJs5s,0.845,177218
Ah8hJs5s,1,181305
Jd8hJs5s,0.225,180560
Ad8hJs5s,0.02,181294
Jc8hJs5s,0.225,180560
Ac8hJs5s,0.02,181294
Jh9hJs5s,1,182497
Ah9hJs5s,1,183016
9d9hJs5s,0.99,183298
Jd9hJs5s,1,183039
7c9hJs5s,0.0004,167962
9c9hJs5s,0.99,183298
Jc9hJs5s,1,183039
QhJhJs5s,1,180122
KhJhJs5s,1,179193
AhJhJs5s,1,183164
3dJhJs5s,0.73,183754
5dJhJs5s,1,182913
9dJhJs5s,1,182405
QdJhJs5s,0.7,179899
AdJhJs5s,1,182908
3cJhJs5s,0.73,183754
5cJhJs5s,1,182913
9cJhJs5s,1,182405
QcJhJs5s,0.7,179899
AcJhJs5s,1,182908
4dAhJs5s,0.63,183757
5dAhJs5s,1,183458
JdAhJs5s,1,183194
4cAhJs5s,0.63,183757
5cAhJs5s,1,183458
7cAhJs5s,1,183991
JcAhJs5s,1,183194
Qd2dJs5s,1,178547
Ad2dJs5s,1,181861
9d3dJs5s,0.89,184240
Qd3dJs5s,1,181654
Kd3dJs5s,1,180224
Ad3dJs5s,1,184638
5d4dJs5s,1,184113
8d4dJs5s,0.35,182243
9d4dJs5s,0.98,183947
Qd4dJs5s,1,180847
Ad4dJs5s,1,183910
Ac4dJs5s,0.63,183910
6d5dJs5s,1,182781
8d5dJs5s,1,182369
9d5dJs5s,1,183639
Td5dJs5s,1,182372
Jd5dJs5s,1,183159
Qd5dJs5s,1,180897
Kd5dJs5s,1,178588
Ad5dJs5s,1,183888
Jc5dJs5s,1,183159
Ac5dJs5s,1,183888
9d6dJs5s,0.095,183007
9d8dJs5s,1,182261
Td8dJs5s,1,181013
Jd8dJs5s,1,181749
Kd8dJs5s,1,177925
Ad8dJs5s,1,182407
Jc8dJs5s,1,181749
Ac8dJs5s,1,182407
Jd9dJs5s,1,182642
Ad9dJs5s,1,183694
7c9dJs5s,0.02,183848
9c9dJs5s,0.99,183202
Jc9dJs5s,1,182642
Ac9dJs5s,1,183694
QdJdJs5s,0.99,179916
KdJdJs5s,1,178375
AdJdJs5s,1,183278
5cJdJs5s,1,183159
8cJdJs5s,1,181749
9cJdJs5s,1,182642
QcJdJs5s,0.99,179916
KcJdJs5s,1,178375
AcJdJs5s,1,183278
JcQdJs5s,0.99,179916
JcKdJs5s,1,178375
4cAdJs5s,0.63,183910
5cAdJs5s,1,183888
7cAdJs5s,1,183739
8cAdJs5s,1,182407
9cAdJs5s,1,183694
JcAdJs5s,1,183278
Qc2cJs5s,1,178547
Ac2cJs5s,1,181861
9c3cJs5s,0.89,184240
Qc3cJs5s,1,181654
Kc3cJs5s,1,180224
Ac3cJs5s,1,184638
5c4cJs5s,1,184113
8c4cJs5s,0.35,182243
9c4cJs5s,0.98,183947
Qc4cJs5s,1,180847
Ac4cJs5s,1,183910
7c5cJs5s,1,183811
8c5cJs5s,1,182369
9c5cJs5s,1,183639
Tc5cJs5s,1,182372
Jc5cJs5s,1,183159
Qc5cJs5s,1,180897
Kc5cJs5s,1,178588
Ac5cJs5s,1,183888
9c7cJs5s,1,183848
Tc7cJs5s,1,183260
Kc7cJs5s,1,179039
Ac7cJs5s,1,183739
9c8cJs5s,1,182261
Tc8cJs5s,1,181013
Jc8cJs5s,1,181749
Kc8cJs5s,1,177925
Ac8cJs5s,1,182407
Jc9cJs5s,1,182642
Ac9cJs5s,1,183694
QcJcJs5s,0.99,179916
KcJcJs5s,1,178375
AcJcJs5s,1,183278
4h3hAs5s,1,232692
5h3hAs5s,1,232638
7h3hAs5s,1,232595
8h3hAs5s,0.71,231215
9h3hAs5s,0.71,232871
Th3hAs5s,1,235301
Jh3hAs5s,1,234729
Qh3hAs5s,1,231676
3d3hAs5s,1,232533
4d3hAs5s,1,232637
5d3hAs5s,1,232527
6d3hAs5s,0.39,233160
Td3hAs5s,1,235018
Jd3hAs5s,1,234772
Qd3hAs5s,1,231685
3c3hAs5s,1,232533
4c3hAs5s,1,232637
5c3hAs5s,1,232527
7c3hAs5s,0.705,232541
Tc3hAs5s,1,235018
Jc3hAs5s,1,234772
Qc3hAs5s,1,231685
5h4hAs5s,1,232813
7h4hAs5s,1,232982
8h4hAs5s,1,231535
9h4hAs5s,0.58,233030
Th4hAs5s,1,235438
Jh4hAs5s,1,235333
Qh4hAs5s,0.28,232337
3d4hAs5s,1,232673
4d4hAs5s,1,232676
5d4hAs5s,1,232759
9d4hAs5s,0.45,232824
Td4hAs5s,1,235355
Jd4hAs5s,1,235091
3c4hAs5s,1,232673
4c4hAs5s,1,232676
5c4hAs5s,1,232759
7c4hAs5s,1,232729
9c4hAs5s,0.45,232824
Tc4hAs5s,1,235355
Jc4hAs5s,1,235091
6h5hAs5s,1,233170
7h5hAs5s,1,232875
8h5hAs5s,1,231451
9h5hAs5s,1,232652
Th5hAs5s,1,235314
Jh5hAs5s,1,234974
Qh5hAs5s,1,231953
Kh5hAs5s,0.79,236393
2d5hAs5s,0.95,233628
3d5hAs5s,1,232494
4d5hAs5s,1,232620
6d5hAs5s,1,233408
8d5hAs5s,1,231595
9d5hAs5s,1,232899
Td5hAs5s,1,235292
Jd5hAs5s,1,234966
Qd5hAs5s,1,231760
Kd5hAs5s,1,236805
2c5hAs5s,0.95,233628
3c5hAs5s,1,232494
4c5hAs5s,1,232620
7c5hAs5s,1,232661
8c5hAs5s,1,231595
9c5hAs5s,1,232899
Tc5hAs5s,1,235292
Jc5hAs5s,1,234966
Qc5hAs5s,1,231760
Kc5hAs5s,1,236805
3d6hAs5s,0.0259,233647
5d6hAs5s,1,233313
3c6hAs5s,0.0259,233647
5c6hAs5s,1,233313
8h7hAs5s,0.05,231130
Th7hAs5s,1,235096
Jh7hAs5s,1,234933
Qh7hAs5s,1,231686
5d7hAs5s,1,232805
Td7hAs5s,1,235361
Jd7hAs5s,1,234989
Qd7hAs5s,1,231553
5c7hAs5s,1,232805
7c7hAs5s,1,232513
Tc7hAs5s,1,235361
Jc7hAs5s,1,234989
Qc7hAs5s,1,231553
Th8hAs5s,1,233656
Jh8hAs5s,1,233980
Qh8hAs5s,1,230412
5d8hAs5s,1,231205
Td8hAs5s,0.77,234035
Jd8hAs5s,1,233646
Qd8hAs5s,1,230293
5c8hAs5s,1,231205
Tc8hAs5s,0.77,234035
Jc8hAs5s,1,233646
Qc8hAs5s,1,230293
Th9hAs5s,1,235509
Jh9hAs5s,1,235135
Qh9hAs5s,1,232066
4d9hAs5s,1,233060
5d9hAs5s,1,232971
Td9hAs5s,1,235497
Jd9hAs5s,1,235304
Qd9hAs5s,1,231779
4c9hAs5s,1,233060
5c9hAs5s,1,232971
Tc9hAs5s,1,235497
Jc9hAs5s,1,235304
Qc9hAs5s,1,231779
3dThAs5s,1,235156
4dThAs5s,1,234988
5dThAs5s,1,235112
8dThAs5s,1,234150
9dThAs5s,1,235430
TdThAs5s,1,239091
3cThAs5s,1,235156
4cThAs5s,1,234988
5cThAs5s,1,235112
7cThAs5s,1,235536
8cThAs5s,1,234150
9cThAs5s,1,235430
TcThAs5s,1,239091
3dJhAs5s,1,235054
4dJhAs5s,1,234896
5dJhAs5s,1,234969
8dJhAs5s,1,233820
9dJhAs5s,1,235170
JdJhAs5s,1,238400
3cJhAs5s,1,235054
4cJhAs5s,1,234896
5cJhAs5s,1,234969
7cJhAs5s,1,235261
8cJhAs5s,1,233820
9cJhAs5s,1,235170
JcJhAs5s,1,238400
3dQhAs5s,1,231698
5dQhAs5s,1,231728
8dQhAs5s,1,230725
9dQhAs5s,1,231894
3cQhAs5s,1,231698
5cQhAs5s,1,231728
7cQhAs5s,1,231886
8cQhAs5s,1,230725
9cQhAs5s,1,231894
AdAhAs5s,0.655,238193
AcAhAs5s,0.655,238193
3d2dAs5s,1,233597
4d2dAs5s,0.87,233737
5d2dAs5s,1,233782
5c2dAs5s,0.95,233782
4d3dAs5s,1,232461
5d3dAs5s,1,232585
6d3dAs5s,0.35,233240
Td3dAs5s,1,235306
Jd3dAs5s,1,234981
Qd3dAs5s,1,231694
3c3dAs5s,0.565,232560
4c3dAs5s,1,232461
5c3dAs5s,1,232585
7c3dAs5s,1,232717
Tc3dAs5s,1,235306
Jc3dAs5s,1,234981
Qc3dAs5s,1,231694
5d4dAs5s,1,232660
8d4dAs5s,1,231413
9d4dAs5s,1,232972
Td4dAs5s,1,235263
Jd4dAs5s,1,234896
3c4dAs5s,1,232461
4c4dAs5s,1,232670
5c4dAs5s,1,232660
8c4dAs5s,1,231413
9c4dAs5s,1,232972
Tc4dAs5s,1,235263
Jc4dAs5s,1,234896
6d5dAs5s,1,233135
8d5dAs5s,1,231454
9d5dAs5s,1,232879
Td5dAs5s,1,235367
Jd5dAs5s,1,235116
Qd5dAs5s,1,231692
2c5dAs5s,0.95,233782
3c5dAs5s,1,232585
4c5dAs5s,1,232660
7c5dAs5s,1,232680
8c5dAs5s,1,231454
9c5dAs5s,1,232879
Tc5dAs5s,1,235367
Jc5dAs5s,1,235116
Qc5dAs5s,1,231692
3c6dAs5s,0.35,233240
5c6dAs5s,1,233135
Td8dAs5s,1,234153
Jd8dAs5s,1,233834
Qd8dAs5s,1,230376
4c8dAs5s,1,231413
5c8dAs5s,1,231454
Tc8dAs5s,1,234153
Jc8dAs5s,1,233834
Qc8dAs5s,1,230376
Td9dAs5s,1,235396
Jd9dAs5s,1,235084
Qd9dAs5s,1,231672
4c9dAs5s,1,232972
5c9dAs5s,1,232879
Tc9dAs5s,1,235396
Jc9dAs5s,1,235084
Qc9dAs5s,1,231672
3cTdAs5s,1,235306
4cTdAs5s,1,235263
5cTdAs5s,1,235367
7cTdAs5s,1,235461
8cTdAs5s,1,234153
9cTdAs5s,1,235396
TcTdAs5s,1,239057
3cJdAs5s,1,234981
4cJdAs5s,1,234896
5cJdAs5s,1,235116
7cJdAs5s,1,235023
8cJdAs5s,1,233834
9cJdAs5s,1,235084
JcJdAs5s,1,238609
3cQdAs5s,1,231694
5cQdAs5s,1,231692
7cQdAs5s,1,231629
8cQdAs5s,1,230376
9cQdAs5s,1,231672
AcAdAs5s,0.58,237370
3c2cAs5s,1,233597
4c2cAs5s,0.87,233737
5c2cAs5s,1,233782
4c3cAs5s,1,232461
5c3cAs5s,1,232585
7c3cAs5s,1,232717
Tc3cAs5s,1,235306
Jc3cAs5s,1,234981
Qc3cAs5s,1,231694
5c4cAs5s,1,232660
8c4cAs5s,1,231413
9c4cAs5s,1,232972
Tc4cAs5s,1,235263
Jc4cAs5s,1,234896
7c5cAs5s,1,232680
8c5cAs5s,1,231454
9c5cAs5s,1,232879
Tc5cAs5s,1,235367
Jc5cAs5s,1,235116
Qc5cAs5s,1,231692
Tc7cAs5s,1,235461
Jc7cAs5s,1,235023
Qc7cAs5s,1,231629
Tc8cAs5s,1,234153
Jc8cAs5s,1,233834
Qc8cAs5s,1,230376
Tc9cAs5s,1,235396
Jc9cAs5s,1,235084
Qc9cAs5s,1,231672
3dAh3h5s,1,1669
4dAh3h5s,1,1294
5dAh3h5s,1,798
6dAh3h5s,1,662
8dAh3h5s,0.0008,15
9dAh3h5s,0.38,489
3cAh3h5s,1,1669
4cAh3h5s,1,1294
5cAh3h5s,1,798
7cAh3h5s,1,365
8cAh3h5s,0.0008,15
9cAh3h5s,0.38,489
5d3d3h5s,1,6925
Ad3d3h5s,1,1591
5c3d3h5s,1,6925
Ad4d3h5s,1,1233
Ad5d3h5s,1,952
3c5d3h5s,1,6925
Ad6d3h5s,1,693
5c3c3h5s,1,6925
Ac3c3h5s,1,1591
Ac4c3h5s,1,1233
Ac5c3h5s,1,952
Ac7c3h5s,1,1079
Ah5h4h5s,0.82,64
4d5h4h5s,0.335,5796
6d5h4h5s,1,5703
4c5h4h5s,0.335,5796
5d6h4h5s,0.0796,6030
5c6h4h5s,0.0796,6030
7c6h4h5s,1,5253
6d7h4h5s,1,5799
7c7h4h5s,1,6072
Ah8h4h5s,0.65,3043
7c8h4h5s,0.0151,11569
3dAh4h5s,1,1239
4dAh4h5s,1,215
5dAh4h5s,0.875,8
8dAh4h5s,1,2670
3cAh4h5s,1,1239
4cAh4h5s,1,215
5cAh4h5s,0.875,8
8cAh4h5s,1,2670
Ad3d4h5s,1,1024
5d4d4h5s,1,5748
Ad4d4h5s,1,306
5c4d4h5s,1,5748
6d5d4h5s,0.19,5816
Ad5d4h5s,1,108
4c5d4h5s,1,5748
Ad6d4h5s,0.685,136
Ad8d4h5s,0.995,3204
Ac3c4h5s,1,1024
5c4c4h5s,1,5748
Ac4c4h5s,1,306
Ac5c4h5s,1,108
8c7c4h5s,0.99,8310
Ac7c4h5s,0.35,-160
Ac8c4h5s,0.995,3204
4d6h5h5s,0.2226,5302
4c6h5h5s,0.2226,5302
Ah7h5h5s,0.39,-89
6d7h5h5s,1,5761
Ad7h5h5s,0.35,616
7c7h5h5s,0.51,6692
Ac7h5h5s,0.35,616
Ah8h5h5s,0.0609,1981
3dAh5h5s,1,980
4dAh5h5s,0.21,-92
8dAh5h5s,1,2680
3cAh5h5s,1,980
4cAh5h5s,0.21,-92
8cAh5h5s,1,2680
Ad3d5h5s,1,1049
3c3d5h5s,1,6943
6d4d5h5s,0.0441,7798
Ad4d5h5s,1,646
4c4d5h5s,0.945,5917
Ad6d5h5s,0.205,694
Ac3c5h5s,1,1049
Ac4c5h5s,1,646
Ac7c5h5s,0.04,983
4d7h6h5s,1,5336
5d7h6h5s,0.0129,4285
4c7h6h5s,1,5336
5c7h6h5s,0.0129,4285
7c7h6h5s,0.505,5209
5d4d6h5s,0.695,5347
Ad4d6h5s,0.415,-125
5c4c6h5s,0.695,5347
7c4c6h5s,1,5163
Ac4c6h5s,0.415,-125
4d8h7h5s,0.99,9377
4c8h7h5s,0.99,9377
7c8h7h5s,1,9013
9d9h7h5s,1,5229
Ad9h7h5s,0.012,-626
7c9h7h5s,0.03,5408
9c9h7h5s,1,5229
Ac9h7h5s,0.012,-626
3dAh7h5s,0.64,116
3cAh7h5s,0.64,116
Ad3d7h5s,1,895
6d4d7h5s,1,4866
8d4d7h5s,0.0085,6854
Ad4d7h5s,1,215
Ac3c7h5s,1,895
7c4c7h5s,1,6228
8c4c7h5s,0.0085,6854
Ac4c7h5s,1,215
8c7c7h5s,1,9567
Ac7c7h5s,1,764
9dJh8h5s,0.0037,6852
9cJh8h5s,0.0037,6852
4dAh8h5s,0.89,2830
4cAh8h5s,0.89,2830
Ad3d8h5s,0.007,8521
Ac3c8h5s,0.007,8521
7c4c8h5s,0.0053,13403
9dTh9h5s,0.315,-80
9cTh9h5s,0.315,-80
9dJh9h5s,0.31,-82
9cJh9h5s,0.31,-82
Ad3d9h5s,0.38,541
Ad4d9h5s,1,132
Td9d9h5s,0.165,-136
Jd9d9h5s,0.58,30
Ac3c9h5s,0.38,541
Ac4c9h5s,1,132
9c7c9h5s,1,5468
Tc9c9h5s,0.165,-136
Jc9c9h5s,0.58,30
Qd5dJh5s,0.0008,5587
Qc5cJh5s,0.0008,5587
Jd9dQh5s,0.0097,4271
Jc9cQh5s,0.0097,4271
3c5d3d5s,1,7138
3cAd3d5s,1,1834
4cAd3d5s,1,1597
5cAd3d5s,1,910
7cAd3d5s,1,1095
9cAd3d5s,0.38,1213
5c3c3d5s,1,7138
Ac3c3d5s,1,1834
Ac4c3d5s,1,1597
Ac5c3d5s,1,910
Ac7c3d5s,1,1095
Ac9c3d5s,0.04,1213
Ad5d4d5s,1,406
Ad6d4d5s,1,175
5c6d4d5s,0.09,5472
7c6d4d5s,1,5797
7c8d4d5s,0.02,9347
3cAd4d5s,1,1597
4cAd4d5s,1,656
5cAd4d5s,1,406
7cAd4d5s,1,599
9cAd4d5s,1,55
Ac3c4d5s,1,1597
Ac4c4d5s,1,656
Ac5c4d5s,1,406
8c7c4d5s,0.99,9347
Ac7c4d5s,1,599
Ac9c4d5s,1,55
4c6d5d5s,1,5472
3cAd5d5s,1,910
4cAd5d5s,1,406
7cAd5d5s,1,579
Ac3c5d5s,1,910
Ac4c5d5s,1,406
Ac7c5d5s,1,579
3cAd6d5s,1,639
4cAd6d5s,1,175
Ac3c6d5s,1,639
5c4c6d5s,1,5472
7c4c6d5s,1,5797
Ac4c6d5s,1,175
9cJd8d5s,0.01,2752
7c4c8d5s,0.01,9347
9cTd9d5s,0.4,-12
9cJd9d5s,0.415,-10
3cAd9d5s,0.04,1213
4cAd9d5s,1,55
Ac3c9d5s,0.38,1213
Ac4c9d5s,1,55
9c7c9d5s,1,5122
Jc8c9d5s,0.01,2752
Tc9c9d5s,0.4,-12
Jc9c9d5s,0.415,-10
7c4cAd5s,1,599
7c5cAd5s,0.35,579
Ac5c4c5s,1,406
Ac7c4c5s,1,599
Ac7c5c5s,1,579
7h9s7s6s,0.24,142341
Th9s7s6s,0.95,137209
Td9s7s6s,0.31,137622
7c9s7s6s,0.24,142289
Tc9s7s6s,0.31,137622
9hTs7s6s,0.545,147928
9dTs7s6s,1,148239
9cTs7s6s,1,148239
7hAs7s6s,1,231174
7cAs7s6s,1,231503
7hTs9s6s,1,149815
8hTs9s6s,0.415,146337
8dTs9s6s,1,148191
7cTs9s6s,1,150584
8cTs9s6s,1,148191
9hAs9s6s,1,231921
9dAs9s6s,1,232351
9cAs9s6s,1,232351
9h4h9s6s,0.37,129991
7h5h9s6s,0.385,131326
9h5h9s6s,1,130119
7c5h9s6s,0.33,133162
9h7h9s6s,1,131572
Jh7h9s6s,1,129662
8d7h9s6s,0.3963,130856
9d7h9s6s,0.6426,131946
Td7h9s6s,0.32,128601
Jd7h9s6s,0.1036,129940
7c7h9s6s,1,133854
8c7h9s6s,0.3963,130856
9c7h9s6s,0.6426,131946
Tc7h9s6s,0.32,128601
Jc7h9s6s,0.1036,129940
Ah9h9s6s,1,129301
7c9h9s6s,0.57,132656
7cTh9s6s,0.0207,128982
Td3d9s6s,0.0648,128565
9d8d9s6s,1,130615
9c8d9s6s,1,130615
Ad9d9s6s,0.97,131152
7c9d9s6s,0.0663,132857
8c9d9s6s,1,130615
Ac9d9s6s,0.97,131152
7cTd9s6s,0.985,129929
7cJd9s6s,0.28,131020
9cAd9s6s,0.97,131152
Tc3c9s6s,0.0648,128565
9c7c9s6s,0.0663,132857
Tc7c9s6s,0.985,129929
Jc7c9s6s,1,131020
9c8c9s6s,1,130615
Ac9c9s6s,0.97,131152
9h3hTs6s,0.3,147569
Th3hTs6s,0.0404,143002
9h4hTs6s,0.695,146719
7h5hTs6s,1,146202
8h5hTs6s,0.775,143610
9h5hTs6s,0.105,146040
Th5hTs6s,0.0278,137144
8h7hTs6s,1,143432
9h7hTs6s,1,147228
Th7hTs6s,0.525,141581
8d7hTs6s,0.3549,146258
9d7hTs6s,0.345,148555
8c7hTs6s,0.3549,146258
9c7hTs6s,0.345,148555
9h8hTs6s,1,144414
Th8hTs6s,0.625,139566
8d8hTs6s,1,142151
9d8hTs6s,0.075,144107
Qd8hTs6s,0.01,140594
7c8hTs6s,1,145484
8c8hTs6s,1,142151
9c8hTs6s,0.075,144107
Qc8hTs6s,0.01,140594
8d9hTs6s,1,145149
9d9hTs6s,0.49,147936
7c9hTs6s,0.485,147696
8c9hTs6s,1,145149
9c9hTs6s,0.49,147936
Td2dTs6s,0.0082,136921
7c8dTs6s,1,147333
8c8dTs6s,1,143823
7c9dTs6s,0.27,149458
Tc2cTs6s,0.0082,136921
8c7cTs6s,1,147333
9c7cTs6s,0.27,149458
5h3hJs6s,0.1012,194275
7h4hJs6s,0.9553,195240
8h4hJs6s,0.205,192811
Jh4hJs6s,0.945,195227
7h5hJs6s,0.505,195562
8h5hJs6s,0.8118,193013
9h5hJs6s,1,195078
8h7hJs6s,1,193364
9h7hJs6s,0.995,194674
Jh7hJs6s,0.61,195298
8d7hJs6s,1,194533
9d7hJs6s,0.3,195259
8c7hJs6s,1,194533
9c7hJs6s,0.3,195259
9h8hJs6s,0.49,193593
Jh8hJs6s,0.645,194493
9d8hJs6s,0.99,193237
7c8hJs6s,1,193767
9c8hJs6s,0.99,193237
8d9hJs6s,0.6386,194707
8c9hJs6s,0.6386,194707
9d5dJs6s,0.33,195242
9d8dJs6s,0.06,195290
7c8dJs6s,1,195162
9c8dJs6s,0.0594,195290
7c9dJs6s,0.895,195987
8c9dJs6s,0.0594,195290
7c4cJs6s,0.98,196751
7c5cJs6s,0.945,195885
9c5cJs6s,0.33,195242
8c7cJs6s,1,195162
9c7cJs6s,0.895,195987
9c8cJs6s,0.06,195290
4h3hAs6s,0.48,244754
5h3hAs6s,0.625,244411
7h3hAs6s,1,244375
8h3hAs6s,0.1773,243458
5d3hAs6s,0.325,244383
5c3hAs6s,0.325,244383
7h4hAs6s,0.96,244373
9h4hAs6s,0.1584,244546
4d4hAs6s,0.545,244376
4c4hAs6s,0.545,244376
7h5hAs6s,1,244149
8h5hAs6s,1,243900
9h5hAs6s,0.1267,245187
3d5hAs6s,0.295,244134
5d5hAs6s,1,244390
3c5hAs6s,0.295,244134
5c5hAs6s,1,244390
8h7hAs6s,1,243734
9h7hAs6s,1,244490
8d7hAs6s,1,243463
9d7hAs6s,0.57,244271
7c7hAs6s,1,243837
8c7hAs6s,1,243463
9c7hAs6s,0.57,244271
9h8hAs6s,1,243917
8d8hAs6s,0.86,243595
9d8hAs6s,1,243873
8c8hAs6s,0.86,243595
9c8hAs6s,1,243873
8d9hAs6s,0.62,244181
7c9hAs6s,1,244406
8c9hAs6s,0.62,244181
4c4dAs6s,0.47,244487
5c5dAs6s,1,244363
9d8dAs6s,1,244033
7c8dAs6s,1,243619
9c8dAs6s,1,244033
7c9dAs6s,1,244204
8c9dAs6s,1,244033
9c9dAs6s,0.335,244663
8c7cAs6s,1,243619
9c7cAs6s,1,244204
9c8cAs6s,1,244033
AsTs9s7s,1,208759
6hTs9s7s,1,144785
8hTs9s7s,1,143243
9hTs9s7s,1,146011
ThTs9s7s,1,140868
QhTs9s7s,0.52,142620
AhTs9s7s,1,145388
6dTs9s7s,1,145436
8dTs9s7s,1,144605
9dTs9s7s,1,146847
TdTs9s7s,1,142059
AdTs9s7s,1,145669
8cTs9s7s,1,144605
9cTs9s7s,1,146847
TcTs9s7s,1,142059
AcTs9s7s,1,145669
AsJs9s7s,1,205357
8hJs9s7s,1,182998
9hJs9s7s,1,184361
JhJs9s7s,1,184068
AhJs9s7s,1,184030
8dJs9s7s,1,183899
9dJs9s7s,1,184784
JdJs9s7s,1,183765
AdJs9s7s,1,184623
8cJs9s7s,1,183899
9cJs9s7s,1,184784
JcJs9s7s,1,183765
AcJs9s7s,1,184623
7hAs9s7s,1,221667
8hAs9s7s,0.845,220415
9hAs9s7s,1,221599
ThAs9s7s,1,223938
JhAs9s7s,1,223600
AhAs9s7s,1,223692
8dAs9s7s,0.125,220428
9dAs9s7s,1,222005
TdAs9s7s,1,223858
JdAs9s7s,1,223354
AdAs9s7s,1,223541
7cAs9s7s,1,221553
8cAs9s7s,0.125,220428
9cAs9s7s,1,222005
TcAs9s7s,1,223858
JcAs9s7s,1,223354
AcAs9s7s,1,223541
Ad5h9s7s,0.017,134234
Ac5h9s7s,0.017,134234
9h7h9s7s,0.495,134463
5d7h9s7s,0.024,138539
9d7h9s7s,0.905,135280
Ad7h9s7s,1,133715
5c7h9s7s,0.024,138539
9c7h9s7s,0.905,135280
Ac7h9s7s,1,133715
7c9h9s7s,0.185,135227
7cAh9s7s,1,134228
7c5d9s7s,0.03,135726
7c9d9s7s,1,135752
7cAd9s7s,1,134201
7c3c9s7s,0.76,135824
7c4c9s7s,1,135943
7c5c9s7s,1,135726
9c7c9s7s,1,135752
Ac7c9s7s,1,134201
7hJsTs7s,0.97,171890
8hJsTs7s,1,169358
ThJsTs7s,0.145,168533
8dJsTs7s,1,170506
7cJsTs7s,0.955,171935
8cJsTs7s,1,170506
4hAsTs7s,0.93,219825
5hAsTs7s,1,219719
7hAsTs7s,1,220174
8hAsTs7s,1,219469
9hAsTs7s,1,220320
ThAsTs7s,0.725,223193
4dAsTs7s,0.93,219929
5dAsTs7s,1,219794
8dAsTs7s,1,219418
9dAsTs7s,1,220218
TdAsTs7s,0.75,223256
4cAsTs7s,0.93,219929
5cAsTs7s,1,219794
7cAsTs7s,1,220313
8cAsTs7s,1,219418
9cAsTs7s,1,220218
TcAsTs7s,0.75,223256
9h3hTs7s,0.005,143665
Jh3hTs7s,1,139230
Ah3hTs7s,1,140807
5h4hTs7s,0.545,139141
7h4hTs7s,1,140598
Th4hTs7s,1,134905
Jh4hTs7s,1,138931
Qh4hTs7s,0.045,137346
Ah4hTs7s,1,139875
7h5hTs7s,1,140582
9h5hTs7s,1,139495
Th5hTs7s,1,134387
Jh5hTs7s,1,138343
Qh5hTs7s,1,137015
Ah5hTs7s,1,140073
Td5hTs7s,0.615,135474
Ad5hTs7s,1,140229
Tc5hTs7s,0.615,135474
Ac5hTs7s,1,140229
7h6hTs7s,1,140242
8h6hTs7s,0.4,135216
9h6hTs7s,1,139468
9d6hTs7s,0.695,140583
7c6hTs7s,1,140567
9c6hTs7s,0.695,140583
8h7hTs7s,1,138157
9h7hTs7s,1,141643
Th7hTs7s,1,136207
Qh7hTs7s,1,138638
Ah7hTs7s,1,141796
6d7hTs7s,1,140521
8d7hTs7s,1,139969
9d7hTs7s,1,142725
Ad7hTs7s,1,141983
8c7hTs7s,1,139969
9c7hTs7s,1,142725
Ac7hTs7s,1,141983
9h8hTs7s,1,137246
Jh8hTs7s,1,135698
Ah8hTs7s,1,136556
6d8hTs7s,0.985,136895
8d8hTs7s,1,135931
9d8hTs7s,1,138118
Jd8hTs7s,1,135897
Ad8hTs7s,1,137306
7c8hTs7s,1,139235
8c8hTs7s,1,135931
9c8hTs7s,1,138118
Jc8hTs7s,1,135897
Ac8hTs7s,1,137306
Th9hTs7s,1,135659
Ah9hTs7s,1,140145
6d9hTs7s,1,139704
8d9hTs7s,1,138597
9d9hTs7s,1,141599
Td9hTs7s,1,135734
Ad9hTs7s,1,140516
7c9hTs7s,1,142464
8c9hTs7s,1,138597
9c9hTs7s,1,141599
Tc9hTs7s,1,135734
Ac9hTs7s,1,140516
AhThTs7s,1,134384
9dThTs7s,1,135794
AdThTs7s,1,135208
7cThTs7s,1,137180
9cThTs7s,1,135794
AcThTs7s,1,135208
8dJhTs7s,1,137498
8cJhTs7s,1,137498
7cQhTs7s,0.335,138817
5dAhTs7s,1,140928
8dAhTs7s,1,138809
9dAhTs7s,1,140938
TdAhTs7s,1,135643
5cAhTs7s,1,140928
7cAhTs7s,1,141916
8cAhTs7s,1,138809
9cAhTs7s,1,140938
TcAhTs7s,1,135643
Ad2dTs7s,0.44,137629
Td3dTs7s,0.335,137205
Jd3dTs7s,0.42,140957
Ad3dTs7s,1,142105
Jd4dTs7s,1,140041
Ad4dTs7s,0.895,141682
9d5dTs7s,0.28,141787
Td5dTs7s,0.725,136298
Jd5dTs7s,1,139954
Ad5dTs7s,1,140937
Tc5dTs7s,0.725,136298
Ac5dTs7s,1,140937
9d6dTs7s,1,141420
7c6dTs7s,1,142115
9c6dTs7s,1,141420
9d8dTs7s,1,139916
Jd8dTs7s,1,137687
Ad8dTs7s,1,139389
7c8dTs7s,1,141009
8c8dTs7s,1,137370
9c8dTs7s,1,139916
Jc8dTs7s,1,137687
Ac8dTs7s,1,139389
Td9dTs7s,1,136694
Ad9dTs7s,1,141466
7c9dTs7s,1,143130
8c9dTs7s,1,139916
9c9dTs7s,1,142405
Tc9dTs7s,1,136694
Ac9dTs7s,1,141466
AdTdTs7s,1,136004
5cTdTs7s,0.725,136298
7cTdTs7s,0.965,137211
9cTdTs7s,1,136694
AcTdTs7s,1,136004
8cJdTs7s,1,137687
5cAdTs7s,1,140937
7cAdTs7s,1,142313
8cAdTs7s,1,139389
9cAdTs7s,1,141466
TcAdTs7s,1,136004
Ac2cTs7s,0.44,137629
Tc3cTs7s,0.335,137205
Jc3cTs7s,0.42,140957
Ac3cTs7s,1,142105
7c4cTs7s,1,142786
Jc4cTs7s,1,140041
Ac4cTs7s,0.895,141682
7c5cTs7s,1,142742
9c5cTs7s,0.28,141787
Tc5cTs7s,0.725,136298
Jc5cTs7s,1,139954
Ac5cTs7s,1,140937
8c7cTs7s,1,141009
9c7cTs7s,1,143130
Tc7cTs7s,0.965,137211
Ac7cTs7s,1,142313
9c8cTs7s,1,139916
Jc8cTs7s,1,137687
Ac8cTs7s,1,139389
Tc9cTs7s,1,136694
Ac9cTs7s,1,141466
AcTcTs7s,1,136004
5hAsJs7s,1,216643
7hAsJs7s,1,216848
8hAsJs7s,1,215782
9hAsJs7s,1,216536
5dAsJs7s,1,217016
8dAsJs7s,1,215663
9dAsJs7s,1,217023
5cAsJs7s,1,217016
7cAsJs7s,1,216885
8cAsJs7s,1,215663
9cAsJs7s,1,217023
Th3hJs7s,0.95,184286
Jh3hJs7s,0.66,184400
Ah3hJs7s,1,184939
5h4hJs7s,1,184348
7h4hJs7s,0.49,184908
9h4hJs7s,0.9016,184873
Th4hJs7s,1,183806
Jh4hJs7s,1,184436
Qh4hJs7s,1,182069
Ah4hJs7s,1,184788
7h5hJs7s,1,185107
8h5hJs7s,0.03,182297
9h5hJs7s,1,184723
Th5hJs7s,1,183820
Qh5hJs7s,1,182334
Kh5hJs7s,0.12,181912
Ah5hJs7s,1,184634
8d5hJs7s,0.8159,184360
9d5hJs7s,0.1,186141
Ad5hJs7s,1,185588
8c5hJs7s,0.8159,184360
9c5hJs7s,0.1,186141
Ac5hJs7s,1,185588
7h6hJs7s,1,185605
8h6hJs7s,0.405,181768
9h6hJs7s,0.84,184734
9d6hJs7s,1,185036
9c6hJs7s,1,185036
8h7hJs7s,1,183682
9h7hJs7s,1,185617
Jh7hJs7s,1,185364
Qh7hJs7s,1,183261
Ah7hJs7s,1,185738
8d7hJs7s,1,184584
9d7hJs7s,1,185920
Qd7hJs7s,1,183309
Kd7hJs7s,0.03,179625
Ad7hJs7s,1,185978
8c7hJs7s,1,184584
9c7hJs7s,1,185920
Qc7hJs7s,1,183309
Kc7hJs7s,0.03,179625
Ac7hJs7s,1,185978
9h8hJs7s,1,183490
Th8hJs7s,1,182465
Qh8hJs7s,1,181003
Ah8hJs7s,1,183134
5d8hJs7s,0.3977,183794
6d8hJs7s,1,182903
8d8hJs7s,1,182307
9d8hJs7s,1,183492
Td8hJs7s,1,182123
Ad8hJs7s,1,183607
5c8hJs7s,0.3977,183794
7c8hJs7s,1,184249
8c8hJs7s,1,182307
9c8hJs7s,1,183492
Tc8hJs7s,1,182123
Ac8hJs7s,1,183607
Jh9hJs7s,1,184745
Ah9hJs7s,1,184917
5d9hJs7s,0.0566,187335
6d9hJs7s,1,184819
8d9hJs7s,1,184156
9d9hJs7s,1,185799
Jd9hJs7s,1,184730
Ad9hJs7s,1,185499
5c9hJs7s,0.0566,187335
7c9hJs7s,1,185814
8c9hJs7s,1,184156
9c9hJs7s,1,185799
Jc9hJs7s,1,184730
Ac9hJs7s,1,185499
8dThJs7s,1,183126
8cThJs7s,1,183126
QhJhJs7s,0.885,182234
AhJhJs7s,1,184790
4dJhJs7s,0.045,185119
9dJhJs7s,1,184959
QdJhJs7s,0.88,182283
KdJhJs7s,0.0092,178128
AdJhJs7s,1,185196
4cJhJs7s,0.045,185119
7cJhJs7s,1,185718
9cJhJs7s,1,184959
QcJhJs7s,0.88,182283
KcJhJs7s,0.0092,178128
AcJhJs7s,1,185196
7cQhJs7s,1,183324
7cKhJs7s,0.99,182485
5dAhJs7s,1,185485
8dAhJs7s,1,184318
9dAhJs7s,1,185519
JdAhJs7s,1,185392
5cAhJs7s,1,185485
7cAhJs7s,1,186104
8cAhJs7s,1,184318
9cAhJs7s,1,185519
JcAhJs7s,1,185392
Jd2dJs7s,0.865,183033
Ad2dJs7s,1,183583
Td3dJs7s,0.99,185677
Ad3dJs7s,0.22,187218
5d4dJs7s,0.0032,188173
Td4dJs7s,1,185234
Jd4dJs7s,0.36,185456
Qd4dJs7s,1,183407
Jc4dJs7s,0.36,185456
9d5dJs7s,1,185810
Td5dJs7s,1,184615
Qd5dJs7s,1,182759
Ad5dJs7s,1,186004
9c5dJs7s,0.1,185810
Ac5dJs7s,1,186004
9d6dJs7s,1,185790
9c6dJs7s,1,185790
9d8dJs7s,1,184545
Td8dJs7s,1,183082
Qd8dJs7s,1,181542
Ad8dJs7s,1,184653
7c8dJs7s,1,185104
8c8dJs7s,1,183050
9c8dJs7s,1,184545
Tc8dJs7s,1,183082
Qc8dJs7s,1,181542
Ac8dJs7s,1,184653
Jd9dJs7s,1,185195
Ad9dJs7s,1,185824
5c9dJs7s,0.1,185810
7c9dJs7s,1,186343
8c9dJs7s,1,184545
9c9dJs7s,1,185835
Jc9dJs7s,1,185195
Ac9dJs7s,1,185824
8cTdJs7s,1,183082
QdJdJs7s,1,182730
AdJdJs7s,1,185351
4cJdJs7s,0.36,185456
9cJdJs7s,1,185195
QcJdJs7s,1,182730
AcJdJs7s,1,185351
7cQdJs7s,1,183240
8cQdJs7s,1,181542
JcQdJs7s,1,182730
7cKdJs7s,1,182163
5cAdJs7s,1,186004
7cAdJs7s,1,186100
8cAdJs7s,1,184653
9cAdJs7s,1,185824
JcAdJs7s,1,185351
Jc2cJs7s,0.865,183033
Ac2cJs7s,1,183583
Tc3cJs7s,0.99,185677
Ac3cJs7s,0.22,187218
5c4cJs7s,0.0032,188173
7c4cJs7s,0.49,186935
Tc4cJs7s,1,185234
Jc4cJs7s,0.36,185456
Qc4cJs7s,1,183407
7c5cJs7s,1,186168
9c5cJs7s,1,185810
Tc5cJs7s,1,184615
Qc5cJs7s,1,182759
Ac5cJs7s,1,186004
8c7cJs7s,1,185104
9c7cJs7s,1,186343
Qc7cJs7s,1,183240
Kc7cJs7s,1,182163
Ac7cJs7s,1,186100
9c8cJs7s,1,184545
Tc8cJs7s,1,183082
Qc8cJs7s,1,181542
Ac8cJs7s,1,184653
Jc9cJs7s,1,185195
Ac9cJs7s,1,185824
QcJcJs7s,1,182730
AcJcJs7s,1,185351
4h3hAs7s,1,233025
5h3hAs7s,1,233277
7h3hAs7s,1,233110
Th3hAs7s,0.74,235965
Jh3hAs7s,1,235411
Qh3hAs7s,1,231936
4d3hAs7s,0.63,232883
5d3hAs7s,1,232751
Td3hAs7s,1,235812
Jd3hAs7s,1,235334
Qd3hAs7s,1,232077
4c3hAs7s,0.63,232883
5c3hAs7s,1,232751
7c3hAs7s,1,233166
Tc3hAs7s,1,235812
Jc3hAs7s,1,235334
Qc3hAs7s,1,232077
5h4hAs7s,1,233496
7h4hAs7s,1,233464
Th4hAs7s,0.63,236234
Jh4hAs7s,1,235943
Qh4hAs7s,1,232637
4d4hAs7s,0.94,233253
5d4hAs7s,1,233377
Td4hAs7s,1,235931
Jd4hAs7s,1,235538
Qd4hAs7s,1,232282
4c4hAs7s,0.94,233253
5c4hAs7s,1,233377
7c4hAs7s,1,233560
Tc4hAs7s,1,235931
Jc4hAs7s,1,235538
Qc4hAs7s,1,232282
6h5hAs7s,0.0275,233103
7h5hAs7s,1,233430
Th5hAs7s,1,236215
Jh5hAs7s,1,235559
Qh5hAs7s,1,232288
Ah5hAs7s,0.465,235708
4d5hAs7s,1,233155
5d5hAs7s,1,233400
9d5hAs7s,0.0388,233991
Td5hAs7s,1,236140
Jd5hAs7s,1,235791
Qd5hAs7s,1,232241
4c5hAs7s,1,233155
5c5hAs7s,1,233400
7c5hAs7s,1,233582
9c5hAs7s,0.0388,233991
Tc5hAs7s,1,236140
Jc5hAs7s,1,235791
Qc5hAs7s,1,232241
7h6hAs7s,1,233871
7c6hAs7s,0.645,233793
8h7hAs7s,1,232100
9h7hAs7s,1,233347
Th7hAs7s,1,236186
Jh7hAs7s,1,235985
Qh7hAs7s,0.03,233133
3d7hAs7s,0.75,233328
4d7hAs7s,1,233375
5d7hAs7s,1,233136
8d7hAs7s,0.095,232329
9d7hAs7s,1,233598
Td7hAs7s,1,236166
Jd7hAs7s,1,235873
3c7hAs7s,0.75,233328
4c7hAs7s,1,233375
5c7hAs7s,1,233136
8c7hAs7s,0.095,232329
9c7hAs7s,1,233598
Tc7hAs7s,1,236166
Jc7hAs7s,1,235873
9h8hAs7s,1,232108
Th8hAs7s,1,234723
Jh8hAs7s,1,234643
Qh8hAs7s,0.635,231346
9d8hAs7s,0.96,232152
Td8hAs7s,1,234858
Jd8hAs7s,1,234416
Qd8hAs7s,1,230876
7c8hAs7s,1,231938
9c8hAs7s,0.96,232152
Tc8hAs7s,1,234858
Jc8hAs7s,1,234416
Qc8hAs7s,1,230876
Th9hAs7s,1,236173
Jh9hAs7s,1,235832
8d9hAs7s,0.96,232243
Td9hAs7s,1,236085
Jd9hAs7s,1,235767
Qd9hAs7s,0.315,232548
8c9hAs7s,0.96,232243
Tc9hAs7s,1,236085
Jc9hAs7s,1,235767
Qc9hAs7s,0.315,232548
4dThAs7s,1,235788
5dThAs7s,1,235891
8dThAs7s,1,234822
9dThAs7s,1,236073
TdThAs7s,1,239984
4cThAs7s,1,235788
5cThAs7s,1,235891
7cThAs7s,1,236176
8cThAs7s,1,234822
9cThAs7s,1,236073
TcThAs7s,1,239984
4dJhAs7s,1,235420
5dJhAs7s,1,235529
8dJhAs7s,1,234516
9dJhAs7s,1,235994
JdJhAs7s,1,239105
4cJhAs7s,1,235420
5cJhAs7s,1,235529
7cJhAs7s,1,235877
8cJhAs7s,1,234516
9cJhAs7s,1,235994
JcJhAs7s,1,239105
3dQhAs7s,1,232504
4dQhAs7s,1,232194
5dQhAs7s,1,232364
8dQhAs7s,1,231247
3cQhAs7s,1,232504
4cQhAs7s,1,232194
5cQhAs7s,1,232364
8cQhAs7s,1,231247
AdAhAs7s,1,238584
AcAhAs7s,1,238584
4d3dAs7s,0.625,233272
5d3dAs7s,0.615,233296
Td3dAs7s,0.795,235819
Jd3dAs7s,1,235541
Qd3dAs7s,1,232322
4c3dAs7s,0.3937,233272
5c3dAs7s,0.615,233296
7c3dAs7s,1,233348
Tc3dAs7s,0.795,235819
Jc3dAs7s,1,235541
Qc3dAs7s,1,232322
5d4dAs7s,0.34,233137
Td4dAs7s,1,235970
Jd4dAs7s,0.06,234803
Qd4dAs7s,1,232152
3c4dAs7s,0.3937,233272
4c4dAs7s,0.995,233008
5c4dAs7s,0.34,233137
7c4dAs7s,1,233377
Tc4dAs7s,1,235970
Jc4dAs7s,0.06,234803
Qc4dAs7s,1,232152
Td5dAs7s,1,235921
Jd5dAs7s,1,235628
Qd5dAs7s,1,232099
3c5dAs7s,0.615,233296
4c5dAs7s,0.34,233137
5c5dAs7s,1,233194
7c5dAs7s,1,233212
Tc5dAs7s,1,235921
Jc5dAs7s,1,235628
Qc5dAs7s,1,232099
7c6dAs7s,1,233705
9d8dAs7s,1,232381
Td8dAs7s,1,234887
Jd8dAs7s,1,234471
Qd8dAs7s,1,231059
7c8dAs7s,0.27,232261
9c8dAs7s,1,232381
Tc8dAs7s,1,234887
Jc8dAs7s,1,234471
Qc8dAs7s,1,231059
Td9dAs7s,1,236020
Jd9dAs7s,1,235711
7c9dAs7s,1,233486
8c9dAs7s,1,232381
Tc9dAs7s,1,236020
Jc9dAs7s,1,235711
3cTdAs7s,0.795,235819
4cTdAs7s,1,235970
5cTdAs7s,1,235921
7cTdAs7s,1,236011
8cTdAs7s,1,234887
9cTdAs7s,1,236020
TcTdAs7s,1,239931
3cJdAs7s,1,235541
4cJdAs7s,0.06,234803
5cJdAs7s,1,235628
7cJdAs7s,1,235693
8cJdAs7s,1,234471
9cJdAs7s,1,235711
JcJdAs7s,1,238880
3cQdAs7s,1,232322
4cQdAs7s,1,232152
5cQdAs7s,1,232099
7cQdAs7s,1,232318
8cQdAs7s,1,231059
AcAdAs7s,0.735,238027
7c2cAs7s,1,234118
4c3cAs7s,0.625,233272
5c3cAs7s,0.615,233296
7c3cAs7s,1,233348
Tc3cAs7s,0.795,235819
Jc3cAs7s,1,235541
Qc3cAs7s,1,232322
5c4cAs7s,0.34,233137
7c4cAs7s,1,233377
Tc4cAs7s,1,235970
Jc4cAs7s,0.06,234803
Qc4cAs7s,1,232152
7c5cAs7s,1,233212
Tc5cAs7s,1,235921
Jc5cAs7s,1,235628
Qc5cAs7s,1,232099
8c7cAs7s,0.27,232261
9c7cAs7s,1,233486
Tc7cAs7s,1,236011
Jc7cAs7s,1,235693
Qc7cAs7s,1,232318
9c8cAs7s,1,232381
Tc8cAs7s,1,234887
Jc8cAs7s,1,234471
Qc8cAs7s,1,231059
Tc9cAs7s,1,236020
Jc9cAs7s,1,235711
3d7h3h7s,0.485,5782
3c7h3h7s,0.485,5782
4dAh3h7s,1,427
5dAh3h7s,1,269
4cAh3h7s,1,427
5cAh3h7s,1,269
Ad4d3h7s,0.72,452
Ad5d3h7s,1,285
Ac4c3h7s,0.72,452
Ac5c3h7s,1,285
Ah5h4h7s,1,237
6d5h4h7s,1,5575
7c5h4h7s,1,5587
5d6h4h7s,1,4789
5c6h4h7s,1,4789
7c6h4h7s,0.2,4192
5d7h4h7s,1,4704
6d7h4h7s,0.99,5930
5c7h4h7s,1,4704
5d8h4h7s,0.0053,8560
5c8h4h7s,0.0053,8560
3dAh4h7s,0.72,284
4dAh4h7s,0.1748,-43
8dAh4h7s,0.0428,2937
3cAh4h7s,0.72,284
4cAh4h7s,0.1748,-43
8cAh4h7s,0.0428,2937
Ad3d4h7s,1,846
6d5d4h7s,1,5524
8d5d4h7s,0.1323,8202
Ac3c4h7s,1,846
7c5c4h7s,1,5074
8c5c4h7s,0.1323,8202
Ac7c4h7s,1,295
7h6h5h7s,1,4497
9h6h5h7s,0.0033,8848
4d6h5h7s,1,4709
4c6h5h7s,1,4709
7c6h5h7s,1,4902
4d7h5h7s,1,5297
5d7h5h7s,0.04,5154
6d7h5h7s,1,5124
8d7h5h7s,0.99,8406
4c7h5h7s,1,5297
5c7h5h7s,0.04,5154
8c7h5h7s,0.99,8406
4d8h5h7s,0.21,8831
4c8h5h7s,0.21,8831
7c8h5h7s,0.04,11398
9d9h5h7s,1,4639
9c9h5h7s,1,4639
3dAh5h7s,0.245,-111
4dAh5h7s,0.805,11
8dAh5h7s,0.55,2543
3cAh5h7s,0.245,-111
4cAh5h7s,0.805,11
8cAh5h7s,0.55,2543
Ad3d5h7s,1,769
6d4d5h7s,1,5725
Ac3c5h7s,1,769
7c4c5h7s,1,5377
9c7c5h7s,0.0126,7232
Ac7c5h7s,1,295
9h7h6h7s,0.2172,3992
4d7h6h7s,1,4928
5d7h6h7s,1,4412
9d7h6h7s,1,3792
4c7h6h7s,1,4928
5c7h6h7s,1,4412
9c7h6h7s,1,3792
7c9h6h7s,1,4520
5d4d6h7s,1,4595
5c4c6h7s,1,4595
7c4c6h7s,0.37,3790
7c5c6h7s,1,5087
9c7c6h7s,1,4290
Ac7c6h7s,0.0696,-325
9h8h7h7s,0.0038,9902
Th8h7h7s,0.05,3156
5d8h7h7s,1,8007
9d8h7h7s,1,8025
Td8h7h7s,1,2614
Jd8h7h7s,0.81,2792
5c8h7h7s,1,8007
9c8h7h7s,1,8025
Tc8h7h7s,1,2614
Jc8h7h7s,0.81,2792
6d9h7h7s,1,4533
8d9h7h7s,1,8204
Jd9h7h7s,0.005,-75
8c9h7h7s,1,8204
Jc9h7h7s,0.005,-75
8dTh7h7s,1,2577
8cTh7h7s,1,2577
8dJh7h7s,1,2767
9dJh7h7s,0.2448,-146
8cJh7h7s,1,2767
9cJh7h7s,0.2448,-146
5d4d7h7s,1,5282
6d4d7h7s,0.2,4650
Ad4d7h7s,0.045,-59
6d5d7h7s,1,5228
9d6d7h7s,0.555,4808
9d8d7h7s,0.445,8406
Td8d7h7s,1,2568
Jd8d7h7s,0.74,2916
Jd9d7h7s,0.165,-93
9c9d7h7s,0.935,4434
5c4c7h7s,1,5282
Ac4c7h7s,0.045,-59
9c8c7h7s,0.445,8406
Tc8c7h7s,1,2568
Jc8c7h7s,0.74,2916
Jc9c7h7s,0.165,-93
Th9h8h7s,1,2495
Jh9h8h7s,1,2222
9d9h8h7s,0.665,7843
Td9h8h7s,0.48,2473
Jd9h8h7s,0.985,2626
7c9h8h7s,1,7749
9c9h8h7s,0.665,7843
Tc9h8h7s,0.48,2473
Jc9h8h7s,0.985,2626
9dTh8h7s,0.96,2091
7cTh8h7s,1,2678
9cTh8h7s,0.96,2091
9dJh8h7s,1,2410
7cJh8h7s,0.74,3044
9cJh8h7s,1,2410
Jd9d8h7s,0.355,2917
9c7c8h7s,1,8314
Tc7c8h7s,1,2622
Jc7c8h7s,1,3605
Jc9c8h7s,0.355,2917
8dTh9h7s,1,2175
8cTh9h7s,1,2175
8dJh9h7s,1,2781
8cJh9h7s,1,2781
9d5d9h7s,1,4792
9d8d9h7s,1,8551
Jd8d9h7s,1,2779
7c9d9h7s,0.89,5171
9c5c9h7s,1,4792
8c7c9h7s,1,8442
9c7c9h7s,0.89,5171
Jc7c9h7s,1,358
Ac7c9h7s,0.28,-194
9c8c9h7s,1,8551
Jc8c9h7s,1,2779
9d8dTh7s,1,2648
8c7cTh7s,1,3011
9c7cTh7s,0.07,-150
9c8cTh7s,1,2648
9d6dJh7s,0.07,204
9d8dJh7s,1,3135
8c7cJh7s,0.81,2885
9c8cJh7s,1,3135
9c9dAh7s,0.01,1178
4cAd3d7s,1,1015
5cAd3d7s,1,652
Ac4c3d7s,0.72,1015
Ac5c3d7s,1,652
Ac7c3d7s,1,320
Ad5d4d7s,1,419
7c5d4d7s,1,5467
Ac5d4d7s,1,419
5c6d4d7s,1,5565
7c6d4d7s,0.072,5445
5c8d4d7s,0.0096,9491
3cAd4d7s,0.72,1015
5cAd4d7s,1,419
7cAd4d7s,1,431
Ac3c4d7s,1,1015
7c5c4d7s,1,5467
8c5c4d7s,0.1008,9491
Ac5c4d7s,1,419
Ac7c4d7s,1,431
4c6d5d7s,1,5565
7c6d5d7s,1,5857
4c8d5d7s,0.1008,9491
9c9d5d7s,0.725,4597
3cAd5d7s,1,652
4cAd5d7s,1,419
5cAd5d7s,1,166
Ac3c5d7s,1,652
7c4c5d7s,1,5467
8c4c5d7s,0.0096,9491
Ac4c5d7s,1,419
Ac5c5d7s,1,166
7c9d6d7s,0.76,4726
5c4c6d7s,1,5565
7c4c6d7s,0.36,5445
7c5c6d7s,1,5857
9c7c6d7s,0.76,4726
Tc7c6d7s,0.255,-347
Td9d8d7s,1,2479
9c9d8d7s,1,8595
Tc9d8d7s,1,2479
7cTd8d7s,1,3220
9cTd8d7s,1,2479
7cJd8d7s,0.74,3355
Tc7c8d7s,1,3220
Jc7c8d7s,1,3355
Tc9c8d7s,1,2479
8cTd9d7s,1,2479
7cJd9d7s,1,233
9cJd9d7s,0.535,-5
9c5c9d7s,0.725,4597
Jc7c9d7s,1,233
9c8c9d7s,1,8595
Tc8c9d7s,1,2479
Jc9c9d7s,0.535,-5
8c7cTd7s,1,3220
9c8cTd7s,1,2479
8c7cJd7s,0.81,3355
9c7cJd7s,0.99,233
5c4cAd7s,1,419
Ac5c4c7s,1,419
Tc8c7c7s,0.05,3220
Tc9c8c7s,1,2479
3hAsTs9s,1,220693
4hAsTs9s,1,220353
5hAsTs9s,1,219921
7hAsTs9s,1,220743
8hAsTs9s,1,219783
3dAsTs9s,1,220337
4dAsTs9s,1,220204
5dAsTs9s,1,220174
8dAsTs9s,1,220304
9dAsTs9s,1,220785
3cAsTs9s,1,220337
4cAsTs9s,1,220204
5cAsTs9s,1,220174
7cAsTs9s,1,220471
8cAsTs9s,1,220304
9cAsTs9s,1,220785
6h3hTs9s,1,140934
7h3hTs9s,0.665,143162
8h3hTs9s,1,139927
9h3hTs9s,1,143313
Th3hTs9s,1,137859
Ah3hTs9s,0.645,142465
Td3hTs9s,1,138602
Tc3hTs9s,1,138602
5h4hTs9s,0.0085,139296
6h4hTs9s,1,140719
7h4hTs9s,1,143147
8h4hTs9s,1,139563
9h4hTs9s,1,142755
Th4hTs9s,1,137974
Ah4hTs9s,1,142756
Td4hTs9s,1,138323
Tc4hTs9s,1,138323
6h5hTs9s,0.48,140126
7h5hTs9s,1,142815
8h5hTs9s,1,139479
9h5hTs9s,1,142213
Th5hTs9s,1,137542
Ah5hTs9s,1,142856
9d5hTs9s,1,142688
Td5hTs9s,0.31,137543
9c5hTs9s,1,142688
Tc5hTs9s,0.31,137543
7h6hTs9s,1,141106
8h6hTs9s,1,138635
8d6hTs9s,1,140156
7c6hTs9s,1,143151
8c6hTs9s,1,140156
8h7hTs9s,1,140792
9h7hTs9s,1,143361
Th7hTs9s,1,137951
Ah7hTs9s,1,143338
6d7hTs9s,1,142424
8d7hTs9s,1,141998
9d7hTs9s,1,144542
Ad7hTs9s,1,143126
7c7hTs9s,1,144394
8c7hTs9s,1,141998
9c7hTs9s,1,144542
Ac7hTs9s,1,143126
9h8hTs9s,1,140256
Th8hTs9s,1,135323
Ah8hTs9s,1,139844
6d8hTs9s,1,138653
8d8hTs9s,1,138752
9d8hTs9s,1,140828
Ad8hTs9s,1,139812
7c8hTs9s,1,141125
8c8hTs9s,1,138752
9c8hTs9s,1,140828
Ac8hTs9s,1,139812
Ah9hTs9s,1,142888
5d9hTs9s,1,143450
8d9hTs9s,1,141760
Td9hTs9s,1,138898
Ad9hTs9s,1,142597
5c9hTs9s,1,143450
7c9hTs9s,1,143987
8c9hTs9s,1,141760
Tc9hTs9s,1,138898
Ac9hTs9s,1,142597
AhThTs9s,1,137822
2dThTs9s,1,134865
5dThTs9s,0.26,138397
9dThTs9s,1,138951
AdThTs9s,1,138090
2cThTs9s,1,134865
5cThTs9s,0.26,138397
9cThTs9s,1,138951
AcThTs9s,1,138090
9dAhTs9s,1,143297
TdAhTs9s,1,138684
7cAhTs9s,1,144410
9cAhTs9s,1,143297
TcAhTs9s,1,138684
8d2dTs9s,1,138034
9d2dTs9s,1,140353
Td2dTs9s,0.025,135353
Ad2dTs9s,1,139671
Tc2dTs9s,0.025,135353
8d3dTs9s,1,142668
9d3dTs9s,1,144780
Td3dTs9s,1,140066
Tc3dTs9s,1,140066
5d4dTs9s,0.05,143976
8d4dTs9s,1,142346
9d4dTs9s,1,144166
Td4dTs9s,1,139150
Ad4dTs9s,0.04,144618
Tc4dTs9s,1,139150
Ac4dTs9s,0.0328,144618
8d5dTs9s,1,142111
9d5dTs9s,1,143670
Td5dTs9s,0.89,139015
9c5dTs9s,1,143670
Tc5dTs9s,0.89,139015
8d6dTs9s,1,141187
7c6dTs9s,1,143931
8c6dTs9s,1,141187
9d8dTs9s,1,142546
Td8dTs9s,0.515,137496
Ad8dTs9s,1,141730
7c8dTs9s,1,142851
8c8dTs9s,1,140829
9c8dTs9s,1,142546
Tc8dTs9s,0.515,137496
Ac8dTs9s,1,141730
Ad9dTs9s,1,143863
5c9dTs9s,1,143670
7c9dTs9s,1,145015
8c9dTs9s,1,142546
Ac9dTs9s,1,143863
AdTdTs9s,1,138798
2cTdTs9s,0.025,135353
3cTdTs9s,1,140066
4cTdTs9s,1,139150
5cTdTs9s,0.89,139015
8cTdTs9s,0.515,137496
AcTdTs9s,1,138798
4cAdTs9s,0.0328,144618
7cAdTs9s,1,144765
8cAdTs9s,1,141730
9cAdTs9s,1,143863
TcAdTs9s,1,138798
8c2cTs9s,1,138034
9c2cTs9s,1,140353
Tc2cTs9s,0.025,135353
Ac2cTs9s,1,139671
7c3cTs9s,0.995,145845
8c3cTs9s,1,142668
9c3cTs9s,1,144780
Tc3cTs9s,1,140066
5c4cTs9s,0.05,143976
7c4cTs9s,0.39,144709
8c4cTs9s,1,142346
9c4cTs9s,1,144166
Tc4cTs9s,1,139150
Ac4cTs9s,0.04,144618
7c5cTs9s,1,145254
8c5cTs9s,1,142111
9c5cTs9s,1,143670
Tc5cTs9s,0.89,139015
8c7cTs9s,1,142851
9c7cTs9s,1,145015
Ac7cTs9s,1,144765
9c8cTs9s,1,142546
Tc8cTs9s,0.515,137496
Ac8cTs9s,1,141730
Ac9cTs9s,1,143863
AcTcTs9s,1,138798
4hAsJs9s,0.71,217138
5hAsJs9s,1,216790
7hAsJs9s,1,217200
8hAsJs9s,1,215910
9hAsJs9s,0.655,217259
4dAsJs9s,0.71,217118
5dAsJs9s,1,216930
8dAsJs9s,1,216412
9dAsJs9s,1,217481
4cAsJs9s,0.71,217118
5cAsJs9s,1,216930
7cAsJs9s,1,217160
8cAsJs9s,1,216412
9cAsJs9s,1,217481
8h3hJs9s,0.99,185977
9h3hJs9s,1,187996
Jh3hJs9s,1,186695
Ah3hJs9s,1,187891
Jd3hJs9s,0.6,186888
Jc3hJs9s,0.6,186888
5h4hJs9s,0.99,186168
7h4hJs9s,0.64,186872
8h4hJs9s,0.98,185821
9h4hJs9s,1,187002
Jh4hJs9s,1,186295
Ah4hJs9s,0.66,187087
Jd4hJs9s,1,186887
Jc4hJs9s,1,186887
6h5hJs9s,1,186445
7h5hJs9s,1,187449
8h5hJs9s,1,185633
9h5hJs9s,1,187024
Jh5hJs9s,1,186653
Ah5hJs9s,1,187123
9d5hJs9s,1,187322
Jd5hJs9s,0.65,186625
7c5hJs9s,0.0398,185606
9c5hJs9s,1,187322
Jc5hJs9s,0.65,186625
7h6hJs9s,1,186781
8h6hJs9s,1,184725
8d6hJs9s,1,186025
7c6hJs9s,1,187566
8c6hJs9s,1,186025
8h7hJs9s,1,186264
9h7hJs9s,1,187230
Jh7hJs9s,1,186900
Ah7hJs9s,1,187692
6d7hJs9s,1,187367
8d7hJs9s,1,186663
9d7hJs9s,1,188247
Jd7hJs9s,1,187310
Ad7hJs9s,1,187766
7c7hJs9s,1,188283
8c7hJs9s,1,186663
9c7hJs9s,1,188247
Jc7hJs9s,1,187310
Ac7hJs9s,1,187766
9h8hJs9s,1,186456
Jh8hJs9s,1,185666
Ah8hJs9s,1,186164
6d8hJs9s,1,185658
8d8hJs9s,1,185525
9d8hJs9s,1,185942
Jd8hJs9s,1,185964
Ad8hJs9s,1,186290
7c8hJs9s,1,186219
8c8hJs9s,1,185525
9c8hJs9s,1,185942
Jc8hJs9s,1,185964
Ac8hJs9s,1,186290
Jh9hJs9s,1,187888
Ah9hJs9s,1,188360
5d9hJs9s,1,187852
8d9hJs9s,1,186952
Ad9hJs9s,1,188271
5c9hJs9s,1,187852
7c9hJs9s,1,188518
8c9hJs9s,1,186952
Ac9hJs9s,1,188271
AhJhJs9s,1,187007
2dJhJs9s,1,185228
3dJhJs9s,0.27,188573
4dJhJs9s,1,187070
5dJhJs9s,0.11,187206
9dJhJs9s,0.97,187490
AdJhJs9s,1,187526
2cJhJs9s,1,185228
3cJhJs9s,0.27,188573
4cJhJs9s,1,187070
5cJhJs9s,0.11,187206
7cJhJs9s,0.535,187340
9cJhJs9s,0.97,187490
AcJhJs9s,1,187526
5dQhJs9s,0.01,183955
5cQhJs9s,0.01,183955
8dAhJs9s,0.635,187349
9dAhJs9s,1,188040
JdAhJs9s,1,187549
7cAhJs9s,1,188483
8cAhJs9s,0.635,187349
9cAhJs9s,1,188040
JcAhJs9s,1,187549
8d2dJs9s,0.93,185250
9d2dJs9s,1,186152
Ad2dJs9s,1,185926
8d3dJs9s,0.99,188360
9d3dJs9s,1,189323
Jd3dJs9s,1,188437
Jc3dJs9s,1,188437
5d4dJs9s,0.99,187727
8d4dJs9s,0.98,187035
9d4dJs9s,1,188397
Jd4dJs9s,1,187701
Jc4dJs9s,1,187701
8d5dJs9s,1,187197
9d5dJs9s,1,188100
Jd5dJs9s,1,187483
7c5dJs9s,0.05,188348
9c5dJs9s,1,188100
Jc5dJs9s,1,187483
8d6dJs9s,1,186692
7c6dJs9s,1,187616
8c6dJs9s,1,186692
9d8dJs9s,1,187522
Jd8dJs9s,1,186896
Ad8dJs9s,1,187628
7c8dJs9s,1,187443
8c8dJs9s,1,186581
9c8dJs9s,1,187522
Jc8dJs9s,1,186896
Ac8dJs9s,1,187628
Ad9dJs9s,1,188437
5c9dJs9s,1,188100
7c9dJs9s,1,188922
8c9dJs9s,1,187522
Ac9dJs9s,1,188437
AdJdJs9s,1,187771
3cJdJs9s,1,188437
4cJdJs9s,1,187701
5cJdJs9s,1,187483
7cJdJs9s,0.785,187624
8cJdJs9s,1,186896
AcJdJs9s,1,187771
7cAdJs9s,1,188613
8cAdJs9s,1,187628
9cAdJs9s,1,188437
JcAdJs9s,1,187771
8c2cJs9s,0.93,185250
9c2cJs9s,1,186152
Ac2cJs9s,1,185926
8c3cJs9s,0.99,188360
9c3cJs9s,1,189323
Jc3cJs9s,1,188437
5c4cJs9s,0.99,187727
7c4cJs9s,0.64,188684
8c4cJs9s,0.98,187035
9c4cJs9s,1,188397
Jc4cJs9s,1,187701
7c5cJs9s,1,188348
8c5cJs9s,1,187197
9c5cJs9s,1,188100
Jc5cJs9s,1,187483
8c7cJs9s,1,187443
9c7cJs9s,1,188922
Jc7cJs9s,0.785,187624
Ac7cJs9s,1,188613
9c8cJs9s,1,187522
Jc8cJs9s,1,186896
Ac8cJs9s,1,187628
Ac9cJs9s,1,188437
AcJcJs9s,1,187771
4h3hAs9s,1,233736
5h3hAs9s,1,233191
7h3hAs9s,0.705,233673
8h3hAs9s,0.52,232450
9h3hAs9s,1,234176
Th3hAs9s,1,236092
Jh3hAs9s,1,235729
Qh3hAs9s,1,232386
9d3hAs9s,1,234022
Td3hAs9s,1,236128
Qd3hAs9s,1,232164
9c3hAs9s,1,234022
Tc3hAs9s,1,236128
Qc3hAs9s,1,232164
5h4hAs9s,1,233311
7h4hAs9s,0.345,233631
9h4hAs9s,1,234156
Th4hAs9s,1,236158
Jh4hAs9s,1,235932
Qh4hAs9s,1,232573
5d4hAs9s,0.755,233622
Td4hAs9s,1,236109
Qd4hAs9s,1,232375
5c4hAs9s,0.755,233622
Tc4hAs9s,1,236109
Qc4hAs9s,1,232375
8h5hAs9s,0.58,232123
9h5hAs9s,1,234057
Th5hAs9s,1,236059
Jh5hAs9s,1,235650
Qh5hAs9s,1,232627
5d5hAs9s,0.22,232833
Jd5hAs9s,0.31,235495
Qd5hAs9s,1,232270
5c5hAs9s,0.22,232833
Jc5hAs9s,0.31,235495
Qc5hAs9s,1,232270
9h6hAs9s,1,234593
8h7hAs9s,1,232203
9h7hAs9s,0.675,234098
Th7hAs9s,1,236217
Jh7hAs9s,1,235881
Qh7hAs9s,1,232646
Td7hAs9s,1,236393
Jd7hAs9s,1,235845
Qd7hAs9s,1,232514
7c7hAs9s,1,233431
Tc7hAs9s,1,236393
Jc7hAs9s,1,235845
Qc7hAs9s,1,232514
9h8hAs9s,1,232935
Th8hAs9s,1,235174
Jh8hAs9s,1,234580
Qh8hAs9s,1,231400
Td8hAs9s,1,235128
Jd8hAs9s,1,234831
Qd8hAs9s,1,231222
7c8hAs9s,0.565,232210
Tc8hAs9s,1,235128
Jc8hAs9s,1,234831
Qc8hAs9s,1,231222
Th9hAs9s,1,236531
Jh9hAs9s,1,236168
2d9hAs9s,1,235091
3d9hAs9s,0.285,233962
4d9hAs9s,0.04,233669
Td9hAs9s,1,236576
Jd9hAs9s,1,236291
2c9hAs9s,1,235091
3c9hAs9s,0.285,233962
4c9hAs9s,0.04,233669
Tc9hAs9s,1,236576
Jc9hAs9s,1,236291
5dThAs9s,0.655,235971
8dThAs9s,1,235225
9dThAs9s,1,236566
TdThAs9s,1,239709
5cThAs9s,0.655,235971
7cThAs9s,1,236273
8cThAs9s,1,235225
9cThAs9s,1,236566
TcThAs9s,1,239709
5dJhAs9s,0.32,235544
8dJhAs9s,1,235112
9dJhAs9s,1,236403
JdJhAs9s,1,239029
5cJhAs9s,0.32,235544
7cJhAs9s,1,235820
8cJhAs9s,1,235112
9cJhAs9s,1,236403
JcJhAs9s,1,239029
8dQhAs9s,1,231677
8cQhAs9s,1,231677
3dAhAs9s,0.13,236096
3cAhAs9s,0.13,236096
8d2dAs9s,1,234156
9d2dAs9s,1,235137
Td2dAs9s,1,237770
9c2dAs9s,1,235137
Tc2dAs9s,1,237770
9d3dAs9s,1,234031
Td3dAs9s,1,236205
Jd3dAs9s,1,235608
Qd3dAs9s,1,232205
9c3dAs9s,1,234031
Tc3dAs9s,1,236205
Jc3dAs9s,1,235608
Qc3dAs9s,1,232205
5d4dAs9s,1,233384
Td4dAs9s,1,236010
Jd4dAs9s,1,235557
Qd4dAs9s,1,232206
5c4dAs9s,1,233384
Tc4dAs9s,1,236010
Jc4dAs9s,1,235557
Qc4dAs9s,1,232206
9d5dAs9s,0.53,233999
Td5dAs9s,1,235990
Jd5dAs9s,1,235611
Qd5dAs9s,1,232102
4c5dAs9s,1,233384
5c5dAs9s,1,233098
9c5dAs9s,0.53,233999
Tc5dAs9s,1,235990
Jc5dAs9s,1,235611
Qc5dAs9s,1,232102
8d6dAs9s,0.045,233139
7c6dAs9s,0.0025,230858
8c6dAs9s,0.045,233139
9d8dAs9s,0.675,232987
Td8dAs9s,1,235429
Jd8dAs9s,1,234872
Qd8dAs9s,1,231383
7c8dAs9s,0.805,232528
8c8dAs9s,0.795,231592
9c8dAs9s,0.675,232987
Tc8dAs9s,1,235429
Jc8dAs9s,1,234872
Qc8dAs9s,1,231383
Td9dAs9s,1,236787
Jd9dAs9s,1,236313
2c9dAs9s,1,235137
3c9dAs9s,1,234031
5c9dAs9s,0.53,233999
8c9dAs9s,0.675,232987
Tc9dAs9s,1,236787
Jc9dAs9s,1,236313
2cTdAs9s,1,237770
3cTdAs9s,1,236205
4cTdAs9s,1,236010
5cTdAs9s,1,235990
7cTdAs9s,1,236376
8cTdAs9s,1,235429
9cTdAs9s,1,236787
TcTdAs9s,1,240100
3cJdAs9s,1,235608
4cJdAs9s,1,235557
5cJdAs9s,1,235611
7cJdAs9s,1,235932
8cJdAs9s,1,234872
9cJdAs9s,1,236313
JcJdAs9s,1,239068
3cQdAs9s,1,232205
4cQdAs9s,1,232206
5cQdAs9s,1,232102
7cQdAs9s,1,232339
8cQdAs9s,1,231383
7c2cAs9s,1,234775
8c2cAs9s,1,234156
9c2cAs9s,1,235137
Tc2cAs9s,1,237770
9c3cAs9s,1,234031
Tc3cAs9s,1,236205
Jc3cAs9s,1,235608
Qc3cAs9s,1,232205
5c4cAs9s,1,233384
Tc4cAs9s,1,236010
Jc4cAs9s,1,235557
Qc4cAs9s,1,232206
9c5cAs9s,0.53,233999
Tc5cAs9s,1,235990
Jc5cAs9s,1,235611
Qc5cAs9s,1,232102
8c7cAs9s,0.805,232528
Tc7cAs9s,1,236376
Jc7cAs9s,1,235932
Qc7cAs9s,1,232339
9c8cAs9s,0.675,232987
Tc8cAs9s,1,235429
Jc8cAs9s,1,234872
Qc8cAs9s,1,231383
Tc9cAs9s,1,236787
Jc9cAs9s,1,236313
5dAh3h9s,0.38,293
5cAh3h9s,0.38,293
Ad8d3h9s,0.0028,2835
Ad9d3h9s,0.91,196
Ac8c3h9s,0.0028,2835
Ac9c3h9s,0.91,196
5dAh4h9s,1,631
5cAh4h9s,1,631
9d4d4h9s,1,5211
Ad5d4h9s,1,867
9c4c4h9s,1,5211
Ac5c4h9s,1,867
9d7h5h9s,0.89,4580
9c7h5h9s,0.89,4580
7c9h5h9s,1,5190
9dJh5h9s,0.99,486
9cJh5h9s,0.99,486
4dAh5h9s,0.79,1264
5dAh5h9s,1,944
4cAh5h9s,0.79,1264
5cAh5h9s,1,944
Ad3d5h9s,0.38,2012
Ad4d5h9s,1,1444
Td9d5h9s,1,296
Jd9d5h9s,1,728
Ac3c5h9s,0.38,2012
Ac4c5h9s,1,1444
9c7c5h9s,1,5436
Tc9c5h9s,1,296
Jc9c5h9s,1,728
9h8h7h9s,0.185,7547
Th8h7h9s,1,3013
Jh8h7h9s,0.725,4464
Jd8h7h9s,1,3519
7c8h7h9s,1,8515
Jc8h7h9s,1,3519
5d9h7h9s,1,4954
8d9h7h9s,1,8003
Jd9h7h9s,1,60
5c9h7h9s,1,4954
8c9h7h9s,1,8003
Jc9h7h9s,1,60
7cTh7h9s,1,511
9dJh7h9s,1,167
7cJh7h9s,1,1465
9cJh7h9s,1,167
9d5d7h9s,1,4695
9d8d7h9s,0.885,8143
Td8d7h9s,0.905,2722
Jd8d7h9s,1,3794
Jd9d7h9s,1,183
9c5c7h9s,1,4695
8c7c7h9s,1,9039
Tc7c7h9s,1,349
Jc7c7h9s,1,547
Ac7c7h9s,0.875,31
9c8c7h9s,0.885,8143
Tc8c7h9s,0.905,2722
Jc8c7h9s,1,3794
Jc9c7h9s,1,183
Th9h8h9s,1,1923
Jh9h8h9s,1,2161
Td9h8h9s,1,2085
Jd9h8h9s,1,3142
7c9h8h9s,1,8511
Tc9h8h9s,1,2085
Jc9h8h9s,1,3142
9dTh8h9s,1,2373
9cTh8h9s,1,2373
5dJh8h9s,0.01,7850
9dJh8h9s,1,2417
5cJh8h9s,0.01,7850
7cJh8h9s,0.215,4353
9cJh8h9s,1,2417
3dAh8h9s,0.01,2730
3cAh8h9s,0.01,2730
Td9d8h9s,1,2197
Jd9d8h9s,1,2616
Tc9d8h9s,1,2197
Jc9d8h9s,1,2616
9cTd8h9s,1,2197
9cJd8h9s,1,2616
9c7c8h9s,1,7967
Tc7c8h9s,0.995,3973
Jc7c8h9s,0.58,4344
Tc9c8h9s,1,2197
Jc9c8h9s,1,2616
5dTh9h9s,0.3383,-41
8dTh9h9s,1,2204
5cTh9h9s,0.3383,-41
8cTh9h9s,1,2204
5dJh9h9s,1,499
8dJh9h9s,1,2750
5cJh9h9s,1,499
7cJh9h9s,1,457
8cJh9h9s,1,2750
Ad3d9h9s,0.845,1012
Jd5d9h9s,0.99,929
Td8d9h9s,1,2249
Jd8d9h9s,1,2745
Tc8d9h9s,1,2249
Jc8d9h9s,1,2745
7cTd9h9s,0.66,305
8cTd9h9s,1,2249
8cJd9h9s,1,2745
Ac3c9h9s,0.845,1012
7c5c9h9s,0.5963,5655
Jc5c9h9s,0.99,929
Tc7c9h9s,1,305
Jc7c9h9s,1,393
Tc8c9h9s,1,2249
Jc8c9h9s,1,2745
9d6dTh9s,0.0055,-322
9d8dTh9s,1,2153
9c8dTh9s,1,2153
8c9dTh9s,1,2153
8c7cTh9s,1,3833
9c8cTh9s,1,2153
9d8dJh9s,1,2507
9c8dJh9s,1,2507
8c9dJh9s,1,2507
8c7cJh9s,0.315,4141
9c7cJh9s,1,475
9c8cJh9s,1,2507
8c7cAh9s,0.05,2052
5cAd3d9s,0.38,1890
4c9d4d9s,0.308,6592
5cAd4d9s,0.985,1264
9c4c4d9s,0.308,6592
Ac5c4d9s,0.985,1264
7c9d5d9s,0.004,3575
Jc9d5d9s,0.01,854
9cJd5d9s,0.99,854
4cAd5d9s,0.985,1264
Ac3c5d9s,0.38,1890
Ac4c5d9s,0.985,1264
9c7c5d9s,0.004,3575
Tc9c5d9s,1,242
Jc9c5d9s,1,854
Td9d8d9s,1,2252
Jd9d8d9s,1,2893
7c9d8d9s,1,8541
Tc9d8d9s,1,2252
Jc9d8d9s,1,2893
7cTd8d9s,0.21,3993
9cTd8d9s,1,2252
7cJd8d9s,0.125,3812
9cJd8d9s,1,2893
9c7c8d9s,1,8541
Tc7c8d9s,0.21,3993
Jc7c8d9s,0.125,3812
Tc9c8d9s,1,2252
Jc9c8d9s,1,2893
5cTd9d9s,1,242
7cTd9d9s,1,93
8cTd9d9s,1,2252
5cJd9d9s,1,854
7cJd9d9s,1,629
8cJd9d9s,1,2893
7c5c9d9s,0.0035,3575
Jc5c9d9s,0.99,854
8c7c9d9s,1,8541
Tc7c9d9s,1,93
Jc7c9d9s,1,629
Tc8c9d9s,1,2252
Jc8c9d9s,1,2893
8c7cTd9s,0.21,3993
9c7cTd9s,1,93
9c8cTd9s,1,2252
9c5cJd9s,0.01,854
8c7cJd9s,0.125,3812
9c7cJd9s,1,629
9c8cJd9s,1,2893
9c8c7c9s,1,8541
Tc8c7c9s,0.21,3993
Jc8c7c9s,0.125,3812
Tc9c7c9s,1,93
Jc9c7c9s,1,629
Tc9c8c9s,1,2252
Jc9c8c9s,1,2893
7h3hJsTs,1,176016
8h3hJsTs,1,174094
7h4hJsTs,1,175393
8h4hJsTs,1,173634
7h5hJsTs,1,175100
8h5hJsTs,1,173259
8h7hJsTs,1,174355
8d7hJsTs,1,175267
7c7hJsTs,0.43,177131
8c7hJsTs,1,175267
8d8hJsTs,0.995,173703
7c8hJsTs,0.7,175159
8c8hJsTs,0.995,173703
8d5dJsTs,1,175224
8c5dJsTs,0.29,175224
5c8dJsTs,0.29,175224
7c8dJsTs,1,175968
8c5cJsTs,1,175224
8c7cJsTs,1,175968
4h3hAsTs,1,232278
5h3hAsTs,1,231978
7h3hAsTs,1,232976
8h3hAsTs,1,232047
9h3hAsTs,1,232934
Th3hAsTs,1,236080
3d3hAsTs,1,232142
4d3hAsTs,0.23,232500
5d3hAsTs,1,232162
8d3hAsTs,0.805,231994
3c3hAsTs,1,232142
4c3hAsTs,0.23,232500
5c3hAsTs,1,232162
8c3hAsTs,0.805,231994
5h4hAsTs,1,232223
7h4hAsTs,1,232474
8h4hAsTs,1,231841
9h4hAsTs,1,233168
Th4hAsTs,1,236129
3d4hAsTs,0.23,232086
4d4hAsTs,1,232323
5d4hAsTs,1,232113
8d4hAsTs,0.395,232155
Td4hAsTs,1,235886
3c4hAsTs,0.23,232086
4c4hAsTs,1,232323
5c4hAsTs,1,232113
8c4hAsTs,0.395,232155
Tc4hAsTs,1,235886
7h5hAsTs,1,232465
8h5hAsTs,1,231595
9h5hAsTs,1,232623
Th5hAsTs,1,235802
3d5hAsTs,1,232093
4d5hAsTs,1,232192
5d5hAsTs,1,231868
Td5hAsTs,0.4,235691
3c5hAsTs,1,232093
4c5hAsTs,1,232192
5c5hAsTs,1,231868
7c5hAsTs,1,232333
Tc5hAsTs,0.4,235691
8h7hAsTs,1,232043
9h7hAsTs,1,232802
Th7hAsTs,1,236331
4d7hAsTs,1,232402
5d7hAsTs,0.485,231967
8d7hAsTs,1,232168
9d7hAsTs,1,232773
4c7hAsTs,1,232402
5c7hAsTs,0.485,231967
7c7hAsTs,1,232267
8c7hAsTs,1,232168
9c7hAsTs,1,232773
9h8hAsTs,1,232087
Th8hAsTs,1,235621
2d8hAsTs,0.735,233868
8d8hAsTs,1,231761
9d8hAsTs,1,232181
Td8hAsTs,1,235872
2c8hAsTs,0.735,233868
7c8hAsTs,1,231759
8c8hAsTs,1,231761
9c8hAsTs,1,232181
Tc8hAsTs,1,235872
Th9hAsTs,1,236345
2d9hAsTs,0.725,234385
8d9hAsTs,1,232452
9d9hAsTs,1,233037
Td9hAsTs,1,236233
2c9hAsTs,0.725,234385
7c9hAsTs,1,232724
8c9hAsTs,1,232452
9c9hAsTs,1,233037
Tc9hAsTs,1,236233
3dThAsTs,0.065,235833
4dThAsTs,0.685,235846
9dThAsTs,1,236403
3cThAsTs,0.065,235833
4cThAsTs,0.685,235846
9cThAsTs,1,236403
5d2dAsTs,0.04,233950
8d2dAsTs,1,233910
9d2dAsTs,0.975,234413
8c2dAsTs,1,233910
9c2dAsTs,0.975,234413
4d3dAsTs,1,232339
5d3dAsTs,1,232189
Td3dAsTs,0.01,236392
3c3dAsTs,1,232301
4c3dAsTs,0.23,232339
5c3dAsTs,1,232189
Tc3dAsTs,0.01,236392
5d4dAsTs,1,232016
8d4dAsTs,1,231922
Td4dAsTs,1,236025
3c4dAsTs,0.23,232339
4c4dAsTs,1,232245
5c4dAsTs,1,232016
7c4dAsTs,0.98,232193
8c4dAsTs,1,231922
Tc4dAsTs,1,236025
8d5dAsTs,1,231789
9d5dAsTs,1,232383
3c5dAsTs,1,232189
4c5dAsTs,1,232016
5c5dAsTs,1,231949
7c5dAsTs,0.445,232197
8c5dAsTs,1,231789
9c5dAsTs,1,232383
9d8dAsTs,1,232443
Td8dAsTs,1,235807
2c8dAsTs,1,233910
4c8dAsTs,1,231922
5c8dAsTs,1,231789
7c8dAsTs,1,231979
8c8dAsTs,1,231887
9c8dAsTs,1,232443
Tc8dAsTs,1,235807
Td9dAsTs,1,236338
2c9dAsTs,0.975,234413
5c9dAsTs,1,232383
7c9dAsTs,1,232770
8c9dAsTs,1,232443
9c9dAsTs,0.99,232956
Tc9dAsTs,1,236338
3cTdAsTs,0.01,236392
4cTdAsTs,1,236025
7cTdAsTs,1,236201
8cTdAsTs,1,235807
9cTdAsTs,1,236338
5c2cAsTs,0.04,233950
7c2cAsTs,0.99,234378
8c2cAsTs,1,233910
9c2cAsTs,0.975,234413
4c3cAsTs,1,232339
5c3cAsTs,1,232189
Tc3cAsTs,0.01,236392
5c4cAsTs,1,232016
7c4cAsTs,0.98,232193
8c4cAsTs,1,231922
Tc4cAsTs,1,236025
7c5cAsTs,0.445,232197
8c5cAsTs,1,231789
9c5cAsTs,1,232383
8c7cAsTs,1,231979
9c7cAsTs,1,232770
Tc7cAsTs,1,236201
9c8cAsTs,1,232443
Tc8cAsTs,1,235807
Tc9cAsTs,1,236338
4dAh3hTs,0.4234,102
4cAh3hTs,0.4234,102
Ad4d3hTs,0.97,254
Ad5d3hTs,0.87,86
Ac4c3hTs,0.97,254
Ac5c3hTs,0.87,86
Ad3d4hTs,0.98,171
Ad5d4hTs,0.02,-257
QdJd4hTs,0.0084,-486
Ac3c4hTs,0.98,171
Ac5c4hTs,0.02,-257
QcJc4hTs,0.0084,-486
Ad3d5hTs,1,211
Ad5d5hTs,0.705,110
Jd9d5hTs,0.455,-29
Ac3c5hTs,1,211
Ac5c5hTs,0.705,110
Jc9c5hTs,0.455,-29
Jh8h7hTs,1,890
Jd8h7hTs,1,743
7c8h7hTs,1,6233
Jc8h7hTs,1,743
9d9h7hTs,1,3264
7c9h7hTs,1,4184
9c9h7hTs,1,3264
8dJh7hTs,1,627
8cJh7hTs,1,627
9c9d7hTs,0.66,3305
8c7c7hTs,1,6295
9c7c7hTs,1,4235
Jh9h8hTs,0.365,401
9d9h8hTs,1,5195
Jd9h8hTs,0.58,65
9c9h8hTs,1,5195
Jc9h8hTs,0.58,65
9dJh8hTs,1,445
7cJh8hTs,1,1156
9cJh8hTs,1,445
Jd9d8hTs,1,333
9c9d8hTs,1,5147
Jc9d8hTs,1,333
9cJd8hTs,1,333
Jc9c8hTs,1,333
5dJh9hTs,0.085,-99
8dJh9hTs,0.75,147
5cJh9hTs,0.085,-99
8cJh9hTs,0.75,147
9d8d9hTs,1,4834
Jd8d9hTs,0.955,71
9c8d9hTs,1,4834
Jc8d9hTs,0.955,71
7c9d9hTs,0.66,3496
8c9d9hTs,1,4834
8cJd9hTs,0.955,71
9c7c9hTs,1,3496
9c8c9hTs,1,4834
Jc8c9hTs,0.955,71
9d8dJhTs,1,626
9c8dJhTs,1,626
8c9dJhTs,1,626
8c7cJhTs,0.555,1650
9c8cJhTs,1,626
4cAd3dTs,0.98,199
5cAd3dTs,1,275
Ac4c3dTs,0.97,199
Ac5c3dTs,1,275
3cAd4dTs,0.97,199
5cAd4dTs,1,103
Ac3c4dTs,0.98,199
Ac5c4dTs,1,103
QdJd5dTs,0.1316,138
QcJd5dTs,0.1316,138
JcQd5dTs,0.1316,138
3cAd5dTs,1,275
4cAd5dTs,1,103
Ac3c5dTs,1,275
Ac4c5dTs,1,103
QcJc5dTs,0.1316,138
Jd9d8dTs,1,455
9c9d8dTs,1,5158
Jc9d8dTs,1,455
7cTd8dTs,0.0066,-489
7cJd8dTs,1,1171
9cJd8dTs,1,455
Tc7c8dTs,0.0066,-489
Jc7c8dTs,1,1171
Jc9c8dTs,1,455
8cJd9dTs,1,455
9c7c9dTs,1,3611
9c8c9dTs,1,5158
Jc8c9dTs,1,455
8c7cTdTs,0.0066,-489
5cQdJdTs,0.1316,138
Qc5cJdTs,0.1316,138
8c7cJdTs,1,1171
9c8cJdTs,1,455
Jc5cQdTs,0.1316,138
QcJc5cTs,0.1316,138
Tc8c7cTs,0.0066,-489
Jc8c7cTs,1,1171
Jc9c8cTs,1,455
4h3hAsJs,1,229859
5h3hAsJs,1,229498
7h3hAsJs,1,229833
8h3hAsJs,1,229019
9h3hAsJs,1,229632
Jh3hAsJs,1,232957
3d3hAsJs,1,229678
4d3hAsJs,1,229844
5d3hAsJs,1,229491
8d3hAsJs,0.955,228984
9d3hAsJs,1,229770
3c3hAsJs,1,229678
4c3hAsJs,1,229844
5c3hAsJs,1,229491
8c3hAsJs,0.955,228984
9c3hAsJs,1,229770
5h4hAsJs,1,229404
7h4hAsJs,1,229649
8h4hAsJs,1,228716
9h4hAsJs,1,229889
Jh4hAsJs,1,232984
3d4hAsJs,1,229866
4d4hAsJs,1,229505
5d4hAsJs,1,229475
8d4hAsJs,1,228897
9d4hAsJs,0.58,229777
3c4hAsJs,1,229866
4c4hAsJs,1,229505
5c4hAsJs,1,229475
7c4hAsJs,0.795,229389
8c4hAsJs,1,228897
9c4hAsJs,0.58,229777
7h5hAsJs,1,229370
8h5hAsJs,1,228104
9h5hAsJs,1,229142
Jh5hAsJs,1,232942
3d5hAsJs,1,229635
4d5hAsJs,1,229329
5d5hAsJs,1,229215
8d5hAsJs,0.52,228308
9d5hAsJs,1,229391
3c5hAsJs,1,229635
4c5hAsJs,1,229329
5c5hAsJs,1,229215
7c5hAsJs,1,229148
8c5hAsJs,0.52,228308
9c5hAsJs,1,229391
8h7hAsJs,1,228531
9h7hAsJs,1,229313
Jh7hAsJs,1,233238
4d7hAsJs,0.375,229238
5d7hAsJs,0.47,229350
8d7hAsJs,1,228371
9d7hAsJs,1,229732
4c7hAsJs,0.375,229238
5c7hAsJs,0.47,229350
7c7hAsJs,1,229327
8c7hAsJs,1,228371
9c7hAsJs,1,229732
9h8hAsJs,1,228674
Jh8hAsJs,1,232347
2d8hAsJs,0.01,231705
3d8hAsJs,1,228603
4d8hAsJs,0.785,228404
5d8hAsJs,1,228261
8d8hAsJs,1,227825
9d8hAsJs,1,228723
2c8hAsJs,0.01,231705
3c8hAsJs,1,228603
4c8hAsJs,0.785,228404
5c8hAsJs,1,228261
7c8hAsJs,1,228246
8c8hAsJs,1,227825
9c8hAsJs,1,228723
Jh9hAsJs,1,232990
2d9hAsJs,0.98,231054
4d9hAsJs,1,229599
5d9hAsJs,0.585,229601
8d9hAsJs,1,228979
9d9hAsJs,0.945,229949
Jd9hAsJs,0.585,232905
2c9hAsJs,0.98,231054
4c9hAsJs,1,229599
5c9hAsJs,0.585,229601
7c9hAsJs,1,229383
8c9hAsJs,1,228979
9c9hAsJs,0.945,229949
Jc9hAsJs,0.585,232905
8d2dAsJs,0.01,230467
9d2dAsJs,1,230930
8c2dAsJs,0.0001,230467
9c2dAsJs,1,230930
4d3dAsJs,1,229869
5d3dAsJs,1,229667
9d3dAsJs,1,229969
3c3dAsJs,0.47,229869
4c3dAsJs,1,229869
5c3dAsJs,1,229667
7c3dAsJs,0.7987,229715
9c3dAsJs,1,229969
5d4dAsJs,1,229443
8d4dAsJs,1,228683
9d4dAsJs,1,229974
Jd4dAsJs,0.235,233062
3c4dAsJs,1,229869
4c4dAsJs,1,229783
5c4dAsJs,1,229443
7c4dAsJs,1,229595
8c4dAsJs,1,228683
9c4dAsJs,1,229974
Jc4dAsJs,0.235,233062
8d5dAsJs,1,228661
9d5dAsJs,1,229592
3c5dAsJs,1,229667
4c5dAsJs,1,229443
5c5dAsJs,1,229581
7c5dAsJs,0.94,229465
8c5dAsJs,1,228661
9c5dAsJs,1,229592
9d8dAsJs,1,228806
Jd8dAsJs,0.24,231987
2c8dAsJs,0.0001,230467
4c8dAsJs,1,228683
5c8dAsJs,1,228661
7c8dAsJs,1,228667
8c8dAsJs,1,227800
9c8dAsJs,1,228806
Jc8dAsJs,0.24,231987
Jd9dAsJs,1,233185
2c9dAsJs,1,230930
3c9dAsJs,1,229969
4c9dAsJs,1,229974
5c9dAsJs,1,229592
7c9dAsJs,1,229494
8c9dAsJs,1,228806
9c9dAsJs,1,229760
Jc9dAsJs,1,233185
4cJdAsJs,0.235,233062
8cJdAsJs,0.24,231987
9cJdAsJs,1,233185
8c2cAsJs,0.01,230467
9c2cAsJs,1,230930
4c3cAsJs,1,229869
5c3cAsJs,1,229667
7c3cAsJs,0.815,229715
9c3cAsJs,1,229969
5c4cAsJs,1,229443
7c4cAsJs,1,229595
8c4cAsJs,1,228683
9c4cAsJs,1,229974
Jc4cAsJs,0.235,233062
7c5cAsJs,0.94,229465
8c5cAsJs,1,228661
9c5cAsJs,1,229592
8c7cAsJs,1,228667
9c7cAsJs,1,229494
9c8cAsJs,1,228806
Jc8cAsJs,0.24,231987
Jc9cAsJs,1,233185
Jh9h3hJs,0.015,-424
QhTh3hJs,1,2170
QdTh3hJs,1,2951
QcTh3hJs,1,2951
TdQh3hJs,1,2394
TcQh3hJs,1,2394
Ad4d3hJs,1,980
Jd5d3hJs,1,261
Ad5d3hJs,1,1129
QdTd3hJs,1,3032
Ac4c3hJs,1,980
Jc5c3hJs,1,261
Ac5c3hJs,1,1129
QcTc3hJs,1,3032
Ah5h4hJs,1,1932
Jd5h4hJs,0.99,145
Jc5h4hJs,0.99,145
QhTh4hJs,1,2074
9dTh4hJs,0.1255,1897
QdTh4hJs,1,2642
9cTh4hJs,0.1255,1897
QcTh4hJs,1,2642
5dQh4hJs,0.0002,26853
TdQh4hJs,1,2061
5cQh4hJs,0.0002,26853
TcQh4hJs,1,2061
3dAh4hJs,0.425,795
3cAh4hJs,0.425,795
Ad3d4hJs,1,972
Jd5d4hJs,0.61,45
Ad5d4hJs,1,996
Td9d4hJs,0.7,2375
QdTd4hJs,0.644,3318
Ac3c4hJs,1,972
Jc5c4hJs,0.61,45
Ac5c4hJs,1,996
Tc9c4hJs,0.7,2375
QcTc4hJs,0.644,3318
Jh7h5hJs,0.065,2302
Jh9h5hJs,0.355,-157
9d9h5hJs,0.0068,5913
9c9h5hJs,0.0068,5913
QhTh5hJs,0.485,1804
QdTh5hJs,1,2960
QcTh5hJs,1,2960
3dJh5hJs,0.34,-50
4dJh5hJs,1,442
5dJh5hJs,0.34,1033
9dJh5hJs,0.29,-218
3cJh5hJs,0.34,-50
4cJh5hJs,1,442
5cJh5hJs,0.34,1033
9cJh5hJs,0.29,-218
TdQh5hJs,1,2912
TcQh5hJs,1,2912
5dAh5hJs,0.0137,-146
5cAh5hJs,0.0137,-146
Jd3d5hJs,1,368
Ad3d5hJs,1,1557
Jd4d5hJs,1,891
Qd4d5hJs,0.0092,9462
Ad4d5hJs,1,858
Ad5d5hJs,1,902
Td8d5hJs,0.0051,7622
Td9d5hJs,0.78,3094
Jd9d5hJs,0.168,-94
Jc9d5hJs,0.1562,-94
QdTd5hJs,1,3504
9cJd5hJs,0.1562,-94
Jc3c5hJs,1,368
Ac3c5hJs,1,1557
Jc4c5hJs,1,891
Qc4c5hJs,0.0092,9462
Ac4c5hJs,1,858
Ac5c5hJs,1,902
Tc8c5hJs,0.0051,7622
Tc9c5hJs,0.78,3094
Jc9c5hJs,0.168,-94
QcTc5hJs,1,3504
Td7h6hJs,0.93,977
Tc7h6hJs,0.93,977
7cTh6hJs,0.95,1777
9h8h7hJs,0.46,9510
Th8h7hJs,1,4573
Jh8h7hJs,1,1565
Ah8h7hJs,1,2189
Td8h7hJs,1,4848
Jd8h7hJs,1,1660
7c8h7hJs,0.81,10441
Tc8h7hJs,1,4848
Jc8h7hJs,1,1660
Th9h7hJs,1,2321
9d9h7hJs,1,6967
Td9h7hJs,1,1778
Jd9h7hJs,1,115
Qd9h7hJs,0.005,11970
Ad9h7hJs,0.75,23
7c9h7hJs,0.99,6823
9c9h7hJs,1,6967
Tc9h7hJs,1,1778
Jc9h7hJs,1,115
Qc9h7hJs,0.005,11970
Ac9h7hJs,0.75,23
QhTh7hJs,0.07,3060
8dTh7hJs,1,4814
9dTh7hJs,1,2423
QdTh7hJs,1,3421
7cTh7hJs,1,3215
8cTh7hJs,1,4814
9cTh7hJs,1,2423
QcTh7hJs,1,3421
8dJh7hJs,0.96,1557
7cJh7hJs,1,189
8cJh7hJs,0.96,1557
TdQh7hJs,1,2298
TcQh7hJs,1,2298
8dAh7hJs,1,1884
9dAh7hJs,0.2412,-37
7cAh7hJs,0.04,-125
8cAh7hJs,1,1884
9cAh7hJs,0.2412,-37
Td6d7hJs,0.8075,2750
Td8d7hJs,1,4983
Ad8d7hJs,0.7,3215
Td9d7hJs,1,2349
Ad9d7hJs,1,654
Tc9d7hJs,0.13,2349
9cTd7hJs,0.13,2349
7cJd7hJs,0.97,165
8c7c7hJs,0.81,9788
9c7c7hJs,0.99,7276
Tc7c7hJs,1,2736
Jc7c7hJs,0.97,165
Qc7c7hJs,0.43,8476
Ac7c7hJs,1,977
Tc8c7hJs,1,4983
Ac8c7hJs,0.7,3215
Tc9c7hJs,1,2349
Ac9c7hJs,1,654
Th9h8hJs,1,4970
Jh9h8hJs,1,1279
Ah9h8hJs,1,1742
9d9h8hJs,1,9003
Td9h8hJs,1,4685
Jd9h8hJs,1,1072
9c9h8hJs,1,9003
Tc9h8hJs,1,4685
Jc9h8hJs,1,1072
9dTh8hJs,1,4313
7cTh8hJs,1,5304
9cTh8hJs,1,4313
9dJh8hJs,0.555,1110
9cJh8hJs,0.555,1110
9dAh8hJs,1,1799
7cAh8hJs,1,1815
9cAh8hJs,1,1799
Jd3d8hJs,0.0033,-731
Td9d8hJs,1,4951
Jd9d8hJs,1,1528
9c9d8hJs,1,8922
Tc9d8hJs,1,4951
Jc9d8hJs,1,1528
9cTd8hJs,1,4951
9cJd8hJs,1,1528
Jc3c8hJs,0.0033,-731
Tc7c8hJs,1,5399
Ac7c8hJs,0.53,2681
Tc9c8hJs,1,4951
Jc9c8hJs,1,1528
4dTh9hJs,0.7,2275
5dTh9hJs,0.78,2920
8dTh9hJs,1,4409
9dTh9hJs,1,2406
4cTh9hJs,0.7,2275
5cTh9hJs,0.78,2920
7cTh9hJs,1,2570
8cTh9hJs,1,4409
9cTh9hJs,1,2406
3dJh9hJs,0.31,-123
8dJh9hJs,1,1021
3cJh9hJs,0.31,-123
7cJh9hJs,0.03,2042
8cJh9hJs,1,1021
8dAh9hJs,1,1228
8cAh9hJs,1,1228
Td4d9hJs,0.1053,1976
9d5d9hJs,0.01,7605
9d8d9hJs,1,8441
Td8d9hJs,1,4557
Jd8d9hJs,1,1344
Ad8d9hJs,0.155,2222
9c8d9hJs,1,8441
Tc8d9hJs,1,4557
Jc8d9hJs,1,1344
Ac8d9hJs,0.155,2222
Td9d9hJs,1,2285
8c9d9hJs,1,8441
Tc9d9hJs,1,2285
7cTd9hJs,0.13,2930
8cTd9hJs,1,4557
9cTd9hJs,1,2285
8cJd9hJs,1,1344
8cAd9hJs,0.155,2222
Tc4c9hJs,0.1053,1976
9c5c9hJs,0.01,7605
9c7c9hJs,1,6705
Tc7c9hJs,1,2930
Ac7c9hJs,0.345,752
9c8c9hJs,1,8441
Tc8c9hJs,1,4557
Jc8c9hJs,1,1344
Ac8c9hJs,0.155,2222
Tc9c9hJs,1,2285
3dQhThJs,1,2864
4dQhThJs,1,2251
5dQhThJs,1,2520
3cQhThJs,1,2864
4cQhThJs,1,2251
5cQhThJs,1,2520
7cQhThJs,0.34,3087
Qd3dThJs,1,3729
Qd4dThJs,1,3232
Qd5dThJs,0.0324,3351
9d8dThJs,1,4859
9c8dThJs,1,4859
7c9dThJs,0.13,2918
8c9dThJs,1,4859
9c9dThJs,1,2486
Qc3cThJs,1,3729
Qc4cThJs,1,3232
Qc5cThJs,0.0324,3351
8c7cThJs,1,5196
9c7cThJs,1,2918
9c8cThJs,1,4859
9d3dJhJs,0.005,4344
9d8dJhJs,1,1291
7c8dJhJs,0.6,2196
9c8dJhJs,1,1291
8c9dJhJs,1,1291
9c3cJhJs,0.005,4344
8c7cJhJs,0.6,2196
9c8cJhJs,1,1291
Td3dQhJs,1,2352
Td4dQhJs,0.2366,1607
Tc3cQhJs,1,2352
Tc4cQhJs,0.2366,1607
9d8dAhJs,1,1430
9c8dAhJs,1,1430
8c9dAhJs,1,1430
7c5cAhJs,0.2891,650
8c7cAhJs,1,1577
9c7cAhJs,1,368
9c8cAhJs,1,1430
QdTd3dJs,1,3228
QcTd3dJs,1,3228
5cJd3dJs,1,157
TcQd3dJs,1,3228
4cAd3dJs,1,980
5cAd3dJs,1,1124
Ac4c3dJs,1,980
Jc5c3dJs,1,157
Ac5c3dJs,1,1124
QcTc3dJs,1,3228
Jd5d4dJs,0.4109,-49
Ad5d4dJs,1,562
Jc5d4dJs,0.4109,-49
QdTd4dJs,1,3096
9cTd4dJs,0.1293,2085
QcTd4dJs,1,3096
5cJd4dJs,0.415,-49
5cQd4dJs,0.0039,7265
TcQd4dJs,1,3096
3cAd4dJs,1,980
5cAd4dJs,1,562
Ac3c4dJs,1,980
Jc5c4dJs,0.415,-49
Ac5c4dJs,1,562
Tc9c4dJs,0.6965,2085
QcTc4dJs,1,3096
9c9d5dJs,0.0048,5658
QdTd5dJs,1,3214
QcTd5dJs,1,3214
3cJd5dJs,1,157
4cJd5dJs,0.415,-49
TcQd5dJs,1,3214
3cAd5dJs,1,1124
4cAd5dJs,1,562
Jc3c5dJs,1,157
Ac3c5dJs,1,1124
Jc4c5dJs,0.415,-49
Qc4c5dJs,0.0039,7265
Ac4c5dJs,1,562
Tc9c5dJs,0.78,2696
QcTc5dJs,1,3214
7cTd6dJs,0.95,2642
Tc7c6dJs,1,2642
Td9d8dJs,1,4658
Jd9d8dJs,1,1606
Ad9d8dJs,0.9,2479
9c9d8dJs,1,8915
Tc9d8dJs,1,4658
Jc9d8dJs,1,1606
Ac9d8dJs,0.9,2479
7cTd8dJs,1,5332
9cTd8dJs,1,4658
9cJd8dJs,1,1606
7cAd8dJs,0.915,3073
9cAd8dJs,0.9,2479
Tc7c8dJs,1,5332
Ac7c8dJs,0.915,3073
Tc9c8dJs,1,4658
Jc9c8dJs,1,1606
Ac9c8dJs,0.9,2479
4cTd9dJs,0.6965,2085
5cTd9dJs,0.78,2696
7cTd9dJs,1,2631
8cTd9dJs,1,4658
9cTd9dJs,1,2256
7cJd9dJs,0.985,70
8cJd9dJs,1,1606
7cAd9dJs,0.0144,244
8cAd9dJs,0.9,2479
Tc4c9dJs,0.1293,2085
9c5c9dJs,0.0048,5658
9c7c9dJs,1,7242
Tc7c9dJs,1,2631
Jc7c9dJs,0.985,70
Ac7c9dJs,0.0144,244
9c8c9dJs,1,8915
Tc8c9dJs,1,4658
Jc8c9dJs,1,1606
Ac8c9dJs,0.9,2479
Tc9c9dJs,1,2256
3cQdTdJs,1,3228
4cQdTdJs,1,3096
5cQdTdJs,1,3214
Qc3cTdJs,1,3228
Qc4cTdJs,1,3096
Qc5cTdJs,1,3214
8c7cTdJs,1,5332
9c7cTdJs,1,2631
9c8cTdJs,1,4658
5c4cJdJs,0.4109,-49
9c7cJdJs,0.985,70
9c8cJdJs,1,1606
Tc3cQdJs,1,3228
Tc4cQdJs,1,3096
Tc5cQdJs,1,3214
8c7cAdJs,0.915,3073
9c7cAdJs,0.0144,244
9c8cAdJs,0.9,2479
QcTc3cJs,1,3228
Jc5c4cJs,0.4109,-49
Ac5c4cJs,1,562
QcTc4cJs,1,3096
QcTc5cJs,1,3214
Tc8c7cJs,1,5332
Ac8c7cJs,0.915,3073
Tc9c7cJs,1,2631
Jc9c7cJs,0.985,70
Ac9c7cJs,0.0144,244
Tc9c8cJs,1,4658
Jc9c8cJs,1,1606
Ac9c8cJs,0.9,2479
Ad4h3hAs,0.85,5979
Ac4h3hAs,0.85,5979
Ad5h3hAs,1,6633
Ac5h3hAs,1,6633
Ah7h3hAs,0.59,6124
Ad7h3hAs,1,6199
Ac7h3hAs,1,6199
Ah8h3hAs,1,7992
Ah9h3hAs,1,5795
Ad9h3hAs,1,5650
Ac9h3hAs,1,5650
JhTh3hAs,0.025,1689
AhTh3hAs,0.99,70
AdTh3hAs,1,164
AcTh3hAs,1,164
AhJh3hAs,1,1395
TdJh3hAs,0.67,470
AdJh3hAs,1,526
TcJh3hAs,0.67,470
AcJh3hAs,1,526
AhQh3hAs,1,7217
5dQh3hAs,1,13331
5cQh3hAs,1,13331
2dAh3hAs,1,4373
3dAh3hAs,1,6937
4dAh3hAs,1,6588
5dAh3hAs,1,6825
JdAh3hAs,0.295,-93
QdAh3hAs,0.23,7365
AdAh3hAs,0.28,165
2cAh3hAs,1,4373
3cAh3hAs,1,6937
4cAh3hAs,1,6588
5cAh3hAs,1,6825
JcAh3hAs,0.295,-93
QcAh3hAs,0.23,7365
AcAh3hAs,0.28,165
Ad4d3hAs,1,6653
Ac4d3hAs,1,6653
Qd5d3hAs,1,14065
Ad9d3hAs,1,5666
Ac9d3hAs,1,5666
AdTd3hAs,1,480
AcTd3hAs,1,480
AdJd3hAs,1,1010
AcJd3hAs,1,1010
4cAd3hAs,1,6653
7cAd3hAs,1,6713
9cAd3hAs,1,5666
TcAd3hAs,1,480
JcAd3hAs,1,1010
Ac4c3hAs,1,6653
Qc5c3hAs,1,14065
Ac7c3hAs,1,6713
Ac9c3hAs,1,5666
AcTc3hAs,1,480
AcJc3hAs,1,1010
Qh5h4hAs,1,12415
Qd5h4hAs,1,13276
Qc5h4hAs,1,13276
Ad7h4hAs,0.985,5890
Ac7h4hAs,0.985,5890
Ad9h4hAs,1,5124
Ac9h4hAs,1,5124
AdTh4hAs,0.275,-127
AcTh4hAs,0.275,-127
AhJh4hAs,1,561
TdJh4hAs,0.735,216
AdJh4hAs,1,170
TcJh4hAs,0.735,216
AcJh4hAs,1,170
AhQh4hAs,0.69,7109
2dAh4hAs,1,4111
3dAh4hAs,0.795,6267
4dAh4hAs,1,6325
5dAh4hAs,1,6314
9dAh4hAs,0.505,5009
JdAh4hAs,1,50
QdAh4hAs,1,7258
2cAh4hAs,1,4111
3cAh4hAs,0.795,6267
4cAh4hAs,1,6325
5cAh4hAs,1,6314
9cAh4hAs,0.505,5009
JcAh4hAs,1,50
QcAh4hAs,1,7258
Ad3d4hAs,1,6280
Ac3d4hAs,1,6280
Qd5d4hAs,1,13407
Ad9d4hAs,1,5321
Ac9d4hAs,1,5321
JdTd4hAs,1,523
AdTd4hAs,0.295,-116
JcTd4hAs,0.99,523
AcTd4hAs,0.295,-116
AdJd4hAs,1,586
TcJd4hAs,0.99,523
AcJd4hAs,1,586
3cAd4hAs,1,6280
7cAd4hAs,1,6020
9cAd4hAs,1,5321
TcAd4hAs,0.295,-116
JcAd4hAs,1,586
Ac3c4hAs,1,6280
Qc5c4hAs,1,13407
Ac7c4hAs,1,6020
Ac9c4hAs,1,5321
JcTc4hAs,1,523
AcTc4hAs,0.295,-116
AcJc4hAs,1,586
Ah8h5hAs,1,8318
JhTh5hAs,1,504
JdTh5hAs,0.38,774
AdTh5hAs,0.7,114
JcTh5hAs,0.38,774
AcTh5hAs,0.7,114
AhJh5hAs,0.745,8
TdJh5hAs,1,482
AdJh5hAs,1,641
TcJh5hAs,1,482
AcJh5hAs,1,641
3dQh5hAs,0.285,13628
3cQh5hAs,0.285,13628
2dAh5hAs,1,4356
3dAh5hAs,0.61,6037
4dAh5hAs,0.96,6504
5dAh5hAs,1,6487
9dAh5hAs,0.535,5243
QdAh5hAs,1,7299
2cAh5hAs,1,4356
3cAh5hAs,0.61,6037
4cAh5hAs,0.96,6504
5cAh5hAs,1,6487
9cAh5hAs,0.535,5243
QcAh5hAs,1,7299
Qd3d5hAs,1,13709
Ad3d5hAs,0.39,6151
Ac3d5hAs,0.39,6151
Qd4d5hAs,1,13585
Ad9d5hAs,1,5349
Ac9d5hAs,1,5349
JdTd5hAs,0.095,635
AdTd5hAs,0.66,51
JcTd5hAs,0.095,635
AcTd5hAs,0.66,51
AdJd5hAs,1,558
TcJd5hAs,0.095,635
AcJd5hAs,1,558
3cAd5hAs,0.39,6151
7cAd5hAs,1,6264
9cAd5hAs,1,5349
TcAd5hAs,0.66,51
JcAd5hAs,1,558
Qc3c5hAs,1,13709
Ac3c5hAs,0.39,6151
Qc4c5hAs,1,13585
Ac7c5hAs,1,6264
Ac9c5hAs,1,5349
JcTc5hAs,0.095,635
AcTc5hAs,0.66,51
AcJc5hAs,1,558
Ah8h7hAs,0.01,13516
7c8h7hAs,0.885,13640
Ah9h7hAs,0.075,5524
Ad9h7hAs,1,5536
7c9h7hAs,0.025,10859
Ac9h7hAs,1,5536
JdTh7hAs,1,57
7cTh7hAs,1,5831
JcTh7hAs,1,57
AhJh7hAs,0.23,-140
TdJh7hAs,0.315,-26
AdJh7hAs,0.48,-36
7cJh7hAs,1,5682
TcJh7hAs,0.315,-26
AcJh7hAs,0.48,-36
AhQh7hAs,0.36,6345
7cQh7hAs,0.1375,12970
2dAh7hAs,0.15,3096
QdAh7hAs,0.39,6791
2cAh7hAs,0.15,3096
7cAh7hAs,1,5840
QcAh7hAs,0.39,6791
Ad3d7hAs,1,6041
Ac3d7hAs,1,6041
Ad4d7hAs,1,6307
Ac4d7hAs,1,6307
Ad5d7hAs,1,6237
Ac5d7hAs,1,6237
Ad9d7hAs,1,5501
9c9d7hAs,0.0068,11339
Ac9d7hAs,1,5501
JdTd7hAs,1,156
7cTd7hAs,0.01,4945
JcTd7hAs,1,156
AdJd7hAs,0.175,-44
TcJd7hAs,1,156
AcJd7hAs,0.175,-44
3cAd7hAs,1,6041
4cAd7hAs,1,6307
5cAd7hAs,1,6237
9cAd7hAs,1,5501
JcAd7hAs,0.175,-44
Ac3c7hAs,1,6041
Ac4c7hAs,1,6307
Ac5c7hAs,1,6237
8c7c7hAs,0.51,14678
Tc7c7hAs,1,4945
Jc7c7hAs,1,6159
Qc7c7hAs,1,13746
Ac9c7hAs,1,5501
JcTc7hAs,1,156
AcJc7hAs,0.175,-44
Ah9h8hAs,0.98,6726
JhTh8hAs,1,1941
JdTh8hAs,1,1636
JcTh8hAs,1,1636
TdJh8hAs,1,1970
JdJh8hAs,0.0043,4186
TcJh8hAs,1,1970
JcJh8hAs,0.0043,4186
JdTd8hAs,1,2179
JcTd8hAs,1,2179
TcJd8hAs,1,2179
JcTc8hAs,1,2179
9dTh9hAs,1,4350
9cTh9hAs,1,4350
9dJh9hAs,1,4865
9cJh9hAs,1,4865
2dAh9hAs,0.605,2550
3dAh9hAs,1,5038
4dAh9hAs,0.555,4830
9dAh9hAs,1,3883
2cAh9hAs,0.605,2550
3cAh9hAs,1,5038
4cAh9hAs,0.555,4830
9cAh9hAs,1,3883
Ad3d9hAs,1,5478
Ac3d9hAs,1,5478
Ad4d9hAs,1,5563
Ac4d9hAs,1,5563
Ad5d9hAs,1,5363
Ac5d9hAs,1,5363
Td9d9hAs,1,4122
Jd9d9hAs,1,5019
Tc9d9hAs,1,4122
Jc9d9hAs,1,5019
9cTd9hAs,1,4122
9cJd9hAs,1,5019
3cAd9hAs,1,5478
4cAd9hAs,1,5563
5cAd9hAs,1,5363
7cAd9hAs,1,5352
Ac3c9hAs,1,5478
Ac4c9hAs,1,5563
Ac5c9hAs,1,5363
Ac7c9hAs,1,5352
Tc9c9hAs,1,4122
Jc9c9hAs,1,5019
4dJhThAs,1,593
8dJhThAs,1,1323
4cJhThAs,1,593
7cJhThAs,0.53,11
8cJhThAs,1,1323
3dAhThAs,0.365,-35
8dAhThAs,0.395,869
3cAhThAs,0.365,-35
8cAhThAs,0.395,869
Ad3dThAs,0.94,94
Ac3dThAs,0.94,94
Ad4dThAs,1,288
Ac4dThAs,1,288
Jd5dThAs,0.52,642
Jc5dThAs,0.52,642
Jd8dThAs,1,2088
Jc8dThAs,1,2088
Jd9dThAs,1,214
9c9dThAs,1,4631
Jc9dThAs,1,214
5cJdThAs,0.52,642
7cJdThAs,1,418
8cJdThAs,1,2088
9cJdThAs,1,214
3cAdThAs,0.94,94
4cAdThAs,1,288
7cAdThAs,0.1741,-29
Ac3cThAs,0.94,94
Ac4cThAs,1,288
Jc5cThAs,0.52,642
Jc7cThAs,1,418
Ac7cThAs,0.1741,-29
Jc8cThAs,1,2088
Jc9cThAs,1,214
3dAhJhAs,1,147
4dAhJhAs,1,232
3cAhJhAs,1,147
4cAhJhAs,1,232
Ad3dJhAs,1,605
Ac3dJhAs,1,605
Ad4dJhAs,1,666
Ac4dJhAs,1,666
Td5dJhAs,1,425
Jd5dJhAs,0.0024,-660
Ad5dJhAs,1,464
Tc5dJhAs,1,425
Jc5dJhAs,0.0024,-660
Ac5dJhAs,1,464
Td8dJhAs,1,1385
Tc8dJhAs,1,1385
9c9dJhAs,1,4909
5cTdJhAs,1,425
7cTdJhAs,1,546
8cTdJhAs,1,1385
5cJdJhAs,0.0024,-660
3cAdJhAs,1,605
4cAdJhAs,1,666
5cAdJhAs,1,464
7cAdJhAs,1,225
Ac3cJhAs,1,605
Ac4cJhAs,1,666
Tc5cJhAs,1,425
Jc5cJhAs,0.0024,-660
Ac5cJhAs,1,464
Tc7cJhAs,1,546
Ac7cJhAs,1,225
Tc8cJhAs,1,1385
5d4dQhAs,1,12904
5c4cQhAs,1,12904
4d2dAhAs,1,3799
5d2dAhAs,1,3698
9d2dAhAs,1,2795
4c2dAhAs,1,3799
5c2dAhAs,1,3698
7c2dAhAs,1,3001
9c2dAhAs,1,2795
4d3dAhAs,1,6093
5d3dAhAs,1,6206
9d3dAhAs,1,4789
4c3dAhAs,1,6093
5c3dAhAs,1,6206
7c3dAhAs,1,5293
9c3dAhAs,1,4789
9d4dAhAs,1,5016
Qd4dAhAs,0.465,7229
2c4dAhAs,1,3799
3c4dAhAs,1,6093
7c4dAhAs,1,5489
9c4dAhAs,1,5016
Qc4dAhAs,0.465,7229
9d5dAhAs,1,5038
Qd5dAhAs,1,7250
2c5dAhAs,1,3698
3c5dAhAs,1,6206
7c5dAhAs,1,5822
9c5dAhAs,1,5038
Qc5dAhAs,1,7250
9d8dAhAs,0.955,6169
9c8dAhAs,0.955,6169
2c9dAhAs,1,2795
3c9dAhAs,1,4789
4c9dAhAs,1,5016
5c9dAhAs,1,5038
7c9dAhAs,1,4464
8c9dAhAs,0.955,6169
9c9dAhAs,0.28,2855
4cQdAhAs,0.465,7229
5cQdAhAs,1,7250
4c2cAhAs,1,3799
5c2cAhAs,1,3698
7c2cAhAs,1,3001
9c2cAhAs,1,2795
4c3cAhAs,1,6093
5c3cAhAs,1,6206
7c3cAhAs,1,5293
9c3cAhAs,1,4789
7c4cAhAs,1,5489
9c4cAhAs,1,5016
Qc4cAhAs,0.465,7229
7c5cAhAs,1,5822
9c5cAhAs,1,5038
Qc5cAhAs,1,7250
9c7cAhAs,1,4464
9c8cAhAs,0.955,6169
Ad4d3dAs,1,6640
Ac4d3dAs,1,6640
Ad5d3dAs,1,6762
Ac5d3dAs,1,6762
Ad9d3dAs,1,5578
Ac9d3dAs,1,5578
AdTd3dAs,1,182
AcTd3dAs,1,182
AdJd3dAs,1,585
AcJd3dAs,1,585
5cQd3dAs,1,14067
4cAd3dAs,1,6640
5cAd3dAs,1,6762
7cAd3dAs,1,6412
9cAd3dAs,1,5578
TcAd3dAs,1,182
JcAd3dAs,1,585
Ac4c3dAs,1,6640
Qc5c3dAs,1,14067
Ac5c3dAs,1,6762
Ac7c3dAs,1,6412
Ac9c3dAs,1,5578
AcTc3dAs,1,182
AcJc3dAs,1,585
Qd5d4dAs,1,14007
Qc5d4dAs,1,14007
Ad9d4dAs,1,5561
Ac9d4dAs,1,5561
AdTd4dAs,1,349
AcTd4dAs,1,349
AdJd4dAs,1,733
5cJd4dAs,0.9452,6323
AcJd4dAs,1,733
5cQd4dAs,1,14007
3cAd4dAs,1,6640
7cAd4dAs,1,6457
9cAd4dAs,1,5561
TcAd4dAs,1,349
JcAd4dAs,1,733
Ac3c4dAs,1,6640
Jc5c4dAs,0.6269,6323
Qc5c4dAs,1,14007
Ac7c4dAs,1,6457
Ac9c4dAs,1,5561
AcTc4dAs,1,349
AcJc4dAs,1,733
Ad9d5dAs,1,5719
Ac9d5dAs,1,5719
JdTd5dAs,0.16,800
AdTd5dAs,1,245
JcTd5dAs,0.16,800
AcTd5dAs,1,245
AdJd5dAs,1,842
4cJd5dAs,0.6269,6323
TcJd5dAs,0.16,800
AcJd5dAs,1,842
3cQd5dAs,1,14067
4cQd5dAs,1,14007
3cAd5dAs,1,6762
7cAd5dAs,1,6489
9cAd5dAs,1,5719
TcAd5dAs,1,245
JcAd5dAs,1,842
Qc3c5dAs,1,14067
Ac3c5dAs,1,6762
Jc4c5dAs,0.9452,6323
Qc4c5dAs,1,14007
Ac7c5dAs,1,6489
Ac9c5dAs,1,5719
JcTc5dAs,0.16,800
AcTc5dAs,1,245
AcJc5dAs,1,842
JdTd8dAs,1,2077
JcTd8dAs,1,2077
TcJd8dAs,1,2077
JcTc8dAs,1,2077
JdTd9dAs,1,240
9cTd9dAs,1,4406
JcTd9dAs,1,240
TcJd9dAs,1,240
3cAd9dAs,1,5578
4cAd9dAs,1,5561
5cAd9dAs,1,5719
7cAd9dAs,1,5742
Ac3c9dAs,1,5578
Ac4c9dAs,1,5561
Ac5c9dAs,1,5719
Ac7c9dAs,1,5742
Tc9c9dAs,1,4406
JcTc9dAs,1,240
5cJdTdAs,0.16,800
7cJdTdAs,0.995,70
8cJdTdAs,1,2077
9cJdTdAs,1,240
3cAdTdAs,1,182
4cAdTdAs,1,349
5cAdTdAs,1,245
Ac3cTdAs,1,182
Ac4cTdAs,1,349
Jc5cTdAs,0.16,800
Ac5cTdAs,1,245
Jc7cTdAs,0.995,70
Jc8cTdAs,1,2077
Jc9cTdAs,1,240
3cAdJdAs,1,585
4cAdJdAs,1,733
5cAdJdAs,1,842
7cAdJdAs,1,244
Ac3cJdAs,1,585
Ac4cJdAs,1,733
Tc5cJdAs,0.16,800
Ac5cJdAs,1,842
Tc7cJdAs,0.995,70
Ac7cJdAs,1,244
Tc8cJdAs,1,2077
Tc9cJdAs,1,240
5c4cQdAs,1,14007
4c3cAdAs,1,6640
5c3cAdAs,1,6762
7c3cAdAs,1,6412
9c3cAdAs,1,5578
Tc3cAdAs,1,182
Jc3cAdAs,1,585
7c4cAdAs,1,6457
9c4cAdAs,1,5561
Tc4cAdAs,1,349
Jc4cAdAs,1,733
7c5cAdAs,1,6489
9c5cAdAs,1,5719
Tc5cAdAs,1,245
Jc5cAdAs,1,842
9c7cAdAs,1,5742
Jc7cAdAs,1,244
Ac4c3cAs,1,6640
Ac5c3cAs,1,6762
Ac7c3cAs,1,6412
Ac9c3cAs,1,5578
AcTc3cAs,1,182
AcJc3cAs,1,585
Qc5c4cAs,1,14007
Ac7c4cAs,1,6457
Ac9c4cAs,1,5561
AcTc4cAs,1,349
AcJc4cAs,1,733
Ac7c5cAs,1,6489
Ac9c5cAs,1,5719
JcTc5cAs,0.16,800
AcTc5cAs,1,245
AcJc5cAs,1,842
Ac9c7cAs,1,5742
JcTc7cAs,0.995,70
AcJc7cAs,1,244
JcTc8cAs,1,2077
JcTc9cAs,1,240