AhAs3s2s,1,467747
AdAs3s2s,0.985,467753
AcAs3s2s,0.985,467753
AhAs5s2s,0.75,467763
AdAs5s2s,1,467750
AcAs5s2s,1,467750
JhJs9s2s,0.97,-244903
JdJs9s2s,0.97,-242421
JcJs9s2s,0.97,-242421
TdAs9s2s,0.0101,467797
TcAs9s2s,0.0101,467797
Ah3hTs2s,1,-236342
Ah4hTs2s,0.565,-243237
Ah5hTs2s,1,-244840
Ah7hTs2s,1,-240890
9h8hTs2s,1,-243837
Qh8hTs2s,0.985,-241384
Ah8hTs2s,1,-244158
Ah9hTs2s,1,-241194
Ad4dTs2s,0.91,-235360
Ad5dTs2s,1,-237866
Td6dTs2s,0.0012,-253930
9d8dTs2s,1,-236669
Qd8dTs2s,0.64,-237095
Ad8dTs2s,1,-236819
Ad9dTs2s,1,-237638
Ac4cTs2s,0.91,-235360
Ac5cTs2s,1,-237866
Ac7cTs2s,1,-240020
9c8cTs2s,1,-236669
Qc8cTs2s,0.64,-237095
Ac8cTs2s,1,-236819
Ac9cTs2s,1,-237638
Ah3hJs2s,1,-245779
Qh4hJs2s,0.4037,-250720
Ah4hJs2s,0.995,-249483
Ah5hJs2s,0.1638,-251062
9h8hJs2s,0.87,-249618
Qh8hJs2s,0.7676,-250338
Ah8hJs2s,1,-249040
Ah9hJs2s,1,-249236
Ad3dJs2s,0.62,-241986
Qd4dJs2s,0.95,-243405
Ad4dJs2s,0.03,-246770
Qd5dJs2s,0.93,-245799
Ad5dJs2s,1,-247914
9d8dJs2s,0.87,-245255
Qd8dJs2s,0.98,-245835
Ad8dJs2s,1,-245980
Ad9dJs2s,1,-247968
Ac3cJs2s,0.62,-241986
Qc4cJs2s,0.95,-243405
Ac4cJs2s,0.03,-246770
Qc5cJs2s,0.93,-245799
Ac5cJs2s,1,-247914
Ac7cJs2s,1,-248596
9c8cJs2s,0.87,-245255
Qc8cJs2s,0.98,-245835
Ac8cJs2s,1,-245980
Ac9cJs2s,1,-247968
4h3hAs2s,0.97,467745
5h3hAs2s,1,467743
7h4hAs2s,0.54,467755
8h4hAs2s,1,467758
7h5hAs2s,1,467753
8h5hAs2s,1,467742
9h5hAs2s,1,467747
8h7hAs2s,1,467748
9h7hAs2s,1,467759
9h8hAs2s,1,467757
Th8hAs2s,0.605,467766
Td8hAs2s,0.885,467756
Tc8hAs2s,0.885,467756
Th9hAs2s,0.91,467750
Jh9hAs2s,0.56,467754
9d9hAs2s,1,467743
Td9hAs2s,0.215,467702
9c9hAs2s,1,467743
Tc9hAs2s,0.215,467702
AdAhAs2s,0.505,467756
AcAhAs2s,0.505,467756
4d3dAs2s,0.97,467753
5d3dAs2s,0.29,467749
5d4dAs2s,0.515,467753
8d4dAs2s,1,467744
8d5dAs2s,1,467749
9d5dAs2s,1,467753
9d8dAs2s,1,467748
9c9dAs2s,1,467754
AcAdAs2s,1,467736
4c3cAs2s,0.97,467753
5c3cAs2s,0.29,467749
5c4cAs2s,0.515,467753
7c4cAs2s,0.54,467759
8c4cAs2s,1,467744
7c5cAs2s,1,467762
8c5cAs2s,1,467749
9c5cAs2s,1,467753
8c7cAs2s,1,467749
9c7cAs2s,1,467742
9c8cAs2s,1,467748
KhAs4s3s,0.48,467748
AhAs4s3s,1,467748
KdAs4s3s,1,467746
AdAs4s3s,1,467746
KcAs4s3s,1,467746
AcAs4s3s,1,467746
AhAs5s3s,0.365,467748
QdAs5s3s,1,467749
KdAs5s3s,1,467744
AdAs5s3s,0.425,467734
QcAs5s3s,1,467749
KcAs5s3s,1,467744
AcAs5s3s,0.425,467734
KhAs7s3s,0.145,467735
AhAs7s3s,1,467745
AdAs7s3s,1,467751
AcAs7s3s,1,467751
TdTs9s3s,0.05,-213053
TcTs9s3s,0.05,-213053
JdJs9s3s,1,-222258
JcJs9s3s,1,-222258
ThAs9s3s,1,467750
KhAs9s3s,0.96,467744
AhAs9s3s,1,467751
TdAs9s3s,1,467757
AdAs9s3s,1,467754
TcAs9s3s,1,467757
AcAs9s3s,1,467754
ThJsTs3s,0.05,-232413
9hAsTs3s,1,467755
9dAsTs3s,1,467759
9cAsTs3s,1,467759
9h3hTs3s,0.0058,-165897
Th3hTs3s,1,-241449
Qh3hTs3s,1,-219624
Kh3hTs3s,1,-226989
Ah3hTs3s,1,-222055
Td3hTs3s,1,-241177
Tc3hTs3s,1,-241177
Th4hTs3s,0.58,-245620
Qh4hTs3s,0.99,-227669
Kh4hTs3s,1,-231097
Ah4hTs3s,1,-228154
Th5hTs3s,0.875,-249768
Qh5hTs3s,1,-232530
Kh5hTs3s,0.96,-237251
Ah5hTs3s,1,-231626
9h6hTs3s,0.505,-220991
9h7hTs3s,1,-226470
Th7hTs3s,0.65,-250612
Jh7hTs3s,1,-246916
Kh7hTs3s,1,-232017
Ah7hTs3s,1,-224162
9h8hTs3s,1,-227814
Th8hTs3s,0.34,-248488
Jh8hTs3s,1,-245663
Qh8hTs3s,1,-224414
Ah8hTs3s,1,-229365
Th9hTs3s,1,-243332
Ah9hTs3s,1,-221453
Td9hTs3s,1,-245693
Tc9hTs3s,1,-245693
QhThTs3s,1,-244987
AhThTs3s,1,-243535
3dThTs3s,1,-240625
9dThTs3s,1,-243851
QdThTs3s,0.445,-243048
AdThTs3s,1,-245955
3cThTs3s,1,-240625
9cThTs3s,1,-243851
QcThTs3s,0.445,-243048
AcThTs3s,1,-245955
TdAhTs3s,1,-245950
TcAhTs3s,1,-245950
Ad2dTs3s,1,-229777
Td3dTs3s,1,-236916
Ad3dTs3s,1,-218545
Tc3dTs3s,1,-236916
Kd4dTs3s,1,-221565
Ad4dTs3s,1,-218598
Kd5dTs3s,1,-226445
Ad5dTs3s,1,-222883
9d6dTs3s,0.605,-218491
9d8dTs3s,0.675,-221046
Jd8dTs3s,1,-244720
Ad8dTs3s,0.005,-235300
Td9dTs3s,1,-246554
Ad9dTs3s,0.545,-220961
Tc9dTs3s,1,-246554
QdTdTs3s,0.26,-246786
AdTdTs3s,1,-246588
3cTdTs3s,1,-236916
9cTdTs3s,1,-246554
QcTdTs3s,0.26,-246786
AcTdTs3s,1,-246588
TcQdTs3s,0.26,-246786
TcAdTs3s,1,-246588
Ac2cTs3s,1,-229777
Tc3cTs3s,1,-236916
Ac3cTs3s,1,-218545
Kc4cTs3s,1,-221565
Ac4cTs3s,1,-218598
Kc5cTs3s,1,-226445
Ac5cTs3s,1,-222883
9c7cTs3s,1,-225342
Jc7cTs3s,1,-246323
Kc7cTs3s,0.93,-227271
Ac7cTs3s,0.0093,-211139
9c8cTs3s,0.675,-221046
Jc8cTs3s,1,-244720
Ac8cTs3s,0.005,-235300
Tc9cTs3s,1,-246554
Ac9cTs3s,0.545,-220961
QcTcTs3s,0.26,-246786
AcTcTs3s,1,-246588
Jh3hJs3s,0.51,-250797
Qh3hJs3s,1,-236880
Kh3hJs3s,1,-235896
Ah3hJs3s,1,-231229
Jd3hJs3s,0.475,-250766
Jc3hJs3s,0.475,-250766
Qh4hJs3s,1,-237281
Kh4hJs3s,1,-242514
Ah4hJs3s,1,-237421
9h5hJs3s,0.7,-244826
Qh5hJs3s,1,-240696
Kh5hJs3s,1,-247089
Ah5hJs3s,1,-241264
9h7hJs3s,0.99,-238772
Kh7hJs3s,1,-243377
Ah7hJs3s,1,-237744
9h8hJs3s,1,-235274
Qh8hJs3s,1,-236389
Kh8hJs3s,0.637,-241638
Ah8hJs3s,1,-237392
Ah9hJs3s,1,-235690
3dJhJs3s,1,-249992
3cJhJs3s,1,-249992
JdAhJs3s,0.025,-251055
JcAhJs3s,0.025,-251055
Ad2dJs3s,1,-236447
Jd3dJs3s,1,-246999
Qd3dJs3s,1,-227758
Kd3dJs3s,0.36,-231338
Ad3dJs3s,1,-227758
Jc3dJs3s,1,-246999
Qd4dJs3s,1,-230538
Kd4dJs3s,1,-231168
Ad4dJs3s,1,-230731
9d5dJs3s,0.7,-232287
Qd5dJs3s,1,-235113
Kd5dJs3s,1,-236450
Ad5dJs3s,1,-234241
9d8dJs3s,1,-231905
Kd8dJs3s,0.65,-235734
Ad8dJs3s,0.12,-235907
3cJdJs3s,1,-246999
Ac2cJs3s,1,-236447
Jc3cJs3s,1,-246999
Qc3cJs3s,1,-227758
Kc3cJs3s,0.36,-231338
Ac3cJs3s,1,-227758
Qc4cJs3s,1,-230538
Kc4cJs3s,1,-231168
Ac4cJs3s,1,-230731
7c5cJs3s,0.007,-231272
9c5cJs3s,0.7,-232287
Qc5cJs3s,1,-235113
Kc5cJs3s,1,-236450
Ac5cJs3s,1,-234241
9c7cJs3s,0.99,-233447
Kc7cJs3s,1,-238373
Ac7cJs3s,0.195,-240688
9c8cJs3s,1,-231905
Kc8cJs3s,0.65,-235734
Ac8cJs3s,0.12,-235907
4h3hAs3s,1,467752
5h3hAs3s,1,467746
7h3hAs3s,1,467748
8h3hAs3s,0.34,467737
9h3hAs3s,1,467747
Th3hAs3s,1,467748
Jh3hAs3s,1,467747
Qh3hAs3s,1,467750
Kh3hAs3s,0.94,467756
4d3hAs3s,1,467764
5d3hAs3s,1,467751
6d3hAs3s,0.0234,467763
Td3hAs3s,1,467752
Jd3hAs3s,1,467750
Qd3hAs3s,0.87,467748
4c3hAs3s,1,467764
5c3hAs3s,1,467751
7c3hAs3s,0.0013,0
Tc3hAs3s,1,467752
Jc3hAs3s,1,467750
Qc3hAs3s,0.87,467748
5h4hAs3s,1,467748
6h4hAs3s,1,467743
7h4hAs3s,1,467759
8h4hAs3s,1,467749
9h4hAs3s,0.415,467747
Th4hAs3s,1,467750
Jh4hAs3s,1,467755
Qh4hAs3s,1,467760
3d4hAs3s,1,467739
4d4hAs3s,0.98,467754
5d4hAs3s,1,467756
Td4hAs3s,0.98,467744
Jd4hAs3s,1,467757
Qd4hAs3s,1,467747
3c4hAs3s,1,467739
4c4hAs3s,0.98,467754
5c4hAs3s,1,467756
7c4hAs3s,0.355,467789
Tc4hAs3s,0.98,467744
Jc4hAs3s,1,467757
Qc4hAs3s,1,467747
6h5hAs3s,1,467748
7h5hAs3s,1,467748
8h5hAs3s,1,467754
9h5hAs3s,0.575,467759
Th5hAs3s,1,467753
Jh5hAs3s,1,467753
Qh5hAs3s,1,467740
3d5hAs3s,1,467751
4d5hAs3s,1,467749
5d5hAs3s,1,467748
6d5hAs3s,0.93,467755
Td5hAs3s,1,467743
Jd5hAs3s,1,467751
Qd5hAs3s,1,467738
3c5hAs3s,1,467751
4c5hAs3s,1,467749
5c5hAs3s,1,467748
7c5hAs3s,0.56,467749
Tc5hAs3s,1,467743
Jc5hAs3s,1,467751
Qc5hAs3s,1,467738
8h7hAs3s,0.83,467739
9h7hAs3s,1,467751
Th7hAs3s,1,467751
Jh7hAs3s,1,467745
Qh7hAs3s,1,467757
4d7hAs3s,0.48,467746
5d7hAs3s,0.015,467694
6d7hAs3s,0.0224,467807
9d7hAs3s,0.05,467728
Td7hAs3s,1,467753
Jd7hAs3s,0.93,467753
Qd7hAs3s,1,467750
4c7hAs3s,0.48,467746
5c7hAs3s,0.015,467694
9c7hAs3s,0.05,467728
Tc7hAs3s,1,467753
Jc7hAs3s,0.93,467753
Qc7hAs3s,1,467750
9h8hAs3s,1,467747
Th8hAs3s,1,467760
Jh8hAs3s,1,467760
Qh8hAs3s,1,467751
8d8hAs3s,0.0015,0
9d8hAs3s,0.3191,467746
Td8hAs3s,1,467759
Jd8hAs3s,0.275,467766
Qd8hAs3s,1,467750
8c8hAs3s,0.0015,0
9c8hAs3s,0.3191,467746
Tc8hAs3s,1,467759
Jc8hAs3s,0.275,467766
Qc8hAs3s,1,467750
Th9hAs3s,1,467743
Jh9hAs3s,1,467747
Qh9hAs3s,1,467753
Ah9hAs3s,0.0285,467765
8d9hAs3s,0.382,467738
Td9hAs3s,1,467750
Jd9hAs3s,1,467747
Qd9hAs3s,1,467748
8c9hAs3s,0.382,467738
Tc9hAs3s,1,467750
Jc9hAs3s,1,467747
Qc9hAs3s,1,467748
3dThAs3s,1,467752
4dThAs3s,0.98,467760
5dThAs3s,1,467752
8dThAs3s,1,467747
9dThAs3s,1,467742
TdThAs3s,1,467750
3cThAs3s,1,467752
4cThAs3s,0.98,467760
5cThAs3s,1,467752
7cThAs3s,1,467752
8cThAs3s,1,467747
9cThAs3s,1,467742
TcThAs3s,1,467750
3dJhAs3s,1,467741
4dJhAs3s,1,467752
5dJhAs3s,1,467748
8dJhAs3s,0.89,467747
9dJhAs3s,1,467744
JdJhAs3s,1,467751
3cJhAs3s,1,467741
4cJhAs3s,1,467752
5cJhAs3s,1,467748
7cJhAs3s,0.93,467747
8cJhAs3s,0.89,467747
9cJhAs3s,1,467744
JcJhAs3s,1,467751
3dQhAs3s,1,467747
5dQhAs3s,0.57,467747
8dQhAs3s,0.55,467748
9dQhAs3s,0.15,467747
3cQhAs3s,1,467747
5cQhAs3s,0.57,467747
8cQhAs3s,0.55,467748
9cQhAs3s,0.15,467747
9dAhAs3s,0.325,467758
9cAhAs3s,0.325,467758
4d2dAs3s,1,467744
5d2dAs3s,1,467743
4d3dAs3s,1,467750
5d3dAs3s,1,467748
Td3dAs3s,1,467758
Jd3dAs3s,1,467749
Qd3dAs3s,1,467748
4c3dAs3s,1,467750
5c3dAs3s,1,467748
Tc3dAs3s,1,467758
Jc3dAs3s,1,467749
Qc3dAs3s,1,467748
5d4dAs3s,1,467747
6d4dAs3s,1,467751
9d4dAs3s,0.0091,467748
Td4dAs3s,1,467753
Jd4dAs3s,1,467747
Qd4dAs3s,1,467749
3c4dAs3s,1,467750
4c4dAs3s,0.98,467750
5c4dAs3s,1,467747
7c4dAs3s,1,467745
Tc4dAs3s,0.98,467753
Jc4dAs3s,1,467747
Qc4dAs3s,1,467749
6d5dAs3s,1,467745
9d5dAs3s,1,467745
Td5dAs3s,1,467752
Jd5dAs3s,1,467755
Qd5dAs3s,1,467749
3c5dAs3s,1,467748
4c5dAs3s,1,467747
5c5dAs3s,1,467745
7c5dAs3s,0.42,467759
9c5dAs3s,0.38,467745
Tc5dAs3s,1,467752
Jc5dAs3s,1,467755
Qc5dAs3s,1,467749
4c6dAs3s,0.59,467751
5c6dAs3s,1,467745
9d8dAs3s,0.5278,467742
Td8dAs3s,1,467743
Jd8dAs3s,1,467745
Qd8dAs3s,1,467750
9c8dAs3s,0.2111,467742
Tc8dAs3s,1,467743
Jc8dAs3s,1,467745
Qc8dAs3s,1,467750
Td9dAs3s,1,467747
Jd9dAs3s,1,467750
Qd9dAs3s,1,467751
5c9dAs3s,0.38,467745
7c9dAs3s,0.22,467756
8c9dAs3s,0.2111,467742
9c9dAs3s,0.265,467736
Tc9dAs3s,1,467747
Jc9dAs3s,1,467750
Qc9dAs3s,1,467751
3cTdAs3s,1,467758
4cTdAs3s,0.98,467753
5cTdAs3s,1,467752
7cTdAs3s,1,467751
8cTdAs3s,1,467743
9cTdAs3s,1,467747
TcTdAs3s,1,467740
3cJdAs3s,1,467749
4cJdAs3s,1,467747
5cJdAs3s,1,467755
7cJdAs3s,0.93,467741
8cJdAs3s,1,467745
9cJdAs3s,1,467750
JcJdAs3s,1,467752
3cQdAs3s,1,467748
4cQdAs3s,1,467749
5cQdAs3s,1,467749
7cQdAs3s,1,467753
8cQdAs3s,1,467750
9cQdAs3s,1,467751
4c2cAs3s,1,467744
5c2cAs3s,1,467743
4c3cAs3s,1,467750
5c3cAs3s,1,467748
Tc3cAs3s,1,467758
Jc3cAs3s,1,467749
Qc3cAs3s,1,467748
5c4cAs3s,1,467747
7c4cAs3s,1,467745
9c4cAs3s,0.0091,467748
Tc4cAs3s,1,467753
Jc4cAs3s,1,467747
Qc4cAs3s,1,467749
7c5cAs3s,0.42,467759
9c5cAs3s,1,467745
Tc5cAs3s,1,467752
Jc5cAs3s,1,467755
Qc5cAs3s,1,467749
9c7cAs3s,0.44,467756
Tc7cAs3s,1,467751
Jc7cAs3s,1,467741
Qc7cAs3s,1,467753
9c8cAs3s,0.5278,467742
Tc8cAs3s,1,467743
Jc8cAs3s,1,467745
Qc8cAs3s,1,467750
Tc9cAs3s,1,467747
Jc9cAs3s,1,467750
Qc9cAs3s,1,467751
9dAh8h3s,0.002,-249089
9cAh8h3s,0.002,-249089
JhJs5s4s,0.99,-235919
JdJs5s4s,0.99,-231659
JcJs5s4s,0.99,-231659
4hAs5s4s,1,467748
5hAs5s4s,1,467754
6hAs5s4s,0.385,467749
7hAs5s4s,1,467754
8hAs5s4s,0.0553,467812
JhAs5s4s,1,467756
QhAs5s4s,0.34,467743
4dAs5s4s,1,467756
5dAs5s4s,1,467760
8dAs5s4s,0.1872,467757
JdAs5s4s,1,467753
QdAs5s4s,1,467752
4cAs5s4s,1,467756
5cAs5s4s,1,467760
7cAs5s4s,1,467743
8cAs5s4s,0.1872,467757
JcAs5s4s,1,467753
QcAs5s4s,1,467752
JhJs6s4s,0.01,-233512
5hAs6s4s,0.545,467742
7cAs6s4s,0.0204,467797
JhJs7s4s,0.95,-229359
JdJs7s4s,0.95,-227732
JcJs7s4s,0.95,-227732
5hAs7s4s,1,467742
ThAs7s4s,0.96,467736
JhAs7s4s,0.52,467751
QhAs7s4s,0.2862,467793
AhAs7s4s,1,467757
5dAs7s4s,1,467754
TdAs7s4s,0.96,467751
JdAs7s4s,0.52,467764
QdAs7s4s,1,467755
AdAs7s4s,1,467751
5cAs7s4s,1,467754
TcAs7s4s,0.96,467751
JcAs7s4s,0.52,467764
QcAs7s4s,1,467755
AcAs7s4s,1,467751
TdTs9s4s,0.015,-215274
TcTs9s4s,0.015,-215274
JhJs9s4s,1,-224804
JdJs9s4s,1,-223885
JcJs9s4s,1,-223885
ThAs9s4s,1,467750
JhAs9s4s,0.97,467738
QhAs9s4s,0.16,467742
AhAs9s4s,0.92,467747
TdAs9s4s,1,467748
JdAs9s4s,0.97,467743
QdAs9s4s,0.0223,467770
AdAs9s4s,1,467746
TcAs9s4s,1,467748
JcAs9s4s,0.97,467743
QcAs9s4s,0.0223,467770
AcAs9s4s,1,467746
Td5d9s4s,0.0004,-246079
Tc5c9s4s,0.0004,-246079
7hAsTs4s,0.51,467768
8hAsTs4s,1,467760
9hAsTs4s,1,467747
8dAsTs4s,1,467756
9dAsTs4s,1,467758
7cAsTs4s,0.51,467758
8cAsTs4s,1,467756
9cAsTs4s,1,467758
Th3hTs4s,1,-243422
Jh3hTs4s,0.245,-241891
Qh3hTs4s,1,-222288
Ah3hTs4s,1,-222735
5h4hTs4s,1,-235521
6h4hTs4s,0.1786,-225865
7h4hTs4s,0.0495,-235304
9h4hTs4s,0.47,-229360
Th4hTs4s,1,-247359
Jh4hTs4s,1,-246291
Qh4hTs4s,1,-224931
Ah4hTs4s,1,-227495
Td4hTs4s,1,-248532
Tc4hTs4s,1,-248532
7h5hTs4s,1,-237041
Th5hTs4s,0.64,-250317
Qh5hTs4s,1,-227614
Ah5hTs4s,1,-231759
9h6hTs4s,1,-223139
8h7hTs4s,0.0645,-228305
9h7hTs4s,1,-229793
Th7hTs4s,0.215,-247223
Jh7hTs4s,1,-246143
Qh7hTs4s,1,-227630
Ah7hTs4s,1,-226329
9h8hTs4s,0.3124,-226490
Jh8hTs4s,0.99,-246159
Ah8hTs4s,1,-227696
Ad8hTs4s,0.58,-226520
Ac8hTs4s,0.58,-226520
Th9hTs4s,1,-246024
Ah9hTs4s,1,-221882
Td9hTs4s,1,-246375
Ad9hTs4s,0.279,-226958
Tc9hTs4s,1,-246375
Ac9hTs4s,0.279,-226958
AhThTs4s,1,-243751
4dThTs4s,1,-241146
8dThTs4s,0.0368,-238077
9dThTs4s,1,-242803
AdThTs4s,1,-245454
4cThTs4s,1,-241146
8cThTs4s,0.0368,-238077
9cThTs4s,1,-242803
AcThTs4s,1,-245454
8dAhTs4s,0.4147,-224421
TdAhTs4s,1,-243358
8cAhTs4s,0.4147,-224421
TcAhTs4s,1,-243358
Ad2dTs4s,1,-227907
Td3dTs4s,0.205,-239309
Ad3dTs4s,1,-219177
5d4dTs4s,1,-219842
6d4dTs4s,0.2209,-210442
8d4dTs4s,0.0005,-242035
9d4dTs4s,0.47,-218501
Td4dTs4s,1,-240365
Jd4dTs4s,1,-239738
Ad4dTs4s,1,-219070
Tc4dTs4s,1,-240365
Ad5dTs4s,1,-222725
9d6dTs4s,0.57,-222831
9d8dTs4s,1,-221740
Jd8dTs4s,1,-244388
Ad8dTs4s,1,-220758
Ac8dTs4s,0.58,-220758
Td9dTs4s,1,-246034
Ad9dTs4s,1,-222388
Tc9dTs4s,1,-246034
Ac9dTs4s,0.36,-222388
AdTdTs4s,1,-244721
4cTdTs4s,1,-240365
9cTdTs4s,1,-246034
AcTdTs4s,1,-244721
8cAdTs4s,0.58,-220758
9cAdTs4s,0.36,-222388
TcAdTs4s,1,-244721
Ac2cTs4s,1,-227907
Tc3cTs4s,0.205,-239309
Ac3cTs4s,1,-219177
5c4cTs4s,1,-219842
7c4cTs4s,0.0283,-211420
8c4cTs4s,0.0005,-242035
9c4cTs4s,0.47,-218501
Tc4cTs4s,1,-240365
Jc4cTs4s,1,-239738
Ac4cTs4s,1,-219070
7c5cTs4s,0.43,-226279
Ac5cTs4s,1,-222725
9c7cTs4s,1,-224569
Jc7cTs4s,1,-245863
Ac7cTs4s,0.65,-224538
9c8cTs4s,1,-221740
Jc8cTs4s,1,-244388
Ac8cTs4s,1,-220758
Tc9cTs4s,1,-246034
Ac9cTs4s,1,-222388
AcTcTs4s,1,-244721
4hAsJs4s,0.47,467753
5hAsJs4s,1,467742
8hAsJs4s,0.97,467759
9hAsJs4s,0.59,467755
4dAsJs4s,0.47,467759
5dAsJs4s,1,467745
8dAsJs4s,0.97,467745
9dAsJs4s,0.59,467762
4cAsJs4s,0.47,467759
5cAsJs4s,1,467745
8cAsJs4s,0.97,467745
9cAsJs4s,0.59,467762
Th3hJs4s,0.1939,-250592
Jh3hJs4s,0.0204,-252270
Qh3hJs4s,1,-233093
Kh3hJs4s,1,-238325
Ah3hJs4s,1,-232161
5h4hJs4s,1,-245082
6h4hJs4s,0.031,-234870
Th4hJs4s,0.0428,-251099
Qh4hJs4s,1,-236447
Kh4hJs4s,1,-244512
Ah4hJs4s,1,-236360
6h5hJs4s,1,-241548
7h5hJs4s,0.58,-244706
8h5hJs4s,1,-243531
9h5hJs4s,1,-241916
Qh5hJs4s,1,-240051
Ah5hJs4s,1,-241209
Ad5hJs4s,0.95,-243511
Ac5hJs4s,0.95,-243511
8h7hJs4s,0.7,-242950
9h7hJs4s,0.99,-239436
Qh7hJs4s,1,-238686
Kh7hJs4s,0.77,-244339
Ah7hJs4s,1,-238994
9h8hJs4s,1,-235321
Qh8hJs4s,1,-238704
Kh8hJs4s,1,-242060
Ah8hJs4s,1,-238183
Ah9hJs4s,1,-233801
4dJhJs4s,1,-249628
4cJhJs4s,1,-249628
5dAhJs4s,0.95,-234051
JdAhJs4s,0.285,-250874
5cAhJs4s,0.95,-234051
JcAhJs4s,0.285,-250874
Qd2dJs4s,0.43,-236102
Ad2dJs4s,1,-236611
Kd3dJs4s,1,-233757
Ad3dJs4s,1,-231690
5d4dJs4s,1,-230750
6d4dJs4s,0.0356,-229813
Jd4dJs4s,1,-248831
Qd4dJs4s,1,-230181
Kd4dJs4s,1,-232303
Ad4dJs4s,1,-229649
Jc4dJs4s,1,-248831
9d5dJs4s,1,-234143
Qd5dJs4s,0.92,-235350
Kd5dJs4s,0.215,-237645
Ad5dJs4s,1,-235798
Ac5dJs4s,0.95,-235798
9d8dJs4s,1,-231216
Kd8dJs4s,1,-235161
Ad8dJs4s,0.74,-232397
4cJdJs4s,1,-248831
5cAdJs4s,0.95,-235798
Qc2cJs4s,0.43,-236102
Ac2cJs4s,1,-236611
Kc3cJs4s,1,-233757
Ac3cJs4s,1,-231690
5c4cJs4s,1,-230750
Jc4cJs4s,1,-248831
Qc4cJs4s,1,-230181
Kc4cJs4s,1,-232303
Ac4cJs4s,1,-229649
7c5cJs4s,0.89,-237694
9c5cJs4s,1,-234143
Qc5cJs4s,0.92,-235350
Kc5cJs4s,0.215,-237645
Ac5cJs4s,1,-235798
9c7cJs4s,0.99,-236936
Kc7cJs4s,1,-237645
Ac7cJs4s,1,-238994
9c8cJs4s,1,-231216
Kc8cJs4s,1,-235161
Ac8cJs4s,0.74,-232397
4h3hAs4s,1,467749
5h3hAs4s,1,467761
6h3hAs4s,0.5445,467754
7h3hAs4s,1,467741
8h3hAs4s,1,467743
9h3hAs4s,0.635,467750
Th3hAs4s,1,467743
Jh3hAs4s,1,467741
Qh3hAs4s,0.995,467748
3d3hAs4s,1,467748
4d3hAs4s,1,467741
5d3hAs4s,1,467752
Td3hAs4s,0.97,467759
Jd3hAs4s,1,467752
Qd3hAs4s,1,467747
3c3hAs4s,1,467748
4c3hAs4s,1,467741
5c3hAs4s,1,467752
Tc3hAs4s,0.97,467759
Jc3hAs4s,1,467752
Qc3hAs4s,1,467747
5h4hAs4s,1,467731
6h4hAs4s,1,467752
7h4hAs4s,1,467760
8h4hAs4s,1,467755
9h4hAs4s,1,467739
Th4hAs4s,1,467756
Jh4hAs4s,1,467735
Qh4hAs4s,1,467758
3d4hAs4s,1,467751
5d4hAs4s,1,467749
6d4hAs4s,1,467745
8d4hAs4s,1,467755
Td4hAs4s,1,467755
Jd4hAs4s,1,467744
Qd4hAs4s,1,467745
3c4hAs4s,1,467751
5c4hAs4s,1,467749
7c4hAs4s,1,467747
8c4hAs4s,1,467755
Tc4hAs4s,1,467755
Jc4hAs4s,1,467744
Qc4hAs4s,1,467745
7h5hAs4s,1,467752
8h5hAs4s,1,467752
9h5hAs4s,1,467739
Th5hAs4s,1,467747
Jh5hAs4s,1,467753
3d5hAs4s,1,467752
4d5hAs4s,1,467746
5d5hAs4s,1,467754
8d5hAs4s,0.1,467727
9d5hAs4s,0.94,467757
Td5hAs4s,1,467745
Jd5hAs4s,1,467745
3c5hAs4s,1,467752
4c5hAs4s,1,467746
5c5hAs4s,1,467754
8c5hAs4s,0.1,467727
9c5hAs4s,0.94,467757
Tc5hAs4s,1,467745
Jc5hAs4s,1,467745
3d6hAs4s,0.0002,467739
4d6hAs4s,1,467760
3c6hAs4s,0.0002,467739
4c6hAs4s,1,467760
Th7hAs4s,1,467760
Jh7hAs4s,1,467753
Qh7hAs4s,1,467763
3d7hAs4s,0.5364,467753
4d7hAs4s,1,467749
8d7hAs4s,0.27,467759
Td7hAs4s,1,467756
Jd7hAs4s,1,467749
Qd7hAs4s,1,467745
3c7hAs4s,0.5364,467753
4c7hAs4s,1,467749
7c7hAs4s,0.975,467755
8c7hAs4s,0.27,467759
Tc7hAs4s,1,467756
Jc7hAs4s,1,467749
Qc7hAs4s,1,467745
9h8hAs4s,0.04,467937
Th8hAs4s,1,467745
Jh8hAs4s,1,467748
Qh8hAs4s,1,467750
4d8hAs4s,1,467756
5d8hAs4s,0.26,467748
9d8hAs4s,0.1438,467748
Td8hAs4s,0.76,467758
Jd8hAs4s,0.605,467767
Qd8hAs4s,1,467755
4c8hAs4s,1,467756
5c8hAs4s,0.26,467748
9c8hAs4s,0.1438,467748
Tc8hAs4s,0.76,467758
Jc8hAs4s,0.605,467767
Qc8hAs4s,1,467755
Th9hAs4s,1,467748
Jh9hAs4s,1,467743
Qh9hAs4s,1,467740
8d9hAs4s,0.1724,467741
Td9hAs4s,1,467755
Jd9hAs4s,1,467745
Qd9hAs4s,1,467748
8c9hAs4s,0.1724,467741
Tc9hAs4s,1,467755
Jc9hAs4s,1,467745
Qc9hAs4s,1,467748
3dThAs4s,0.97,467751
4dThAs4s,1,467763
5dThAs4s,1,467748
8dThAs4s,1,467746
9dThAs4s,1,467745
TdThAs4s,1,467749
3cThAs4s,0.97,467751
4cThAs4s,1,467763
5cThAs4s,1,467748
7cThAs4s,1,467735
8cThAs4s,1,467746
9cThAs4s,1,467745
TcThAs4s,1,467749
3dJhAs4s,1,467747
4dJhAs4s,1,467749
5dJhAs4s,1,467755
9dJhAs4s,1,467755
JdJhAs4s,1,467741
3cJhAs4s,1,467747
4cJhAs4s,1,467749
5cJhAs4s,1,467755
7cJhAs4s,1,467751
9cJhAs4s,1,467755
JcJhAs4s,1,467741
4dQhAs4s,1,467741
8dQhAs4s,0.805,467744
9dQhAs4s,1,467745
4cQhAs4s,1,467741
7cQhAs4s,1,467751
8cQhAs4s,0.805,467744
9cQhAs4s,1,467745
9dAhAs4s,0.055,467803
9cAhAs4s,0.055,467803
3d2dAs4s,0.68,467756
4d3dAs4s,1,467744
5d3dAs4s,1,467751
6d3dAs4s,1,467762
9d3dAs4s,0.95,467749
Td3dAs4s,1,467755
Jd3dAs4s,1,467747
Qd3dAs4s,1,467749
3c3dAs4s,1,467754
4c3dAs4s,1,467744
5c3dAs4s,1,467751
7c3dAs4s,0.72,467747
Tc3dAs4s,0.97,467755
Jc3dAs4s,1,467747
Qc3dAs4s,1,467749
5d4dAs4s,1,467753
6d4dAs4s,0.98,467750
8d4dAs4s,1,467744
9d4dAs4s,1,467752
Td4dAs4s,1,467755
Jd4dAs4s,1,467748
Qd4dAs4s,1,467751
Kd4dAs4s,0.38,467764
3c4dAs4s,1,467744
5c4dAs4s,1,467753
7c4dAs4s,1,467751
8c4dAs4s,1,467744
Tc4dAs4s,1,467755
Jc4dAs4s,1,467748
Qc4dAs4s,1,467751
Kc4dAs4s,0.38,467764
8d5dAs4s,1,467748
9d5dAs4s,0.71,467745
Td5dAs4s,1,467737
Jd5dAs4s,1,467753
3c5dAs4s,1,467751
4c5dAs4s,1,467753
5c5dAs4s,1,467755
7c5dAs4s,0.69,467752
8c5dAs4s,1,467748
9c5dAs4s,0.71,467745
Tc5dAs4s,1,467737
Jc5dAs4s,1,467753
3c6dAs4s,0.01,467762
4c6dAs4s,0.98,467750
Td8dAs4s,1,467750
Jd8dAs4s,1,467745
Qd8dAs4s,1,467744
4c8dAs4s,1,467744
5c8dAs4s,1,467748
Tc8dAs4s,1,467750
Jc8dAs4s,1,467745
Qc8dAs4s,1,467744
Td9dAs4s,1,467744
Jd9dAs4s,1,467748
Qd9dAs4s,1,467754
5c9dAs4s,0.71,467745
Tc9dAs4s,1,467744
Jc9dAs4s,1,467748
Qc9dAs4s,1,467754
3cTdAs4s,0.97,467755
4cTdAs4s,1,467755
5cTdAs4s,1,467737
7cTdAs4s,1,467747
8cTdAs4s,1,467750
9cTdAs4s,1,467744
TcTdAs4s,1,467749
3cJdAs4s,1,467747
4cJdAs4s,1,467748
5cJdAs4s,1,467753
7cJdAs4s,1,467749
8cJdAs4s,1,467745
9cJdAs4s,1,467748
JcJdAs4s,1,467749
3cQdAs4s,1,467749
4cQdAs4s,1,467751
7cQdAs4s,1,467751
8cQdAs4s,1,467744
9cQdAs4s,1,467754
4cKdAs4s,0.38,467764
3c2cAs4s,0.68,467756
4c3cAs4s,1,467744
5c3cAs4s,1,467751
7c3cAs4s,1,467747
9c3cAs4s,0.95,467749
Tc3cAs4s,1,467755
Jc3cAs4s,1,467747
Qc3cAs4s,1,467749
5c4cAs4s,1,467753
7c4cAs4s,1,467751
8c4cAs4s,1,467744
9c4cAs4s,1,467752
Tc4cAs4s,1,467755
Jc4cAs4s,1,467748
Qc4cAs4s,1,467751
Kc4cAs4s,0.38,467764
7c5cAs4s,0.69,467752
8c5cAs4s,1,467748
9c5cAs4s,0.71,467745
Tc5cAs4s,1,467737
Jc5cAs4s,1,467753
Tc7cAs4s,1,467747
Jc7cAs4s,1,467749
Qc7cAs4s,1,467751
Tc8cAs4s,1,467750
Jc8cAs4s,1,467745
Qc8cAs4s,1,467744
Tc9cAs4s,1,467744
Jc9cAs4s,1,467748
Qc9cAs4s,1,467754
5hAs6s5s,1,467746
5dAs6s5s,1,467753
5cAs6s5s,1,467753
JhJs7s5s,1,-226775
AhJs7s5s,0.99,-203706
JdJs7s5s,1,-224587
AdJs7s5s,0.99,-202561
JcJs7s5s,1,-224587
AcJs7s5s,0.99,-202561
4hAs7s5s,1,467742
5hAs7s5s,1,467758
7hAs7s5s,1,467750
ThAs7s5s,1,467758
JhAs7s5s,1,467742
QhAs7s5s,1,467754
AhAs7s5s,1,467753
4dAs7s5s,1,467749
5dAs7s5s,1,467752
TdAs7s5s,1,467760
JdAs7s5s,1,467747
QdAs7s5s,1,467741
AdAs7s5s,1,467751
4cAs7s5s,1,467749
5cAs7s5s,1,467752
7cAs7s5s,1,467762
TcAs7s5s,1,467760
JcAs7s5s,1,467747
QcAs7s5s,1,467741
AcAs7s5s,1,467751
AsTs9s5s,0.0059,0
AsJs9s5s,0.005,0
JhJs9s5s,1,-220264
AhJs9s5s,0.95,-196088
JdJs9s5s,1,-221757
AdJs9s5s,0.95,-197642
JcJs9s5s,1,-221757
AcJs9s5s,0.95,-197642
9hAs9s5s,1,467740
ThAs9s5s,1,467755
JhAs9s5s,1,467755
AhAs9s5s,1,467750
9dAs9s5s,1,467756
TdAs9s5s,1,467752
JdAs9s5s,1,467746
QdAs9s5s,0.81,467734
KdAs9s5s,0.58,467762
AdAs9s5s,1,467751
9cAs9s5s,1,467756
TcAs9s5s,1,467752
JcAs9s5s,1,467746
QcAs9s5s,0.81,467734
KcAs9s5s,0.58,467762
AcAs9s5s,1,467751
5hAsTs5s,0.57,467757
7hAsTs5s,1,467756
8hAsTs5s,1,467748
9hAsTs5s,1,467757
5dAsTs5s,0.57,467760
8dAsTs5s,1,467738
9dAsTs5s,1,467747
5cAsTs5s,0.57,467760
7cAsTs5s,1,467736
8cAsTs5s,1,467738
9cAsTs5s,1,467747
6h3hTs5s,0.01,-236741
Qh3hTs5s,1,-223060
Ah3hTs5s,1,-217533
5h4hTs5s,1,-232990
8h4hTs5s,0.58,-225415
9h4hTs5s,0.0037,-221624
Qh4hTs5s,1,-226145
Ah4hTs5s,1,-226481
7h5hTs5s,0.99,-234131
9h5hTs5s,0.18,-226895
Jh5hTs5s,0.53,-250714
Ah5hTs5s,1,-228551
9h6hTs5s,0.66,-224709
9h7hTs5s,1,-224779
Jh7hTs5s,1,-242350
Qh7hTs5s,1,-227106
Ah7hTs5s,1,-225916
Td7hTs5s,0.645,-250475
Ad7hTs5s,1,-224353
Tc7hTs5s,0.645,-250475
Ac7hTs5s,1,-224353
Ah8hTs5s,1,-224706
Ad8hTs5s,1,-226524
Ac8hTs5s,1,-226524
Ah9hTs5s,1,-219969
Td9hTs5s,1,-244189
Ad9hTs5s,0.0245,-219181
Tc9hTs5s,1,-244189
Ac9hTs5s,0.0245,-219181
AhThTs5s,1,-244295
5dThTs5s,1,-240875
9dThTs5s,0.09,-244161
AdThTs5s,1,-243876
5cThTs5s,1,-240875
7cThTs5s,1,-246503
9cThTs5s,0.09,-244161
AcThTs5s,1,-243876
8dAhTs5s,1,-220368
9dAhTs5s,0.98,-220967
TdAhTs5s,1,-244444
7cAhTs5s,1,-226898
8cAhTs5s,1,-220368
9cAhTs5s,0.98,-220967
TcAhTs5s,1,-244444
Ad2dTs5s,1,-223631
6d3dTs5s,0.0086,-201540
Ad3dTs5s,1,-218139
5d4dTs5s,1,-217792
Qd4dTs5s,0.475,-215930
Ad4dTs5s,1,-217481
8d5dTs5s,0.97,-220325
9d5dTs5s,0.18,-220475
Td5dTs5s,1,-245547
Jd5dTs5s,1,-239874
Ad5dTs5s,1,-222566
Tc5dTs5s,1,-245547
9d8dTs5s,1,-219490
Jd8dTs5s,1,-241837
Ad8dTs5s,1,-220089
Ac8dTs5s,1,-220089
Td9dTs5s,1,-244251
Ad9dTs5s,1,-220189
Tc9dTs5s,1,-244251
Ac9dTs5s,0.98,-220189
AdTdTs5s,1,-243609
5cTdTs5s,1,-245547
7cTdTs5s,0.31,-247867
9cTdTs5s,1,-244251
AcTdTs5s,1,-243609
7cAdTs5s,1,-224696
8cAdTs5s,1,-220089
9cAdTs5s,0.98,-220189
TcAdTs5s,1,-243609
Ac2cTs5s,1,-223631
Ac3cTs5s,1,-218139
5c4cTs5s,1,-217792
Qc4cTs5s,0.475,-215930
Ac4cTs5s,1,-217481
7c5cTs5s,0.99,-226370
8c5cTs5s,0.97,-220325
9c5cTs5s,0.18,-220475
Tc5cTs5s,1,-245547
Jc5cTs5s,1,-239874
Ac5cTs5s,1,-222566
9c7cTs5s,1,-224752
Tc7cTs5s,0.31,-247867
Jc7cTs5s,1,-242549
Ac7cTs5s,1,-224696
9c8cTs5s,1,-219490
Jc8cTs5s,1,-241837
Ac8cTs5s,1,-220089
Tc9cTs5s,1,-244251
Ac9cTs5s,1,-220189
AcTcTs5s,1,-243609
4hAsJs5s,0.97,467760
5hAsJs5s,1,467739
7hAsJs5s,1,467747
8hAsJs5s,1,467766
9hAsJs5s,1,467755
4dAsJs5s,0.97,467745
5dAsJs5s,1,467753
8dAsJs5s,1,467745
9dAsJs5s,1,467751
4cAsJs5s,0.97,467745
5cAsJs5s,1,467753
7cAsJs5s,1,467745
8cAsJs5s,1,467745
9cAsJs5s,1,467751
9h3hJs5s,0.89,-233439
Th3hJs5s,0.0096,-251472
Jh3hJs5s,1,-249755
Qh3hJs5s,1,-231240
Kh3hJs5s,1,-236227
Ah3hJs5s,1,-231578
5h4hJs5s,1,-244151
6h4hJs5s,0.3,-232729
7h4hJs5s,1,-240902
8h4hJs5s,1,-240422
9h4hJs5s,0.98,-238327
Qh4hJs5s,1,-235073
Ah4hJs5s,1,-233253
Ad4hJs5s,0.63,-236271
Ac4hJs5s,0.63,-236271
6h5hJs5s,1,-239834
7h5hJs5s,1,-244369
8h5hJs5s,1,-240993
9h5hJs5s,1,-242099
Qh5hJs5s,1,-238462
Kh5hJs5s,1,-245103
Ah5hJs5s,1,-240514
Ad5hJs5s,1,-240137
Ac5hJs5s,1,-240137
7h6hJs5s,0.728,-238171
9h6hJs5s,1,-233417
8h7hJs5s,0.415,-237613
9h7hJs5s,1,-239668
Qh7hJs5s,1,-236173
Kh7hJs5s,1,-241193
Ah7hJs5s,1,-234894
Ad7hJs5s,1,-236565
Ac7hJs5s,1,-236565
9h8hJs5s,1,-232698
Qh8hJs5s,1,-236293
Kh8hJs5s,0.845,-241717
Ah8hJs5s,1,-234164
Ad8hJs5s,0.02,-238789
Ac8hJs5s,0.02,-238789
Ah9hJs5s,1,-233579
9d9hJs5s,0.99,-232884
Jd9hJs5s,1,-250617
9c9hJs5s,0.99,-232884
Jc9hJs5s,1,-250617
AhJhJs5s,1,-249224
3dJhJs5s,0.73,-246834
AdJhJs5s,0.48,-250887
3cJhJs5s,0.73,-246834
AcJhJs5s,0.48,-250887
4dAhJs5s,0.63,-228952
5dAhJs5s,1,-232956
JdAhJs5s,1,-250293
4cAhJs5s,0.63,-228952
5cAhJs5s,1,-232956
7cAhJs5s,1,-233109
JcAhJs5s,1,-250293
Qd2dJs5s,1,-234945
Ad2dJs5s,1,-235644
9d3dJs5s,0.89,-228195
Qd3dJs5s,1,-226193
Kd3dJs5s,1,-230158
Ad3dJs5s,1,-227479
5d4dJs5s,1,-228207
8d4dJs5s,0.35,-229678
9d4dJs5s,0.98,-226927
Qd4dJs5s,1,-227806
Ad4dJs5s,1,-228845
Ac4dJs5s,0.63,-228845
6d5dJs5s,1,-230728
8d5dJs5s,1,-232878
9d5dJs5s,1,-233234
Jd5dJs5s,0.005,-251332
Qd5dJs5s,1,-232438
Kd5dJs5s,1,-235491
Ad5dJs5s,1,-233182
Jc5dJs5s,0.005,-251332
Ac5dJs5s,1,-233182
9d6dJs5s,0.095,-233147
9d8dJs5s,1,-230442
Kd8dJs5s,1,-234012
Ad8dJs5s,1,-229936
Ac8dJs5s,1,-229936
Jd9dJs5s,1,-250358
Ad9dJs5s,1,-231488
7c9dJs5s,0.02,-233658
9c9dJs5s,0.99,-230007
Jc9dJs5s,1,-250358
Ac9dJs5s,1,-231488
AdJdJs5s,0.23,-251082
5cJdJs5s,0.005,-251332
9cJdJs5s,1,-250358
AcJdJs5s,0.23,-251082
4cAdJs5s,0.63,-228845
5cAdJs5s,1,-233182
7cAdJs5s,1,-235258
8cAdJs5s,1,-229936
9cAdJs5s,1,-231488
JcAdJs5s,0.23,-251082
Qc2cJs5s,1,-234945
Ac2cJs5s,1,-235644
9c3cJs5s,0.89,-228195
Qc3cJs5s,1,-226193
Kc3cJs5s,1,-230158
Ac3cJs5s,1,-227479
5c4cJs5s,1,-228207
8c4cJs5s,0.35,-229678
9c4cJs5s,0.98,-226927
Qc4cJs5s,1,-227806
Ac4cJs5s,1,-228845
7c5cJs5s,1,-237883
8c5cJs5s,1,-232878
9c5cJs5s,1,-233234
Jc5cJs5s,0.005,-251332
Qc5cJs5s,1,-232438
Kc5cJs5s,1,-235491
Ac5cJs5s,1,-233182
9c7cJs5s,1,-233658
Kc7cJs5s,1,-237699
Ac7cJs5s,1,-235258
9c8cJs5s,1,-230442
Kc8cJs5s,1,-234012
Ac8cJs5s,1,-229936
Jc9cJs5s,1,-250358
Ac9cJs5s,1,-231488
AcJcJs5s,0.23,-251082
4h3hAs5s,1,467749
5h3hAs5s,1,467750
7h3hAs5s,1,467757
8h3hAs5s,0.71,467738
9h3hAs5s,0.71,467753
Th3hAs5s,1,467746
Jh3hAs5s,1,467743
Qh3hAs5s,1,467744
3d3hAs5s,1,467745
4d3hAs5s,1,467747
5d3hAs5s,1,467746
6d3hAs5s,0.39,467754
Td3hAs5s,1,467750
Jd3hAs5s,1,467736
Qd3hAs5s,1,467754
3c3hAs5s,1,467745
4c3hAs5s,1,467747
5c3hAs5s,1,467746
7c3hAs5s,0.705,467762
Tc3hAs5s,1,467750
Jc3hAs5s,1,467736
Qc3hAs5s,1,467754
5h4hAs5s,1,467739
7h4hAs5s,1,467743
8h4hAs5s,1,467737
9h4hAs5s,0.58,467740
Th4hAs5s,1,467742
Jh4hAs5s,1,467760
Qh4hAs5s,0.28,467744
3d4hAs5s,1,467752
4d4hAs5s,1,467749
5d4hAs5s,1,467747
9d4hAs5s,0.45,467751
Td4hAs5s,1,467745
Jd4hAs5s,1,467751
3c4hAs5s,1,467752
4c4hAs5s,1,467749
5c4hAs5s,1,467747
7c4hAs5s,1,467750
9c4hAs5s,0.45,467751
Tc4hAs5s,1,467745
Jc4hAs5s,1,467751
6h5hAs5s,1,467749
7h5hAs5s,1,467762
8h5hAs5s,1,467747
9h5hAs5s,1,467737
Th5hAs5s,1,467750
Jh5hAs5s,1,467751
Qh5hAs5s,1,467756
Kh5hAs5s,0.79,467745
2d5hAs5s,0.95,467754
3d5hAs5s,1,467749
4d5hAs5s,1,467754
6d5hAs5s,1,467751
8d5hAs5s,1,467756
9d5hAs5s,1,467750
Td5hAs5s,1,467752
Jd5hAs5s,1,467745
Qd5hAs5s,1,467750
Kd5hAs5s,1,467749
2c5hAs5s,0.95,467754
3c5hAs5s,1,467749
4c5hAs5s,1,467754
7c5hAs5s,1,467748
8c5hAs5s,1,467756
9c5hAs5s,1,467750
Tc5hAs5s,1,467752
Jc5hAs5s,1,467745
Qc5hAs5s,1,467750
Kc5hAs5s,1,467749
3d6hAs5s,0.0133,467773
5d6hAs5s,1,467760
3c6hAs5s,0.0133,467773
5c6hAs5s,1,467760
8h7hAs5s,0.0307,0
Th7hAs5s,1,467749
Jh7hAs5s,1,467739
Qh7hAs5s,1,467744
5d7hAs5s,1,467753
Td7hAs5s,1,467755
Jd7hAs5s,1,467739
Qd7hAs5s,1,467752
5c7hAs5s,1,467753
7c7hAs5s,1,467758
Tc7hAs5s,1,467755
Jc7hAs5s,1,467739
Qc7hAs5s,1,467752
Th8hAs5s,1,467744
Jh8hAs5s,1,467750
Qh8hAs5s,1,467767
5d8hAs5s,1,467752
Td8hAs5s,0.77,467747
Jd8hAs5s,1,467755
Qd8hAs5s,1,467745
5c8hAs5s,1,467752
Tc8hAs5s,0.77,467747
Jc8hAs5s,1,467755
Qc8hAs5s,1,467745
Th9hAs5s,1,467760
Jh9hAs5s,1,467740
Qh9hAs5s,1,467745
4d9hAs5s,1,467755
5d9hAs5s,1,467758
Td9hAs5s,1,467751
Jd9hAs5s,1,467754
Qd9hAs5s,1,467749
4c9hAs5s,1,467755
5c9hAs5s,1,467758
Tc9hAs5s,1,467751
Jc9hAs5s,1,467754
Qc9hAs5s,1,467749
3dThAs5s,1,467747
4dThAs5s,1,467743
5dThAs5s,1,467749
8dThAs5s,1,467740
9dThAs5s,1,467744
TdThAs5s,1,467745
3cThAs5s,1,467747
4cThAs5s,1,467743
5cThAs5s,1,467749
7cThAs5s,1,467765
8cThAs5s,1,467740
9cThAs5s,1,467744
TcThAs5s,1,467745
3dJhAs5s,1,467744
4dJhAs5s,1,467744
5dJhAs5s,1,467747
8dJhAs5s,1,467757
9dJhAs5s,1,467749
JdJhAs5s,1,467750
3cJhAs5s,1,467744
4cJhAs5s,1,467744
5cJhAs5s,1,467747
7cJhAs5s,1,467757
8cJhAs5s,1,467757
9cJhAs5s,1,467749
JcJhAs5s,1,467750
3dQhAs5s,1,467756
5dQhAs5s,1,467749
8dQhAs5s,1,467752
9dQhAs5s,1,467747
3cQhAs5s,1,467756
5cQhAs5s,1,467749
7cQhAs5s,1,467761
8cQhAs5s,1,467752
9cQhAs5s,1,467747
AdAhAs5s,0.655,467755
AcAhAs5s,0.655,467755
3d2dAs5s,1,467755
4d2dAs5s,0.87,467755
5d2dAs5s,1,467748
5c2dAs5s,0.95,467748
4d3dAs5s,1,467744
5d3dAs5s,1,467752
6d3dAs5s,0.35,467752
Td3dAs5s,1,467749
Jd3dAs5s,1,467751
Qd3dAs5s,1,467753
3c3dAs5s,0.565,467738
4c3dAs5s,1,467744
5c3dAs5s,1,467752
7c3dAs5s,1,467751
Tc3dAs5s,1,467749
Jc3dAs5s,1,467751
Qc3dAs5s,1,467753
5d4dAs5s,1,467746
8d4dAs5s,1,467750
9d4dAs5s,1,467748
Td4dAs5s,1,467748
Jd4dAs5s,1,467742
3c4dAs5s,1,467744
4c4dAs5s,1,467749
5c4dAs5s,1,467746
8c4dAs5s,1,467750
9c4dAs5s,1,467748
Tc4dAs5s,1,467748
Jc4dAs5s,1,467742
6d5dAs5s,1,467765
8d5dAs5s,1,467754
9d5dAs5s,1,467749
Td5dAs5s,1,467749
Jd5dAs5s,1,467745
Qd5dAs5s,1,467750
2c5dAs5s,0.95,467748
3c5dAs5s,1,467752
4c5dAs5s,1,467746
7c5dAs5s,1,467749
8c5dAs5s,1,467754
9c5dAs5s,1,467749
Tc5dAs5s,1,467749
Jc5dAs5s,1,467745
Qc5dAs5s,1,467750
3c6dAs5s,0.35,467752
5c6dAs5s,1,467765
Td8dAs5s,1,467754
Jd8dAs5s,1,467746
Qd8dAs5s,1,467756
4c8dAs5s,1,467750
5c8dAs5s,1,467754
Tc8dAs5s,1,467754
Jc8dAs5s,1,467746
Qc8dAs5s,1,467756
Td9dAs5s,1,467753
Jd9dAs5s,1,467745
Qd9dAs5s,1,467750
4c9dAs5s,1,467748
5c9dAs5s,1,467749
Tc9dAs5s,1,467753
Jc9dAs5s,1,467745
Qc9dAs5s,1,467750
3cTdAs5s,1,467749
4cTdAs5s,1,467748
5cTdAs5s,1,467749
7cTdAs5s,1,467748
8cTdAs5s,1,467754
9cTdAs5s,1,467753
TcTdAs5s,1,467747
3cJdAs5s,1,467751
4cJdAs5s,1,467742
5cJdAs5s,1,467745
7cJdAs5s,1,467746
8cJdAs5s,1,467746
9cJdAs5s,1,467745
JcJdAs5s,1,467756
3cQdAs5s,1,467753
5cQdAs5s,1,467750
7cQdAs5s,1,467737
8cQdAs5s,1,467756
9cQdAs5s,1,467750
AcAdAs5s,0.58,467747
3c2cAs5s,1,467755
4c2cAs5s,0.87,467755
5c2cAs5s,1,467748
4c3cAs5s,1,467744
5c3cAs5s,1,467752
7c3cAs5s,1,467751
Tc3cAs5s,1,467749
Jc3cAs5s,1,467751
Qc3cAs5s,1,467753
5c4cAs5s,1,467746
8c4cAs5s,1,467750
9c4cAs5s,1,467748
Tc4cAs5s,1,467748
Jc4cAs5s,1,467742
7c5cAs5s,1,467749
8c5cAs5s,1,467754
9c5cAs5s,1,467749
Tc5cAs5s,1,467749
Jc5cAs5s,1,467745
Qc5cAs5s,1,467750
Tc7cAs5s,1,467748
Jc7cAs5s,1,467746
Qc7cAs5s,1,467737
Tc8cAs5s,1,467754
Jc8cAs5s,1,467746
Qc8cAs5s,1,467756
Tc9cAs5s,1,467753
Jc9cAs5s,1,467745
Qc9cAs5s,1,467750
8d4d7h5s,0.005,-251557
8c4c7h5s,0.005,-251557
9dJh8h5s,0.0024,-254696
9cJh8h5s,0.0024,-254696
Ad3d8h5s,0.007,-239208
Ac3c8h5s,0.007,-239208
9c7c9h5s,0.885,-249968
9c7c9d5s,1,-249380
7h9s7s6s,0.24,-144866
Th9s7s6s,0.95,-181912
Td9s7s6s,0.31,-180068
7c9s7s6s,0.24,-153298
Tc9s7s6s,0.31,-180068
9hTs7s6s,0.545,-192251
9dTs7s6s,1,-189762
9cTs7s6s,1,-189762
7hAs7s6s,1,467733
7cAs7s6s,1,467738
7hTs9s6s,1,-186127
8hTs9s6s,0.415,-190127
8dTs9s6s,1,-180398
7cTs9s6s,1,-184411
8cTs9s6s,1,-180398
9hAs9s6s,1,467748
9dAs9s6s,1,467754
9cAs9s6s,1,467754
9h4h9s6s,0.37,-208125
7h5h9s6s,0.385,-216168
9h5h9s6s,1,-208353
7c5h9s6s,0.33,-205565
9h7h9s6s,1,-203413
Jh7h9s6s,1,-227781
8d7h9s6s,0.3963,-198960
9d7h9s6s,0.6426,-204182
Td7h9s6s,0.32,-229025
Jd7h9s6s,0.1036,-230899
7c7h9s6s,1,-199313
8c7h9s6s,0.3963,-198960
9c7h9s6s,0.6426,-204182
Tc7h9s6s,0.32,-229025
Jc7h9s6s,0.1036,-230899
Ah9h9s6s,1,-197373
7c9h9s6s,0.57,-202769
7cTh9s6s,0.0207,-220585
Td3d9s6s,0.0648,-222400
9d8d9s6s,1,-195743
9c8d9s6s,1,-195743
Ad9d9s6s,0.97,-197913
7c9d9s6s,0.0663,-203327
8c9d9s6s,1,-195743
Ac9d9s6s,0.97,-197913
7cTd9s6s,0.985,-227392
7cJd9s6s,0.28,-227467
9cAd9s6s,0.97,-197913
Tc3c9s6s,0.0648,-222400
9c7c9s6s,0.0663,-203327
Tc7c9s6s,0.985,-227392
Jc7c9s6s,1,-227467
9c8c9s6s,1,-195743
Ac9c9s6s,0.97,-197913
9h3hTs6s,0.3,-220395
Th3hTs6s,0.0404,-243887
9h4hTs6s,0.695,-228256
7h5hTs6s,1,-232791
8h5hTs6s,0.775,-233453
9h5hTs6s,0.105,-234422
8h7hTs6s,1,-232104
9h7hTs6s,1,-227124
Th7hTs6s,0.525,-247072
8d7hTs6s,0.3549,-225709
9d7hTs6s,0.345,-224582
8c7hTs6s,0.3549,-225709
9c7hTs6s,0.345,-224582
9h8hTs6s,1,-225711
Th8hTs6s,0.625,-248737
8d8hTs6s,1,-226948
9d8hTs6s,0.075,-225504
Qd8hTs6s,0.01,-227522
7c8hTs6s,1,-227519
8c8hTs6s,1,-226948
9c8hTs6s,0.075,-225504
Qc8hTs6s,0.01,-227522
8d9hTs6s,1,-223068
9d9hTs6s,0.49,-221392
7c9hTs6s,0.485,-223126
8c9hTs6s,1,-223068
9c9hTs6s,0.49,-221392
Td2dTs6s,0.0005,-254760
7c8dTs6s,1,-223178
8c8dTs6s,1,-217069
7c9dTs6s,0.27,-222470
Tc2cTs6s,0.0005,-254760
8c7cTs6s,1,-223178
9c7cTs6s,0.27,-222470
5h3hJs6s,0.1012,-240733
7h4hJs6s,0.9553,-240967
8h4hJs6s,0.205,-242153
7h5hJs6s,0.505,-242671
8h5hJs6s,0.8118,-243007
9h5hJs6s,1,-241237
8h7hJs6s,1,-240826
9h7hJs6s,0.995,-238717
8d7hJs6s,1,-234217
9d7hJs6s,0.3,-233763
8c7hJs6s,1,-234217
9c7hJs6s,0.3,-233763
9h8hJs6s,0.49,-235646
9d8hJs6s,0.99,-237189
7c8hJs6s,1,-240748
9c8hJs6s,0.99,-237189
8d9hJs6s,0.6386,-234264
8c9hJs6s,0.6386,-234264
9d5dJs6s,0.33,-235383
9d8dJs6s,0.06,-229055
7c8dJs6s,1,-234025
9c8dJs6s,0.0594,-229055
7c9dJs6s,0.895,-234036
8c9dJs6s,0.0594,-229055
7c4cJs6s,0.98,-232116
7c5cJs6s,0.945,-235277
9c5cJs6s,0.33,-235383
8c7cJs6s,1,-234025
9c7cJs6s,0.895,-234036
9c8cJs6s,0.06,-229055
4h3hAs6s,0.48,467754
5h3hAs6s,0.625,467743
7h3hAs6s,1,467742
8h3hAs6s,0.1773,467780
5d3hAs6s,0.325,467760
5c3hAs6s,0.325,467760
7h4hAs6s,0.96,467756
9h4hAs6s,0.1584,467738
4d4hAs6s,0.545,467751
4c4hAs6s,0.545,467751
7h5hAs6s,1,467752
8h5hAs6s,1,467738
9h5hAs6s,0.1267,467754
3d5hAs6s,0.295,467759
5d5hAs6s,1,467742
3c5hAs6s,0.295,467759
5c5hAs6s,1,467742
8h7hAs6s,1,467768
9h7hAs6s,1,467740
8d7hAs6s,1,467754
9d7hAs6s,0.57,467745
7c7hAs6s,1,467737
8c7hAs6s,1,467754
9c7hAs6s,0.57,467745
9h8hAs6s,1,467744
8d8hAs6s,0.86,467758
9d8hAs6s,1,467738
8c8hAs6s,0.86,467758
9c8hAs6s,1,467738
8d9hAs6s,0.62,467748
7c9hAs6s,1,467743
8c9hAs6s,0.62,467748
4c4dAs6s,0.47,467728
5c5dAs6s,1,467741
9d8dAs6s,1,467750
7c8dAs6s,1,467750
9c8dAs6s,1,467750
7c9dAs6s,1,467743
8c9dAs6s,1,467750
9c9dAs6s,0.335,467758
8c7cAs6s,1,467750
9c7cAs6s,1,467743
9c8cAs6s,1,467750
AsTs9s7s,1,467755
6hTs9s7s,1,-170842
8hTs9s7s,1,-175190
9hTs9s7s,1,-173767
ThTs9s7s,1,-201840
QhTs9s7s,0.52,-178937
AhTs9s7s,1,-173802
6dTs9s7s,1,-166927
8dTs9s7s,1,-168595
9dTs9s7s,1,-170313
TdTs9s7s,1,-203551
AdTs9s7s,1,-173446
8cTs9s7s,1,-168595
9cTs9s7s,1,-170313
TcTs9s7s,1,-203551
AcTs9s7s,1,-173446
AsJs9s7s,1,467755
8hJs9s7s,1,-190265
9hJs9s7s,1,-193158
JhJs9s7s,1,-212311
AhJs9s7s,1,-192282
8dJs9s7s,1,-184253
9dJs9s7s,1,-191088
JdJs9s7s,1,-216743
AdJs9s7s,1,-192899
8cJs9s7s,1,-184253
9cJs9s7s,1,-191088
JcJs9s7s,1,-216743
AcJs9s7s,1,-192899
7hAs9s7s,1,467738
8hAs9s7s,0.845,467750
9hAs9s7s,1,467751
ThAs9s7s,1,467754
JhAs9s7s,1,467757
AhAs9s7s,1,467740
8dAs9s7s,0.125,467764
9dAs9s7s,1,467750
TdAs9s7s,1,467746
JdAs9s7s,1,467754
AdAs9s7s,1,467747
7cAs9s7s,1,467764
8cAs9s7s,0.125,467764
9cAs9s7s,1,467750
TcAs9s7s,1,467746
JcAs9s7s,1,467754
AcAs9s7s,1,467747
Ad5h9s7s,0.017,-202078
Ac5h9s7s,0.017,-202078
9h7h9s7s,0.495,-198677
5d7h9s7s,0.024,-175343
9d7h9s7s,0.905,-194469
Ad7h9s7s,1,-195446
5c7h9s7s,0.024,-175343
9c7h9s7s,0.905,-194469
Ac7h9s7s,1,-195446
7c9h9s7s,0.185,-199222
7cAh9s7s,1,-194939
7c5d9s7s,0.03,-195262
7c9d9s7s,1,-195552
7cAd9s7s,1,-196017
7c3c9s7s,0.76,-189982
7c4c9s7s,1,-187387
7c5c9s7s,1,-195262
9c7c9s7s,1,-195552
Ac7c9s7s,1,-196017
7hJsTs7s,0.97,-219611
8hJsTs7s,1,-221454
ThJsTs7s,0.145,-241029
8dJsTs7s,1,-216942
7cJsTs7s,0.955,-217448
8cJsTs7s,1,-216942
4hAsTs7s,0.93,467764
5hAsTs7s,1,467741
7hAsTs7s,1,467749
8hAsTs7s,1,467746
9hAsTs7s,1,467734
ThAsTs7s,0.725,467748
4dAsTs7s,0.93,467747
5dAsTs7s,1,467761
8dAsTs7s,1,467744
9dAsTs7s,1,467739
TdAsTs7s,0.75,467758
4cAsTs7s,0.93,467747
5cAsTs7s,1,467761
7cAsTs7s,1,467752
8cAsTs7s,1,467744
9cAsTs7s,1,467739
TcAsTs7s,0.75,467758
9h3hTs7s,0.005,-207759
Jh3hTs7s,1,-238292
Ah3hTs7s,1,-215173
5h4hTs7s,0.545,-232583
7h4hTs7s,1,-225884
Th4hTs7s,1,-240032
Jh4hTs7s,1,-241096
Qh4hTs7s,0.045,-220150
Ah4hTs7s,1,-223798
7h5hTs7s,1,-231910
9h5hTs7s,1,-230028
Th5hTs7s,1,-247679
Jh5hTs7s,1,-246285
Qh5hTs7s,1,-224368
Ah5hTs7s,1,-224902
Td5hTs7s,0.615,-247088
Ad5hTs7s,1,-224933
Tc5hTs7s,0.615,-247088
Ac5hTs7s,1,-224933
7h6hTs7s,1,-223578
8h6hTs7s,0.4,-225806
9h6hTs7s,1,-218498
9d6hTs7s,0.695,-215432
7c6hTs7s,1,-223228
9c6hTs7s,0.695,-215432
8h7hTs7s,1,-224567
9h7hTs7s,1,-222196
Th7hTs7s,1,-243675
Qh7hTs7s,1,-222063
Ah7hTs7s,1,-222628
6d7hTs7s,1,-220899
8d7hTs7s,1,-218302
9d7hTs7s,1,-220523
Ad7hTs7s,1,-221629
8c7hTs7s,1,-218302
9c7hTs7s,1,-220523
Ac7hTs7s,1,-221629
9h8hTs7s,1,-223674
Jh8hTs7s,1,-242373
Ah8hTs7s,1,-224636
6d8hTs7s,0.985,-219487
8d8hTs7s,1,-218988
9d8hTs7s,1,-219531
Jd8hTs7s,1,-243022
Ad8hTs7s,1,-221577
7c8hTs7s,1,-222898
8c8hTs7s,1,-218988
9c8hTs7s,1,-219531
Jc8hTs7s,1,-243022
Ac8hTs7s,1,-221577
Th9hTs7s,1,-240737
Ah9hTs7s,1,-218578
6d9hTs7s,1,-218678
8d9hTs7s,1,-218387
9d9hTs7s,1,-215301
Td9hTs7s,1,-242696
Ad9hTs7s,1,-217207
7c9hTs7s,1,-223418
8c9hTs7s,1,-218387
9c9hTs7s,1,-215301
Tc9hTs7s,1,-242696
Ac9hTs7s,1,-217207
AhThTs7s,1,-241874
9dThTs7s,1,-240797
AdThTs7s,1,-241004
7cThTs7s,1,-242731
9cThTs7s,1,-240797
AcThTs7s,1,-241004
8dJhTs7s,1,-238999
8cJhTs7s,1,-238999
7cQhTs7s,0.335,-220631
5dAhTs7s,1,-219120
8dAhTs7s,1,-214569
9dAhTs7s,1,-217847
TdAhTs7s,1,-241476
5cAhTs7s,1,-219120
7cAhTs7s,1,-217924
8cAhTs7s,1,-214569
9cAhTs7s,1,-217847
TcAhTs7s,1,-241476
Ad2dTs7s,0.44,-219933
Td3dTs7s,0.335,-237615
Jd3dTs7s,0.42,-233452
Ad3dTs7s,1,-213314
Jd4dTs7s,1,-236341
Ad4dTs7s,0.895,-212586
9d5dTs7s,0.28,-216682
Td5dTs7s,0.725,-240224
Jd5dTs7s,1,-239353
Ad5dTs7s,1,-219241
Tc5dTs7s,0.725,-240224
Ac5dTs7s,1,-219241
9d6dTs7s,1,-212225
7c6dTs7s,1,-216915
9c6dTs7s,1,-212225
9d8dTs7s,1,-213094
Jd8dTs7s,1,-239351
Ad8dTs7s,1,-215423
7c8dTs7s,1,-219715
8c8dTs7s,1,-211752
9c8dTs7s,1,-213094
Jc8dTs7s,1,-239351
Ac8dTs7s,1,-215423
Td9dTs7s,1,-240858
Ad9dTs7s,1,-217277
7c9dTs7s,1,-217685
8c9dTs7s,1,-213094
9c9dTs7s,1,-214525
Tc9dTs7s,1,-240858
Ac9dTs7s,1,-217277
AdTdTs7s,1,-241296
5cTdTs7s,0.725,-240224
7cTdTs7s,0.965,-244518
9cTdTs7s,1,-240858
AcTdTs7s,1,-241296
8cJdTs7s,1,-239351
5cAdTs7s,1,-219241
7cAdTs7s,1,-221815
8cAdTs7s,1,-215423
9cAdTs7s,1,-217277
TcAdTs7s,1,-241296
Ac2cTs7s,0.44,-219933
Tc3cTs7s,0.335,-237615
Jc3cTs7s,0.42,-233452
Ac3cTs7s,1,-213314
7c4cTs7s,1,-218307
Jc4cTs7s,1,-236341
Ac4cTs7s,0.895,-212586
7c5cTs7s,1,-220471
9c5cTs7s,0.28,-216682
Tc5cTs7s,0.725,-240224
Jc5cTs7s,1,-239353
Ac5cTs7s,1,-219241
8c7cTs7s,1,-219715
9c7cTs7s,1,-217685
Tc7cTs7s,0.965,-244518
Ac7cTs7s,1,-221815
9c8cTs7s,1,-213094
Jc8cTs7s,1,-239351
Ac8cTs7s,1,-215423
Tc9cTs7s,1,-240858
Ac9cTs7s,1,-217277
AcTcTs7s,1,-241296
5hAsJs7s,1,467735
7hAsJs7s,1,467759
8hAsJs7s,1,467738
9hAsJs7s,1,467736
5dAsJs7s,1,467755
8dAsJs7s,1,467750
9dAsJs7s,1,467754
5cAsJs7s,1,467755
7cAsJs7s,1,467747
8cAsJs7s,1,467750
9cAsJs7s,1,467754
Th3hJs7s,0.95,-247573
Jh3hJs7s,0.66,-246870
Ah3hJs7s,1,-228708
5h4hJs7s,1,-239170
7h4hJs7s,0.49,-238075
9h4hJs7s,0.9016,-233589
Jh4hJs7s,0.68,-250578
Qh4hJs7s,1,-233652
Ah4hJs7s,1,-234953
7h5hJs7s,1,-241804
8h5hJs7s,0.03,-242258
9h5hJs7s,1,-237937
Qh5hJs7s,1,-234654
Kh5hJs7s,0.12,-235769
Ah5hJs7s,1,-238762
8d5hJs7s,0.8159,-231654
9d5hJs7s,0.1,-235242
Ad5hJs7s,1,-236485
8c5hJs7s,0.8159,-231654
9c5hJs7s,0.1,-235242
Ac5hJs7s,1,-236485
7h6hJs7s,1,-232989
8h6hJs7s,0.405,-233995
9h6hJs7s,0.84,-227794
9d6hJs7s,1,-229003
9c6hJs7s,1,-229003
8h7hJs7s,1,-236062
9h7hJs7s,1,-232782
Qh7hJs7s,1,-229717
Ah7hJs7s,1,-231804
8d7hJs7s,1,-230967
9d7hJs7s,1,-231750
Qd7hJs7s,1,-229570
Kd7hJs7s,0.03,-232102
Ad7hJs7s,1,-232352
8c7hJs7s,1,-230967
9c7hJs7s,1,-231750
Qc7hJs7s,1,-229570
Kc7hJs7s,0.03,-232102
Ac7hJs7s,1,-232352
9h8hJs7s,1,-232359
Th8hJs7s,0.545,-250597
Qh8hJs7s,1,-231357
Ah8hJs7s,1,-232328
5d8hJs7s,0.3977,-230235
6d8hJs7s,1,-230122
8d8hJs7s,1,-228740
9d8hJs7s,1,-233077
Ad8hJs7s,1,-231750
5c8hJs7s,0.3977,-230235
7c8hJs7s,1,-234055
8c8hJs7s,1,-228740
9c8hJs7s,1,-233077
Ac8hJs7s,1,-231750
Jh9hJs7s,1,-249135
Ah9hJs7s,1,-232448
5d9hJs7s,0.0566,-224970
6d9hJs7s,1,-228739
8d9hJs7s,1,-227665
9d9hJs7s,1,-227746
Jd9hJs7s,0.96,-250417
Ad9hJs7s,1,-231554
5c9hJs7s,0.0566,-224970
7c9hJs7s,1,-231720
8c9hJs7s,1,-227665
9c9hJs7s,1,-227746
Jc9hJs7s,0.96,-250417
Ac9hJs7s,1,-231554
8dThJs7s,1,-246731
8cThJs7s,1,-246731
QhJhJs7s,0.885,-247542
AhJhJs7s,1,-249365
4dJhJs7s,0.0297,-249281
9dJhJs7s,1,-246904
QdJhJs7s,0.88,-246779
AdJhJs7s,1,-248563
4cJhJs7s,0.0297,-249281
9cJhJs7s,1,-246904
QcJhJs7s,0.88,-246779
AcJhJs7s,1,-248563
7cQhJs7s,1,-229985
7cKhJs7s,0.99,-235259
5dAhJs7s,1,-228804
8dAhJs7s,1,-227701
9dAhJs7s,1,-227834
JdAhJs7s,1,-248427
5cAhJs7s,1,-228804
7cAhJs7s,1,-231124
8cAhJs7s,1,-227701
9cAhJs7s,1,-227834
JcAhJs7s,1,-248427
Ad2dJs7s,1,-232848
Td3dJs7s,0.99,-246051
Ad3dJs7s,0.22,-224434
5d4dJs7s,0.0023,-246957
Td4dJs7s,1,-244691
Jd4dJs7s,0.36,-243249
Qd4dJs7s,1,-221971
Jc4dJs7s,0.36,-243249
9d5dJs7s,1,-228305
Td5dJs7s,1,-250372
Qd5dJs7s,1,-228466
Ad5dJs7s,1,-228795
9c5dJs7s,0.1,-228305
Ac5dJs7s,1,-228795
9d6dJs7s,1,-224053
9c6dJs7s,1,-224053
9d8dJs7s,1,-225741
Td8dJs7s,1,-249369
Qd8dJs7s,1,-225960
Ad8dJs7s,1,-227119
7c8dJs7s,1,-227864
8c8dJs7s,1,-224510
9c8dJs7s,1,-225741
Tc8dJs7s,1,-249369
Qc8dJs7s,1,-225960
Ac8dJs7s,1,-227119
Jd9dJs7s,1,-248033
Ad9dJs7s,1,-229083
5c9dJs7s,0.1,-228305
7c9dJs7s,1,-231087
8c9dJs7s,1,-225741
9c9dJs7s,1,-225279
Jc9dJs7s,1,-248033
Ac9dJs7s,1,-229083
8cTdJs7s,1,-249369
QdJdJs7s,1,-245857
AdJdJs7s,1,-248512
4cJdJs7s,0.36,-243249
9cJdJs7s,1,-248033
QcJdJs7s,1,-245857
AcJdJs7s,1,-248512
7cQdJs7s,1,-230876
8cQdJs7s,1,-225960
JcQdJs7s,1,-245857
7cKdJs7s,1,-233249
5cAdJs7s,1,-228795
7cAdJs7s,1,-232737
8cAdJs7s,1,-227119
9cAdJs7s,1,-229083
JcAdJs7s,1,-248512
Ac2cJs7s,1,-232848
Tc3cJs7s,0.99,-246051
Ac3cJs7s,0.22,-224434
5c4cJs7s,0.0023,-246957
7c4cJs7s,0.49,-227245
Tc4cJs7s,1,-244691
Jc4cJs7s,0.36,-243249
Qc4cJs7s,1,-221971
7c5cJs7s,1,-235300
9c5cJs7s,1,-228305
Tc5cJs7s,1,-250372
Qc5cJs7s,1,-228466
Ac5cJs7s,1,-228795
8c7cJs7s,1,-227864
9c7cJs7s,1,-231087
Qc7cJs7s,1,-230876
Kc7cJs7s,1,-233249
Ac7cJs7s,1,-232737
9c8cJs7s,1,-225741
Tc8cJs7s,1,-249369
Qc8cJs7s,1,-225960
Ac8cJs7s,1,-227119
Jc9cJs7s,1,-248033
Ac9cJs7s,1,-229083
QcJcJs7s,1,-245857
AcJcJs7s,1,-248512
4h3hAs7s,1,467751
5h3hAs7s,1,467750
7h3hAs7s,1,467770
Th3hAs7s,0.74,467748
Jh3hAs7s,1,467751
Qh3hAs7s,1,467748
4d3hAs7s,0.63,467753
5d3hAs7s,1,467749
Td3hAs7s,1,467752
Jd3hAs7s,1,467756
Qd3hAs7s,1,467746
4c3hAs7s,0.63,467753
5c3hAs7s,1,467749
7c3hAs7s,1,467742
Tc3hAs7s,1,467752
Jc3hAs7s,1,467756
Qc3hAs7s,1,467746
5h4hAs7s,1,467757
7h4hAs7s,1,467744
Th4hAs7s,0.63,467745
Jh4hAs7s,1,467741
Qh4hAs7s,1,467755
4d4hAs7s,0.94,467742
5d4hAs7s,1,467751
Td4hAs7s,1,467751
Jd4hAs7s,1,467747
Qd4hAs7s,1,467751
4c4hAs7s,0.94,467742
5c4hAs7s,1,467751
7c4hAs7s,1,467749
Tc4hAs7s,1,467751
Jc4hAs7s,1,467747
Qc4hAs7s,1,467751
6h5hAs7s,0.0275,467795
7h5hAs7s,1,467759
Th5hAs7s,1,467740
Jh5hAs7s,1,467757
Qh5hAs7s,1,467760
Ah5hAs7s,0.465,467741
4d5hAs7s,1,467740
5d5hAs7s,1,467738
9d5hAs7s,0.0388,467769
Td5hAs7s,1,467750
Jd5hAs7s,1,467759
Qd5hAs7s,1,467754
4c5hAs7s,1,467740
5c5hAs7s,1,467738
7c5hAs7s,1,467748
9c5hAs7s,0.0388,467769
Tc5hAs7s,1,467750
Jc5hAs7s,1,467759
Qc5hAs7s,1,467754
7h6hAs7s,1,467746
7c6hAs7s,0.645,467749
8h7hAs7s,1,467760
9h7hAs7s,1,467735
Th7hAs7s,1,467754
Jh7hAs7s,1,467740
Qh7hAs7s,0.03,467738
3d7hAs7s,0.75,467753
4d7hAs7s,1,467742
5d7hAs7s,1,467744
8d7hAs7s,0.095,467729
9d7hAs7s,1,467746
Td7hAs7s,1,467756
Jd7hAs7s,1,467749
3c7hAs7s,0.75,467753
4c7hAs7s,1,467742
5c7hAs7s,1,467744
8c7hAs7s,0.095,467729
9c7hAs7s,1,467746
Tc7hAs7s,1,467756
Jc7hAs7s,1,467749
9h8hAs7s,1,467739
Th8hAs7s,1,467746
Jh8hAs7s,1,467745
Qh8hAs7s,0.635,467749
9d8hAs7s,0.96,467743
Td8hAs7s,1,467765
Jd8hAs7s,1,467743
Qd8hAs7s,1,467752
7c8hAs7s,1,467754
9c8hAs7s,0.96,467743
Tc8hAs7s,1,467765
Jc8hAs7s,1,467743
Qc8hAs7s,1,467752
Th9hAs7s,1,467747
Jh9hAs7s,1,467744
8d9hAs7s,0.96,467747
Td9hAs7s,1,467753
Jd9hAs7s,1,467754
Qd9hAs7s,0.315,467718
8c9hAs7s,0.96,467747
Tc9hAs7s,1,467753
Jc9hAs7s,1,467754
Qc9hAs7s,0.315,467718
4dThAs7s,1,467751
5dThAs7s,1,467747
8dThAs7s,1,467753
9dThAs7s,1,467757
TdThAs7s,1,467759
4cThAs7s,1,467751
5cThAs7s,1,467747
7cThAs7s,1,467751
8cThAs7s,1,467753
9cThAs7s,1,467757
TcThAs7s,1,467759
4dJhAs7s,1,467748
5dJhAs7s,1,467746
8dJhAs7s,1,467750
9dJhAs7s,1,467754
JdJhAs7s,1,467765
4cJhAs7s,1,467748
5cJhAs7s,1,467746
7cJhAs7s,1,467749
8cJhAs7s,1,467750
9cJhAs7s,1,467754
JcJhAs7s,1,467765
3dQhAs7s,1,467761
4dQhAs7s,1,467758
5dQhAs7s,1,467745
8dQhAs7s,1,467757
3cQhAs7s,1,467761
4cQhAs7s,1,467758
5cQhAs7s,1,467745
8cQhAs7s,1,467757
AdAhAs7s,1,467741
AcAhAs7s,1,467741
4d3dAs7s,0.625,467740
5d3dAs7s,0.615,467745
Td3dAs7s,0.795,467751
Jd3dAs7s,1,467753
Qd3dAs7s,1,467749
4c3dAs7s,0.3937,467740
5c3dAs7s,0.615,467745
7c3dAs7s,1,467757
Tc3dAs7s,0.795,467751
Jc3dAs7s,1,467753
Qc3dAs7s,1,467749
5d4dAs7s,0.34,467745
Td4dAs7s,1,467749
Jd4dAs7s,0.06,467759
Qd4dAs7s,1,467749
3c4dAs7s,0.3937,467740
4c4dAs7s,0.995,467740
5c4dAs7s,0.34,467745
7c4dAs7s,1,467753
Tc4dAs7s,1,467749
Jc4dAs7s,0.06,467759
Qc4dAs7s,1,467749
Td5dAs7s,1,467743
Jd5dAs7s,1,467750
Qd5dAs7s,1,467754
3c5dAs7s,0.615,467745
4c5dAs7s,0.34,467745
5c5dAs7s,1,467750
7c5dAs7s,1,467734
Tc5dAs7s,1,467743
Jc5dAs7s,1,467750
Qc5dAs7s,1,467754
7c6dAs7s,1,467746
9d8dAs7s,1,467742
Td8dAs7s,1,467744
Jd8dAs7s,1,467756
Qd8dAs7s,1,467746
7c8dAs7s,0.27,467761
9c8dAs7s,1,467742
Tc8dAs7s,1,467744
Jc8dAs7s,1,467756
Qc8dAs7s,1,467746
Td9dAs7s,1,467753
Jd9dAs7s,1,467748
7c9dAs7s,1,467753
8c9dAs7s,1,467742
Tc9dAs7s,1,467753
Jc9dAs7s,1,467748
3cTdAs7s,0.795,467751
4cTdAs7s,1,467749
5cTdAs7s,1,467743
7cTdAs7s,1,467753
8cTdAs7s,1,467744
9cTdAs7s,1,467753
TcTdAs7s,1,467742
3cJdAs7s,1,467753
4cJdAs7s,0.06,467759
5cJdAs7s,1,467750
7cJdAs7s,1,467749
8cJdAs7s,1,467756
9cJdAs7s,1,467748
JcJdAs7s,1,467755
3cQdAs7s,1,467749
4cQdAs7s,1,467749
5cQdAs7s,1,467754
7cQdAs7s,1,467746
8cQdAs7s,1,467746
AcAdAs7s,0.735,467744
7c2cAs7s,1,467746
4c3cAs7s,0.625,467740
5c3cAs7s,0.615,467745
7c3cAs7s,1,467757
Tc3cAs7s,0.795,467751
Jc3cAs7s,1,467753
Qc3cAs7s,1,467749
5c4cAs7s,0.34,467745
7c4cAs7s,1,467753
Tc4cAs7s,1,467749
Jc4cAs7s,0.06,467759
Qc4cAs7s,1,467749
7c5cAs7s,1,467734
Tc5cAs7s,1,467743
Jc5cAs7s,1,467750
Qc5cAs7s,1,467754
8c7cAs7s,0.27,467761
9c7cAs7s,1,467753
Tc7cAs7s,1,467753
Jc7cAs7s,1,467749
Qc7cAs7s,1,467746
9c8cAs7s,1,467742
Tc8cAs7s,1,467744
Jc8cAs7s,1,467756
Qc8cAs7s,1,467746
Tc9cAs7s,1,467753
Jc9cAs7s,1,467748
9h8h7h7s,0.0015,-250527
9c9d7h7s,0.935,-248371
9d9h8h7s,0.665,-245687
9c9h8h7s,0.665,-245687
9d5d9h7s,1,-248855
9d8d9h7s,1,-240411
7c9d9h7s,0.89,-246227
9c5c9h7s,1,-248855
9c7c9h7s,0.89,-246227
9c8c9h7s,1,-240411
9c9dAh7s,0.0025,-252109
9c9d5d7s,0.725,-246228
9c9d8d7s,1,-238897
9c5c9d7s,0.725,-246228
9c8c9d7s,1,-238897
3hAsTs9s,1,467744
4hAsTs9s,1,467747
5hAsTs9s,1,467752
7hAsTs9s,1,467751
8hAsTs9s,1,467766
3dAsTs9s,1,467740
4dAsTs9s,1,467754
5dAsTs9s,1,467750
8dAsTs9s,1,467749
9dAsTs9s,1,467767
3cAsTs9s,1,467740
4cAsTs9s,1,467754
5cAsTs9s,1,467750
7cAsTs9s,1,467739
8cAsTs9s,1,467749
9cAsTs9s,1,467767
6h3hTs9s,1,-213606
7h3hTs9s,0.665,-214243
8h3hTs9s,1,-214698
9h3hTs9s,1,-214161
Th3hTs9s,1,-233231
Ah3hTs9s,0.645,-212676
Td3hTs9s,1,-234098
Tc3hTs9s,1,-234098
5h4hTs9s,0.0085,-212448
6h4hTs9s,1,-220546
7h4hTs9s,1,-220634
8h4hTs9s,1,-218147
9h4hTs9s,1,-217638
Th4hTs9s,1,-235468
Ah4hTs9s,1,-213940
Td4hTs9s,1,-239113
Tc4hTs9s,1,-239113
6h5hTs9s,0.48,-220331
7h5hTs9s,1,-224144
8h5hTs9s,1,-224147
9h5hTs9s,1,-220499
Th5hTs9s,1,-240322
Ah5hTs9s,1,-221551
9d5hTs9s,1,-222284
Td5hTs9s,0.31,-239452
9c5hTs9s,1,-222284
Tc5hTs9s,0.31,-239452
7h6hTs9s,1,-217063
8h6hTs9s,1,-213953
8d6hTs9s,1,-210739
7c6hTs9s,1,-215166
8c6hTs9s,1,-210739
8h7hTs9s,1,-219169
9h7hTs9s,1,-218383
Th7hTs9s,1,-240643
Ah7hTs9s,1,-218440
6d7hTs9s,1,-217847
8d7hTs9s,1,-215617
9d7hTs9s,1,-214170
Ad7hTs9s,1,-216116
7c7hTs9s,1,-216831
8c7hTs9s,1,-215617
9c7hTs9s,1,-214170
Ac7hTs9s,1,-216116
9h8hTs9s,1,-213557
Th8hTs9s,1,-238597
Ah8hTs9s,1,-214899
6d8hTs9s,1,-215658
8d8hTs9s,1,-210675
9d8hTs9s,1,-215647
Ad8hTs9s,1,-214565
7c8hTs9s,1,-217671
8c8hTs9s,1,-210675
9c8hTs9s,1,-215647
Ac8hTs9s,1,-214565
Ah9hTs9s,1,-216743
5d9hTs9s,1,-209279
8d9hTs9s,1,-210069
Td9hTs9s,1,-236185
Ad9hTs9s,1,-212237
5c9hTs9s,1,-209279
7c9hTs9s,1,-217025
8c9hTs9s,1,-210069
Tc9hTs9s,1,-236185
Ac9hTs9s,1,-212237
AhThTs9s,1,-235785
2dThTs9s,1,-238090
5dThTs9s,0.26,-233646
9dThTs9s,1,-233478
AdThTs9s,1,-235271
2cThTs9s,1,-238090
5cThTs9s,0.26,-233646
9cThTs9s,1,-233478
AcThTs9s,1,-235271
9dAhTs9s,1,-212628
TdAhTs9s,1,-235446
7cAhTs9s,1,-215889
9cAhTs9s,1,-212628
TcAhTs9s,1,-235446
8d2dTs9s,1,-214285
9d2dTs9s,1,-215732
Td2dTs9s,0.025,-234744
Ad2dTs9s,1,-218227
Tc2dTs9s,0.025,-234744
8d3dTs9s,1,-205749
9d3dTs9s,1,-206895
Td3dTs9s,1,-229680
Tc3dTs9s,1,-229680
5d4dTs9s,0.05,-201482
8d4dTs9s,1,-205748
9d4dTs9s,1,-205921
Td4dTs9s,1,-230860
Ad4dTs9s,0.04,-203790
Tc4dTs9s,1,-230860
Ac4dTs9s,0.0328,-203790
8d5dTs9s,1,-210449
9d5dTs9s,1,-211006
Td5dTs9s,0.89,-237574
9c5dTs9s,1,-211006
Tc5dTs9s,0.89,-237574
8d6dTs9s,1,-207294
7c6dTs9s,1,-211160
8c6dTs9s,1,-207294
9d8dTs9s,1,-207684
Td8dTs9s,0.515,-233175
Ad8dTs9s,1,-209468
7c8dTs9s,1,-215050
8c8dTs9s,1,-202224
9c8dTs9s,1,-207684
Tc8dTs9s,0.515,-233175
Ac8dTs9s,1,-209468
Ad9dTs9s,1,-210549
5c9dTs9s,1,-211006
7c9dTs9s,1,-215735
8c9dTs9s,1,-207684
Ac9dTs9s,1,-210549
AdTdTs9s,1,-235576
2cTdTs9s,0.025,-234744
3cTdTs9s,1,-229680
4cTdTs9s,1,-230860
5cTdTs9s,0.89,-237574
8cTdTs9s,0.515,-233175
AcTdTs9s,1,-235576
4cAdTs9s,0.0328,-203790
7cAdTs9s,1,-212668
8cAdTs9s,1,-209468
9cAdTs9s,1,-210549
TcAdTs9s,1,-235576
8c2cTs9s,1,-214285
9c2cTs9s,1,-215732
Tc2cTs9s,0.025,-234744
Ac2cTs9s,1,-218227
7c3cTs9s,0.995,-210598
8c3cTs9s,1,-205749
9c3cTs9s,1,-206895
Tc3cTs9s,1,-229680
5c4cTs9s,0.05,-201482
7c4cTs9s,0.39,-210563
8c4cTs9s,1,-205748
9c4cTs9s,1,-205921
Tc4cTs9s,1,-230860
Ac4cTs9s,0.04,-203790
7c5cTs9s,1,-213412
8c5cTs9s,1,-210449
9c5cTs9s,1,-211006
Tc5cTs9s,0.89,-237574
8c7cTs9s,1,-215050
9c7cTs9s,1,-215735
Ac7cTs9s,1,-212668
9c8cTs9s,1,-207684
Tc8cTs9s,0.515,-233175
Ac8cTs9s,1,-209468
Ac9cTs9s,1,-210549
AcTcTs9s,1,-235576
4hAsJs9s,0.71,467733
5hAsJs9s,1,467763
7hAsJs9s,1,467759
8hAsJs9s,1,467754
9hAsJs9s,0.655,467731
4dAsJs9s,0.71,467723
5dAsJs9s,1,467739
8dAsJs9s,1,467744
9dAsJs9s,1,467759
4cAsJs9s,0.71,467723
5cAsJs9s,1,467739
7cAsJs9s,1,467755
8cAsJs9s,1,467744
9cAsJs9s,1,467759
8h3hJs9s,0.99,-228443
9h3hJs9s,1,-223342
Jh3hJs9s,1,-246455
Ah3hJs9s,1,-223641
Jd3hJs9s,0.6,-242985
Jc3hJs9s,0.6,-242985
5h4hJs9s,0.99,-237220
7h4hJs9s,0.64,-235849
8h4hJs9s,0.98,-233564
9h4hJs9s,1,-232440
Jh4hJs9s,1,-248934
Ah4hJs9s,0.66,-230963
Jd4hJs9s,1,-247994
Jc4hJs9s,1,-247994
6h5hJs9s,1,-232980
7h5hJs9s,1,-236780
8h5hJs9s,1,-235499
9h5hJs9s,1,-234493
Ah5hJs9s,1,-232260
9d5hJs9s,1,-233158
7c5hJs9s,0.0398,-237775
9c5hJs9s,1,-233158
7h6hJs9s,1,-231233
8h6hJs9s,1,-232228
8d6hJs9s,1,-223522
7c6hJs9s,1,-226405
8c6hJs9s,1,-223522
8h7hJs9s,1,-233436
9h7hJs9s,1,-231504
Jh7hJs9s,1,-248895
Ah7hJs9s,1,-228772
6d7hJs9s,1,-226974
8d7hJs9s,1,-227774
9d7hJs9s,1,-228535
Jd7hJs9s,0.525,-250737
Ad7hJs9s,1,-228258
7c7hJs9s,1,-228318
8c7hJs9s,1,-227774
9c7hJs9s,1,-228535
Jc7hJs9s,0.525,-250737
Ac7hJs9s,1,-228258
9h8hJs9s,1,-227874
Jh8hJs9s,1,-249306
Ah8hJs9s,1,-227306
6d8hJs9s,1,-225625
8d8hJs9s,1,-223906
9d8hJs9s,1,-228120
Jd8hJs9s,1,-248589
Ad8hJs9s,1,-229034
7c8hJs9s,1,-231108
8c8hJs9s,1,-223906
9c8hJs9s,1,-228120
Jc8hJs9s,1,-248589
Ac8hJs9s,1,-229034
Jh9hJs9s,1,-243131
Ah9hJs9s,1,-225044
5d9hJs9s,1,-226721
8d9hJs9s,1,-226347
Ad9hJs9s,1,-223857
5c9hJs9s,1,-226721
7c9hJs9s,1,-228084
8c9hJs9s,1,-226347
Ac9hJs9s,1,-223857
AhJhJs9s,1,-246316
2dJhJs9s,1,-249668
3dJhJs9s,0.27,-241922
4dJhJs9s,1,-243303
5dJhJs9s,0.11,-246594
9dJhJs9s,0.97,-243999
AdJhJs9s,1,-246787
2cJhJs9s,1,-249668
3cJhJs9s,0.27,-241922
4cJhJs9s,1,-243303
5cJhJs9s,0.11,-246594
7cJhJs9s,0.535,-248110
9cJhJs9s,0.97,-243999
AcJhJs9s,1,-246787
5dQhJs9s,0.01,-224357
5cQhJs9s,0.01,-224357
8dAhJs9s,0.635,-220682
9dAhJs9s,1,-225585
JdAhJs9s,1,-244331
7cAhJs9s,1,-229208
8cAhJs9s,0.635,-220682
9cAhJs9s,1,-225585
JcAhJs9s,1,-244331
8d2dJs9s,0.93,-225590
9d2dJs9s,1,-228202
Ad2dJs9s,1,-228967
8d3dJs9s,0.99,-217893
9d3dJs9s,1,-219235
Jd3dJs9s,1,-241746
Jc3dJs9s,1,-241746
5d4dJs9s,0.99,-221782
8d4dJs9s,0.98,-219569
9d4dJs9s,1,-222264
Jd4dJs9s,1,-241134
Jc4dJs9s,1,-241134
8d5dJs9s,1,-222556
9d5dJs9s,1,-224504
Jd5dJs9s,1,-245175
7c5dJs9s,0.05,-229016
9c5dJs9s,1,-224504
Jc5dJs9s,1,-245175
8d6dJs9s,1,-221892
7c6dJs9s,1,-226335
8c6dJs9s,1,-221892
9d8dJs9s,1,-220305
Jd8dJs9s,1,-245145
Ad8dJs9s,1,-222467
7c8dJs9s,1,-225622
8c8dJs9s,1,-217288
9c8dJs9s,1,-220305
Jc8dJs9s,1,-245145
Ac8dJs9s,1,-222467
Ad9dJs9s,1,-224083
5c9dJs9s,1,-224504
7c9dJs9s,1,-225295
8c9dJs9s,1,-220305
Ac9dJs9s,1,-224083
AdJdJs9s,1,-245526
3cJdJs9s,1,-241746
4cJdJs9s,1,-241134
5cJdJs9s,1,-245175
7cJdJs9s,0.785,-249739
8cJdJs9s,1,-245145
AcJdJs9s,1,-245526
7cAdJs9s,1,-227159
8cAdJs9s,1,-222467
9cAdJs9s,1,-224083
JcAdJs9s,1,-245526
8c2cJs9s,0.93,-225590
9c2cJs9s,1,-228202
Ac2cJs9s,1,-228967
8c3cJs9s,0.99,-217893
9c3cJs9s,1,-219235
Jc3cJs9s,1,-241746
5c4cJs9s,0.99,-221782
7c4cJs9s,0.64,-223404
8c4cJs9s,0.98,-219569
9c4cJs9s,1,-222264
Jc4cJs9s,1,-241134
7c5cJs9s,1,-229016
8c5cJs9s,1,-222556
9c5cJs9s,1,-224504
Jc5cJs9s,1,-245175
8c7cJs9s,1,-225622
9c7cJs9s,1,-225295
Jc7cJs9s,0.785,-249739
Ac7cJs9s,1,-227159
9c8cJs9s,1,-220305
Jc8cJs9s,1,-245145
Ac8cJs9s,1,-222467
Ac9cJs9s,1,-224083
AcJcJs9s,1,-245526
4h3hAs9s,1,467747
5h3hAs9s,1,467757
7h3hAs9s,0.705,467750
8h3hAs9s,0.52,467749
9h3hAs9s,1,467751
Th3hAs9s,1,467747
Jh3hAs9s,1,467754
Qh3hAs9s,1,467760
9d3hAs9s,1,467742
Td3hAs9s,1,467754
Qd3hAs9s,1,467745
9c3hAs9s,1,467742
Tc3hAs9s,1,467754
Qc3hAs9s,1,467745
5h4hAs9s,1,467735
7h4hAs9s,0.345,467735
9h4hAs9s,1,467754
Th4hAs9s,1,467741
Jh4hAs9s,1,467739
Qh4hAs9s,1,467753
5d4hAs9s,0.755,467748
Td4hAs9s,1,467756
Qd4hAs9s,1,467744
5c4hAs9s,0.755,467748
Tc4hAs9s,1,467756
Qc4hAs9s,1,467744
8h5hAs9s,0.58,467741
9h5hAs9s,1,467748
Th5hAs9s,1,467738
Jh5hAs9s,1,467755
Qh5hAs9s,1,467760
5d5hAs9s,0.22,467765
Jd5hAs9s,0.31,467755
Qd5hAs9s,1,467751
5c5hAs9s,0.22,467765
Jc5hAs9s,0.31,467755
Qc5hAs9s,1,467751
9h6hAs9s,1,467744
8h7hAs9s,1,467735
9h7hAs9s,0.675,467755
Th7hAs9s,1,467752
Jh7hAs9s,1,467758
Qh7hAs9s,1,467748
Td7hAs9s,1,467754
Jd7hAs9s,1,467745
Qd7hAs9s,1,467762
7c7hAs9s,1,467762
Tc7hAs9s,1,467754
Jc7hAs9s,1,467745
Qc7hAs9s,1,467762
9h8hAs9s,1,467754
Th8hAs9s,1,467752
Jh8hAs9s,1,467752
Qh8hAs9s,1,467745
Td8hAs9s,1,467746
Jd8hAs9s,1,467731
Qd8hAs9s,1,467757
7c8hAs9s,0.565,467760
Tc8hAs9s,1,467746
Jc8hAs9s,1,467731
Qc8hAs9s,1,467757
Th9hAs9s,1,467757
Jh9hAs9s,1,467754
2d9hAs9s,1,467752
3d9hAs9s,0.285,467758
4d9hAs9s,0.04,467779
Td9hAs9s,1,467757
Jd9hAs9s,1,467748
2c9hAs9s,1,467752
3c9hAs9s,0.285,467758
4c9hAs9s,0.04,467779
Tc9hAs9s,1,467757
Jc9hAs9s,1,467748
5dThAs9s,0.655,467746
8dThAs9s,1,467750
9dThAs9s,1,467746
TdThAs9s,1,467752
5cThAs9s,0.655,467746
7cThAs9s,1,467760
8cThAs9s,1,467750
9cThAs9s,1,467746
TcThAs9s,1,467752
5dJhAs9s,0.32,467739
8dJhAs9s,1,467756
9dJhAs9s,1,467743
JdJhAs9s,1,467748
5cJhAs9s,0.32,467739
7cJhAs9s,1,467752
8cJhAs9s,1,467756
9cJhAs9s,1,467743
JcJhAs9s,1,467748
8dQhAs9s,1,467757
8cQhAs9s,1,467757
3dAhAs9s,0.13,467738
3cAhAs9s,0.13,467738
8d2dAs9s,1,467747
9d2dAs9s,1,467746
Td2dAs9s,1,467754
9c2dAs9s,1,467746
Tc2dAs9s,1,467754
9d3dAs9s,1,467750
Td3dAs9s,1,467754
Jd3dAs9s,1,467748
Qd3dAs9s,1,467753
9c3dAs9s,1,467750
Tc3dAs9s,1,467754
Jc3dAs9s,1,467748
Qc3dAs9s,1,467753
5d4dAs9s,1,467751
Td4dAs9s,1,467754
Jd4dAs9s,1,467754
Qd4dAs9s,1,467750
5c4dAs9s,1,467751
Tc4dAs9s,1,467754
Jc4dAs9s,1,467754
Qc4dAs9s,1,467750
9d5dAs9s,0.53,467748
Td5dAs9s,1,467752
Jd5dAs9s,1,467747
Qd5dAs9s,1,467745
4c5dAs9s,1,467751
5c5dAs9s,1,467740
9c5dAs9s,0.53,467748
Tc5dAs9s,1,467752
Jc5dAs9s,1,467747
Qc5dAs9s,1,467745
8d6dAs9s,0.045,467764
7c6dAs9s,0.0015,0
8c6dAs9s,0.045,467764
9d8dAs9s,0.675,467753
Td8dAs9s,1,467746
Jd8dAs9s,1,467746
Qd8dAs9s,1,467746
7c8dAs9s,0.805,467745
8c8dAs9s,0.795,467772
9c8dAs9s,0.675,467753
Tc8dAs9s,1,467746
Jc8dAs9s,1,467746
Qc8dAs9s,1,467746
Td9dAs9s,1,467750
Jd9dAs9s,1,467747
2c9dAs9s,1,467746
3c9dAs9s,1,467750
5c9dAs9s,0.53,467748
8c9dAs9s,0.675,467753
Tc9dAs9s,1,467750
Jc9dAs9s,1,467747
2cTdAs9s,1,467754
3cTdAs9s,1,467754
4cTdAs9s,1,467754
5cTdAs9s,1,467752
7cTdAs9s,1,467746
8cTdAs9s,1,467746
9cTdAs9s,1,467750
TcTdAs9s,1,467750
3cJdAs9s,1,467748
4cJdAs9s,1,467754
5cJdAs9s,1,467747
7cJdAs9s,1,467755
8cJdAs9s,1,467746
9cJdAs9s,1,467747
JcJdAs9s,1,467763
3cQdAs9s,1,467753
4cQdAs9s,1,467750
5cQdAs9s,1,467745
7cQdAs9s,1,467750
8cQdAs9s,1,467746
7c2cAs9s,1,467743
8c2cAs9s,1,467747
9c2cAs9s,1,467746
Tc2cAs9s,1,467754
9c3cAs9s,1,467750
Tc3cAs9s,1,467754
Jc3cAs9s,1,467748
Qc3cAs9s,1,467753
5c4cAs9s,1,467751
Tc4cAs9s,1,467754
Jc4cAs9s,1,467754
Qc4cAs9s,1,467750
9c5cAs9s,0.53,467748
Tc5cAs9s,1,467752
Jc5cAs9s,1,467747
Qc5cAs9s,1,467745
8c7cAs9s,0.805,467745
Tc7cAs9s,1,467746
Jc7cAs9s,1,467755
Qc7cAs9s,1,467750
9c8cAs9s,0.675,467753
Tc8cAs9s,1,467746
Jc8cAs9s,1,467746
Qc8cAs9s,1,467746
Tc9cAs9s,1,467750
Jc9cAs9s,1,467747
Ad9d3h9s,0.91,-248053
Ac9c3h9s,0.91,-248053
9d4d4h9s,1,-249630
9c4c4h9s,1,-249630
9h8h7h9s,0.185,-248226
8d9h7h9s,1,-244244
8c9h7h9s,1,-244244
9d5d7h9s,0.23,-251214
9d8d7h9s,0.885,-243607
9c5c7h9s,0.23,-251214
9c8c7h9s,0.885,-243607
7c9h8h9s,1,-245095
3dAh8h9s,0.0003,-258759
3cAh8h9s,0.0003,-258759
9c7c8h9s,1,-245227
Ad3d9h9s,0.845,-244447
Ac3c9h9s,0.845,-244447
7c5c9h9s,0.5963,-250179
4c9d4d9s,0.308,-241193
9c4c4d9s,0.308,-241193
7c9d5d9s,0.0016,-253403
9c7c5d9s,0.0016,-253403
7c9d8d9s,1,-240751
9c7c8d9s,1,-240751
7c5c9d9s,0.0014,-253403
8c7c9d9s,1,-240751
9c8c7c9s,1,-240751
7h3hJsTs,1,-242885
8h3hJsTs,1,-246368
7h4hJsTs,1,-249991
8h4hJsTs,1,-245821
8h7hJsTs,1,-249111
8d7hJsTs,1,-245808
7c7hJsTs,0.43,-247196
8c7hJsTs,1,-245808
8d8hJsTs,0.995,-242159
7c8hJsTs,0.7,-248660
8c8hJsTs,0.995,-242159
8d5dJsTs,1,-241418
8c5dJsTs,0.29,-241418
5c8dJsTs,0.29,-241418
7c8dJsTs,1,-242907
8c5cJsTs,1,-241418
8c7cJsTs,1,-242907
4h3hAsTs,1,467761
5h3hAsTs,1,467757
7h3hAsTs,1,467760
8h3hAsTs,1,467750
9h3hAsTs,1,467744
Th3hAsTs,1,467747
3d3hAsTs,1,467750
4d3hAsTs,0.23,467748
5d3hAsTs,1,467751
8d3hAsTs,0.805,467752
3c3hAsTs,1,467750
4c3hAsTs,0.23,467748
5c3hAsTs,1,467751
8c3hAsTs,0.805,467752
5h4hAsTs,1,467749
7h4hAsTs,1,467757
8h4hAsTs,1,467751
9h4hAsTs,1,467743
Th4hAsTs,1,467759
3d4hAsTs,0.23,467752
4d4hAsTs,1,467757
5d4hAsTs,1,467748
8d4hAsTs,0.395,467772
Td4hAsTs,1,467752
3c4hAsTs,0.23,467752
4c4hAsTs,1,467757
5c4hAsTs,1,467748
8c4hAsTs,0.395,467772
Tc4hAsTs,1,467752
7h5hAsTs,1,467754
8h5hAsTs,1,467742
9h5hAsTs,1,467750
Th5hAsTs,1,467756
3d5hAsTs,1,467744
4d5hAsTs,1,467748
5d5hAsTs,1,467751
Td5hAsTs,0.4,467753
3c5hAsTs,1,467744
4c5hAsTs,1,467748
5c5hAsTs,1,467751
7c5hAsTs,1,467756
Tc5hAsTs,0.4,467753
8h7hAsTs,1,467749
9h7hAsTs,1,467753
Th7hAsTs,1,467750
4d7hAsTs,1,467740
5d7hAsTs,0.485,467747
8d7hAsTs,1,467749
9d7hAsTs,1,467750
4c7hAsTs,1,467740
5c7hAsTs,0.485,467747
7c7hAsTs,1,467746
8c7hAsTs,1,467749
9c7hAsTs,1,467750
9h8hAsTs,1,467747
Th8hAsTs,1,467761
2d8hAsTs,0.735,467753
8d8hAsTs,1,467750
9d8hAsTs,1,467747
Td8hAsTs,1,467751
2c8hAsTs,0.735,467753
7c8hAsTs,1,467743
8c8hAsTs,1,467750
9c8hAsTs,1,467747
Tc8hAsTs,1,467751
Th9hAsTs,1,467761
2d9hAsTs,0.725,467749
8d9hAsTs,1,467754
9d9hAsTs,1,467752
Td9hAsTs,1,467753
2c9hAsTs,0.725,467749
7c9hAsTs,1,467753
8c9hAsTs,1,467754
9c9hAsTs,1,467752
Tc9hAsTs,1,467753
3dThAsTs,0.065,467748
4dThAsTs,0.685,467752
9dThAsTs,1,467761
3cThAsTs,0.065,467748
4cThAsTs,0.685,467752
9cThAsTs,1,467761
5d2dAsTs,0.04,467798
8d2dAsTs,1,467746
9d2dAsTs,0.975,467750
8c2dAsTs,1,467746
9c2dAsTs,0.975,467750
4d3dAsTs,1,467749
5d3dAsTs,1,467748
Td3dAsTs,0.0057,467724
3c3dAsTs,1,467753
4c3dAsTs,0.23,467749
5c3dAsTs,1,467748
Tc3dAsTs,0.0057,467724
5d4dAsTs,1,467749
8d4dAsTs,1,467754
Td4dAsTs,1,467747
3c4dAsTs,0.23,467749
4c4dAsTs,1,467752
5c4dAsTs,1,467749
7c4dAsTs,0.98,467748
8c4dAsTs,1,467754
Tc4dAsTs,1,467747
8d5dAsTs,1,467754
9d5dAsTs,1,467755
3c5dAsTs,1,467748
4c5dAsTs,1,467749
5c5dAsTs,1,467760
7c5dAsTs,0.445,467743
8c5dAsTs,1,467754
9c5dAsTs,1,467755
9d8dAsTs,1,467748
Td8dAsTs,1,467753
2c8dAsTs,1,467746
4c8dAsTs,1,467754
5c8dAsTs,1,467754
7c8dAsTs,1,467752
8c8dAsTs,1,467744
9c8dAsTs,1,467748
Tc8dAsTs,1,467753
Td9dAsTs,1,467751
2c9dAsTs,0.975,467750
5c9dAsTs,1,467755
7c9dAsTs,1,467740
8c9dAsTs,1,467748
9c9dAsTs,0.99,467747
Tc9dAsTs,1,467751
3cTdAsTs,0.0057,467724
4cTdAsTs,1,467747
7cTdAsTs,1,467749
8cTdAsTs,1,467753
9cTdAsTs,1,467751
5c2cAsTs,0.04,467798
7c2cAsTs,0.99,467744
8c2cAsTs,1,467746
9c2cAsTs,0.975,467750
4c3cAsTs,1,467749
5c3cAsTs,1,467748
Tc3cAsTs,0.0057,467724
5c4cAsTs,1,467749
7c4cAsTs,0.98,467748
8c4cAsTs,1,467754
Tc4cAsTs,1,467747
7c5cAsTs,0.445,467743
8c5cAsTs,1,467754
9c5cAsTs,1,467755
8c7cAsTs,1,467752
9c7cAsTs,1,467740
Tc7cAsTs,1,467749
9c8cAsTs,1,467748
Tc8cAsTs,1,467753
Tc9cAsTs,1,467751
4h3hAsJs,1,467756
5h3hAsJs,1,467771
7h3hAsJs,1,467751
8h3hAsJs,1,467751
9h3hAsJs,1,467759
Jh3hAsJs,1,467777
3d3hAsJs,1,467753
4d3hAsJs,1,467747
5d3hAsJs,1,467751
8d3hAsJs,0.955,467758
9d3hAsJs,1,467753
3c3hAsJs,1,467753
4c3hAsJs,1,467747
5c3hAsJs,1,467751
8c3hAsJs,0.955,467758
9c3hAsJs,1,467753
5h4hAsJs,1,467750
7h4hAsJs,1,467764
8h4hAsJs,1,467751
9h4hAsJs,1,467745
Jh4hAsJs,1,467754
3d4hAsJs,1,467757
4d4hAsJs,1,467747
5d4hAsJs,1,467754
8d4hAsJs,1,467742
9d4hAsJs,0.58,467756
3c4hAsJs,1,467757
4c4hAsJs,1,467747
5c4hAsJs,1,467754
7c4hAsJs,0.795,467748
8c4hAsJs,1,467742
9c4hAsJs,0.58,467756
7h5hAsJs,1,467764
8h5hAsJs,1,467775
9h5hAsJs,1,467742
Jh5hAsJs,1,467743
3d5hAsJs,1,467744
4d5hAsJs,1,467742
5d5hAsJs,1,467756
8d5hAsJs,0.52,467755
9d5hAsJs,1,467746
3c5hAsJs,1,467744
4c5hAsJs,1,467742
5c5hAsJs,1,467756
7c5hAsJs,1,467753
8c5hAsJs,0.52,467755
9c5hAsJs,1,467746
8h7hAsJs,1,467753
9h7hAsJs,1,467751
Jh7hAsJs,1,467733
4d7hAsJs,0.375,467741
5d7hAsJs,0.47,467746
8d7hAsJs,1,467736
9d7hAsJs,1,467753
4c7hAsJs,0.375,467741
5c7hAsJs,0.47,467746
7c7hAsJs,1,467728
8c7hAsJs,1,467736
9c7hAsJs,1,467753
9h8hAsJs,1,467738
Jh8hAsJs,1,467752
2d8hAsJs,0.01,467704
3d8hAsJs,1,467755
4d8hAsJs,0.785,467748
5d8hAsJs,1,467742
8d8hAsJs,1,467741
9d8hAsJs,1,467750
2c8hAsJs,0.01,467704
3c8hAsJs,1,467755
4c8hAsJs,0.785,467748
5c8hAsJs,1,467742
7c8hAsJs,1,467719
8c8hAsJs,1,467741
9c8hAsJs,1,467750
Jh9hAsJs,1,467757
2d9hAsJs,0.98,467746
4d9hAsJs,1,467739
5d9hAsJs,0.585,467736
8d9hAsJs,1,467763
9d9hAsJs,0.945,467747
Jd9hAsJs,0.585,467763
2c9hAsJs,0.98,467746
4c9hAsJs,1,467739
5c9hAsJs,0.585,467736
7c9hAsJs,1,467749
8c9hAsJs,1,467763
9c9hAsJs,0.945,467747
Jc9hAsJs,0.585,467763
8d2dAsJs,0.0055,0
9d2dAsJs,1,467742
8c2dAsJs,0.0001,0
9c2dAsJs,1,467742
4d3dAsJs,1,467753
5d3dAsJs,1,467747
9d3dAsJs,1,467747
3c3dAsJs,0.47,467766
4c3dAsJs,1,467753
5c3dAsJs,1,467747
7c3dAsJs,0.7987,467740
9c3dAsJs,1,467747
5d4dAsJs,1,467752
8d4dAsJs,1,467746
9d4dAsJs,1,467757
Jd4dAsJs,0.235,467745
3c4dAsJs,1,467753
4c4dAsJs,1,467756
5c4dAsJs,1,467752
7c4dAsJs,1,467750
8c4dAsJs,1,467746
9c4dAsJs,1,467757
Jc4dAsJs,0.235,467745
8d5dAsJs,1,467744
9d5dAsJs,1,467749
3c5dAsJs,1,467747
4c5dAsJs,1,467752
5c5dAsJs,1,467770
7c5dAsJs,0.94,467753
8c5dAsJs,1,467744
9c5dAsJs,1,467749
9d8dAsJs,1,467746
Jd8dAsJs,0.24,467780
2c8dAsJs,0.0001,0
4c8dAsJs,1,467746
5c8dAsJs,1,467744
7c8dAsJs,1,467760
8c8dAsJs,1,467748
9c8dAsJs,1,467746
Jc8dAsJs,0.24,467780
Jd9dAsJs,1,467749
2c9dAsJs,1,467742
3c9dAsJs,1,467747
4c9dAsJs,1,467757
5c9dAsJs,1,467749
7c9dAsJs,1,467750
8c9dAsJs,1,467746
9c9dAsJs,1,467739
Jc9dAsJs,1,467749
4cJdAsJs,0.235,467745
8cJdAsJs,0.24,467780
9cJdAsJs,1,467749
8c2cAsJs,0.0055,0
9c2cAsJs,1,467742
4c3cAsJs,1,467753
5c3cAsJs,1,467747
7c3cAsJs,0.815,467740
9c3cAsJs,1,467747
5c4cAsJs,1,467752
7c4cAsJs,1,467750
8c4cAsJs,1,467746
9c4cAsJs,1,467757
Jc4cAsJs,0.235,467745
7c5cAsJs,0.94,467753
8c5cAsJs,1,467744
9c5cAsJs,1,467749
8c7cAsJs,1,467760
9c7cAsJs,1,467750
9c8cAsJs,1,467746
Jc8cAsJs,0.24,467780
Jc9cAsJs,1,467749
5dQh4hJs,0.0002,-242804
5cQh4hJs,0.0002,-242804
Ah7h3hAs,0.121,-274614
AhTh3hAs,0.1287,-267105
AdAh3hAs,0.1106,-253044
AcAh3hAs,0.1106,-253044
Qh5h4hAs,0.505,-274525
Ad7h4hAs,0.3644,-258035
Ac7h4hAs,0.3644,-258035
AhJh4hAs,0.935,-240444
AdJh4hAs,0.85,-236289
AcJh4hAs,0.85,-236289
4dAh4hAs,1,-242580
9dAh4hAs,0.1919,-261849
4cAh4hAs,1,-242580
9cAh4hAs,0.1919,-261849
7cAd4hAs,1,-212873
Ac7c4hAs,1,-212873
Ah8h5hAs,1,-205013
AhJh5hAs,0.3539,-253982
3dQh5hAs,0.1468,-171382
3cQh5hAs,0.1468,-171382
Qd3d5hAs,0.18,-271684
AdTd5hAs,0.4257,-248405
AcTd5hAs,0.4257,-248405
TcAd5hAs,0.4257,-248405
Qc3c5hAs,0.18,-271684
AcTc5hAs,0.4257,-248405
Ad9h7hAs,0.15,-275980
Ac9h7hAs,0.15,-275980
AhJh7hAs,0.1242,-249899
AhQh7hAs,0.1512,-251722
2dAh7hAs,0.0135,-269384
QdAh7hAs,0.2048,-247745
2cAh7hAs,0.0135,-269384
QcAh7hAs,0.2048,-247745
9c9d7hAs,0.0029,0
7cTd7hAs,0.0043,-254478
Tc7c7hAs,0.435,-254478
JdJh8hAs,0.0013,0
JcJh8hAs,0.0013,0
2dAh9hAs,0.2511,-256368
2cAh9hAs,0.2511,-256368
Ad3d9hAs,0.86,-245274
Ac3d9hAs,0.86,-245274
3cAd9hAs,0.86,-245274
Ac3c9hAs,0.86,-245274
4dAhJhAs,1,-230969
4cAhJhAs,1,-230969
Jd5dJhAs,0.0011,-341932
Ad5dJhAs,1,-237475
Jc5dJhAs,0.0011,-341932
Ac5dJhAs,1,-237475
5cJdJhAs,0.0011,-341932
5cAdJhAs,1,-237475
7cAdJhAs,0.555,-245666
Jc5cJhAs,0.0011,-341932
Ac5cJhAs,1,-237475
Ac7cJhAs,0.555,-245666
7c3dAhAs,1,-231912
9d8dAhAs,0.955,-237787
9c8dAhAs,0.955,-237787
8c9dAhAs,0.955,-237787
9c9dAhAs,0.0252,-295883
7c3cAhAs,1,-231912
9c8cAhAs,0.955,-237787
Ad5d3dAs,0.59,-247654
Ac5d3dAs,0.59,-247654
5cAd3dAs,0.59,-247654
Ac5c3dAs,0.59,-247654
AdJd4dAs,0.715,-250278
AcJd4dAs,0.715,-250278
7cAd4dAs,1,-231138
JcAd4dAs,0.715,-250278
Ac7c4dAs,1,-231138
AcJc4dAs,0.715,-250278
3cAd5dAs,0.59,-247654
Ac3c5dAs,0.59,-247654
4cAdJdAs,0.715,-250278
Ac4cJdAs,0.715,-250278
5c3cAdAs,0.59,-247654
7c4cAdAs,1,-231138
Jc4cAdAs,0.715,-250278
Ac5c3cAs,0.59,-247654
Ac7c4cAs,1,-231138
AcJc4cAs,0.715,-250278